id,secret_type,transformation_id,family,depth,carrier,gitleaks/default,gitleaks/decode,betterleaks/default,betterleaks/decode,trufflehog/default
sample_00001,aws_access_key_id,T0.0,control,1,python,0,0,0,0,0
sample_00002,aws_access_key_id,T0.0,control,1,python,0,0,0,0,0
sample_00003,aws_access_key_id,T0.0,control,1,python,0,0,0,0,0
sample_00004,aws_access_key_id,T0.0,control,1,python,0,0,0,0,0
sample_00005,aws_access_key_id,T0.0,control,1,python,0,0,0,0,0
sample_00006,aws_access_key_id,T0.0,control,1,python,0,0,0,0,0
sample_00007,aws_access_key_id,T0.0,control,1,python,0,0,0,0,0
sample_00008,aws_access_key_id,T0.0,control,1,python,0,0,0,0,0
sample_00009,aws_access_key_id,T0.0,control,1,python,1,1,1,1,0
sample_00010,aws_access_key_id,T0.0,control,1,python,0,0,0,0,0
sample_00011,aws_access_key_id,T0.0,control,1,python,0,0,0,0,0
sample_00012,aws_access_key_id,T0.0,control,1,python,0,0,0,0,0
sample_00013,aws_access_key_id,T0.0,control,1,python,0,0,0,0,0
sample_00014,aws_access_key_id,T0.0,control,1,python,0,0,0,0,0
sample_00015,aws_access_key_id,T0.0,control,1,python,0,0,0,0,0
sample_00016,aws_access_key_id,T0.0,control,1,python,0,0,0,0,0
sample_00017,aws_access_key_id,T0.0,control,1,python,0,0,0,0,0
sample_00018,aws_access_key_id,T0.0,control,1,python,0,0,0,0,0
sample_00019,aws_access_key_id,T0.0,control,1,python,0,0,0,0,0
sample_00020,aws_access_key_id,T0.0,control,1,python,0,0,0,0,0
sample_00021,aws_access_key_id,T0.0,control,1,python,0,0,0,0,0
sample_00022,aws_access_key_id,T0.0,control,1,python,0,0,0,0,0
sample_00023,aws_access_key_id,T0.0,control,1,python,0,0,0,0,0
sample_00024,aws_access_key_id,T0.0,control,1,python,0,0,0,0,0
sample_00025,aws_access_key_id,T0.0,control,1,python,0,0,0,0,0
sample_00026,aws_access_key_id,T0.0,control,1,python,0,0,0,0,0
sample_00027,aws_access_key_id,T0.0,control,1,python,0,0,0,0,0
sample_00028,aws_access_key_id,T0.0,control,1,python,1,1,1,1,0
sample_00029,aws_access_key_id,T0.0,control,1,python,0,0,0,0,0
sample_00030,aws_access_key_id,T0.0,control,1,python,0,0,0,0,0
sample_00031,aws_access_key_id,T0.0,control,1,dotenv,1,1,1,1,0
sample_00032,aws_access_key_id,T0.0,control,1,dotenv,0,0,0,0,0
sample_00033,aws_access_key_id,T0.0,control,1,dotenv,0,0,0,0,0
sample_00034,aws_access_key_id,T0.0,control,1,dotenv,0,0,0,0,0
sample_00035,aws_access_key_id,T0.0,control,1,dotenv,0,0,0,0,0
sample_00036,aws_access_key_id,T0.0,control,1,dotenv,0,0,0,0,0
sample_00037,aws_access_key_id,T0.0,control,1,dotenv,1,1,1,1,0
sample_00038,aws_access_key_id,T0.0,control,1,dotenv,0,0,0,0,0
sample_00039,aws_access_key_id,T0.0,control,1,dotenv,0,0,0,0,0
sample_00040,aws_access_key_id,T0.0,control,1,dotenv,0,0,0,0,0
sample_00041,aws_access_key_id,T0.0,control,1,dotenv,0,0,0,0,0
sample_00042,aws_access_key_id,T0.0,control,1,dotenv,0,0,0,0,0
sample_00043,aws_access_key_id,T0.0,control,1,dotenv,0,0,0,0,0
sample_00044,aws_access_key_id,T0.0,control,1,dotenv,0,0,0,0,0
sample_00045,aws_access_key_id,T0.0,control,1,dotenv,0,0,0,0,0
sample_00046,aws_access_key_id,T0.0,control,1,dotenv,0,0,0,0,0
sample_00047,aws_access_key_id,T0.0,control,1,dotenv,0,0,0,0,0
sample_00048,aws_access_key_id,T0.0,control,1,dotenv,0,0,0,0,0
sample_00049,aws_access_key_id,T0.0,control,1,dotenv,0,0,0,0,0
sample_00050,aws_access_key_id,T0.0,control,1,dotenv,0,0,0,0,0
sample_00051,aws_access_key_id,T0.0,control,1,dotenv,0,0,0,0,0
sample_00052,aws_access_key_id,T0.0,control,1,dotenv,0,0,0,0,0
sample_00053,aws_access_key_id,T0.0,control,1,dotenv,0,0,0,0,0
sample_00054,aws_access_key_id,T0.0,control,1,dotenv,0,0,0,0,0
sample_00055,aws_access_key_id,T0.0,control,1,dotenv,0,0,0,0,0
sample_00056,aws_access_key_id,T0.0,control,1,dotenv,1,1,1,1,0
sample_00057,aws_access_key_id,T0.0,control,1,dotenv,0,0,0,0,0
sample_00058,aws_access_key_id,T0.0,control,1,dotenv,0,0,0,0,0
sample_00059,aws_access_key_id,T0.0,control,1,dotenv,0,0,0,0,0
sample_00060,aws_access_key_id,T0.0,control,1,dotenv,0,0,0,0,0
sample_00061,aws_access_key_id,T0.0,control,1,yaml,0,0,0,0,0
sample_00062,aws_access_key_id,T0.0,control,1,yaml,0,0,0,0,0
sample_00063,aws_access_key_id,T0.0,control,1,yaml,0,0,0,0,0
sample_00064,aws_access_key_id,T0.0,control,1,yaml,1,1,1,1,0
sample_00065,aws_access_key_id,T0.0,control,1,yaml,0,0,0,0,0
sample_00066,aws_access_key_id,T0.0,control,1,yaml,0,0,0,0,0
sample_00067,aws_access_key_id,T0.0,control,1,yaml,0,0,0,0,0
sample_00068,aws_access_key_id,T0.0,control,1,yaml,0,0,0,0,0
sample_00069,aws_access_key_id,T0.0,control,1,yaml,0,0,0,0,0
sample_00070,aws_access_key_id,T0.0,control,1,yaml,0,0,0,0,0
sample_00071,aws_access_key_id,T0.0,control,1,yaml,1,1,1,1,0
sample_00072,aws_access_key_id,T0.0,control,1,yaml,0,0,0,0,0
sample_00073,aws_access_key_id,T0.0,control,1,yaml,0,0,0,0,0
sample_00074,aws_access_key_id,T0.0,control,1,yaml,0,0,0,0,0
sample_00075,aws_access_key_id,T0.0,control,1,yaml,0,0,0,0,0
sample_00076,aws_access_key_id,T0.0,control,1,yaml,1,1,1,1,0
sample_00077,aws_access_key_id,T0.0,control,1,yaml,0,0,0,0,0
sample_00078,aws_access_key_id,T0.0,control,1,yaml,0,0,0,0,0
sample_00079,aws_access_key_id,T0.0,control,1,yaml,1,1,1,1,0
sample_00080,aws_access_key_id,T0.0,control,1,yaml,0,0,0,0,0
sample_00081,aws_access_key_id,T0.0,control,1,yaml,0,0,0,0,0
sample_00082,aws_access_key_id,T0.0,control,1,yaml,0,0,0,0,0
sample_00083,aws_access_key_id,T0.0,control,1,yaml,0,0,0,0,0
sample_00084,aws_access_key_id,T0.0,control,1,yaml,0,0,0,0,0
sample_00085,aws_access_key_id,T0.0,control,1,yaml,0,0,0,0,0
sample_00086,aws_access_key_id,T0.0,control,1,yaml,0,0,0,0,0
sample_00087,aws_access_key_id,T0.0,control,1,yaml,0,0,0,0,0
sample_00088,aws_access_key_id,T0.0,control,1,yaml,0,0,0,0,0
sample_00089,aws_access_key_id,T0.0,control,1,yaml,0,0,0,0,0
sample_00090,aws_access_key_id,T0.0,control,1,yaml,1,1,1,1,0
sample_00091,aws_access_key_id,T1.1,encoding,1,python,0,1,0,1,0
sample_00092,aws_access_key_id,T1.1,encoding,1,python,0,1,0,1,0
sample_00093,aws_access_key_id,T1.1,encoding,1,python,0,0,0,0,0
sample_00094,aws_access_key_id,T1.1,encoding,1,python,0,0,0,0,0
sample_00095,aws_access_key_id,T1.1,encoding,1,python,0,0,0,0,0
sample_00096,aws_access_key_id,T1.1,encoding,1,python,0,0,0,0,0
sample_00097,aws_access_key_id,T1.1,encoding,1,python,0,0,0,0,0
sample_00098,aws_access_key_id,T1.1,encoding,1,python,0,0,0,0,0
sample_00099,aws_access_key_id,T1.1,encoding,1,python,0,0,0,0,0
sample_00100,aws_access_key_id,T1.1,encoding,1,python,0,0,0,0,0
sample_00101,aws_access_key_id,T1.1,encoding,1,python,0,0,0,0,0
sample_00102,aws_access_key_id,T1.1,encoding,1,python,0,0,0,0,0
sample_00103,aws_access_key_id,T1.1,encoding,1,python,0,0,0,0,0
sample_00104,aws_access_key_id,T1.1,encoding,1,python,0,0,0,0,0
sample_00105,aws_access_key_id,T1.1,encoding,1,python,0,0,0,0,0
sample_00106,aws_access_key_id,T1.1,encoding,1,python,0,0,0,0,0
sample_00107,aws_access_key_id,T1.1,encoding,1,python,0,0,0,0,0
sample_00108,aws_access_key_id,T1.1,encoding,1,python,0,0,0,0,0
sample_00109,aws_access_key_id,T1.1,encoding,1,python,0,0,0,0,0
sample_00110,aws_access_key_id,T1.1,encoding,1,python,0,0,0,0,0
sample_00111,aws_access_key_id,T1.1,encoding,1,python,0,1,0,1,0
sample_00112,aws_access_key_id,T1.1,encoding,1,python,0,0,0,0,0
sample_00113,aws_access_key_id,T1.1,encoding,1,python,0,0,0,0,0
sample_00114,aws_access_key_id,T1.1,encoding,1,python,0,0,0,0,0
sample_00115,aws_access_key_id,T1.1,encoding,1,python,0,0,0,0,0
sample_00116,aws_access_key_id,T1.1,encoding,1,python,0,0,0,0,0
sample_00117,aws_access_key_id,T1.1,encoding,1,python,0,0,0,0,0
sample_00118,aws_access_key_id,T1.1,encoding,1,python,0,0,0,0,0
sample_00119,aws_access_key_id,T1.1,encoding,1,python,0,0,0,0,0
sample_00120,aws_access_key_id,T1.1,encoding,1,python,0,0,0,0,0
sample_00121,aws_access_key_id,T1.1,encoding,1,dotenv,0,0,0,0,0
sample_00122,aws_access_key_id,T1.1,encoding,1,dotenv,0,0,0,0,0
sample_00123,aws_access_key_id,T1.1,encoding,1,dotenv,0,1,0,1,0
sample_00124,aws_access_key_id,T1.1,encoding,1,dotenv,0,0,0,0,0
sample_00125,aws_access_key_id,T1.1,encoding,1,dotenv,0,0,0,0,0
sample_00126,aws_access_key_id,T1.1,encoding,1,dotenv,0,0,0,0,0
sample_00127,aws_access_key_id,T1.1,encoding,1,dotenv,0,0,0,0,0
sample_00128,aws_access_key_id,T1.1,encoding,1,dotenv,0,0,0,0,0
sample_00129,aws_access_key_id,T1.1,encoding,1,dotenv,0,0,0,0,0
sample_00130,aws_access_key_id,T1.1,encoding,1,dotenv,0,0,0,0,0
sample_00131,aws_access_key_id,T1.1,encoding,1,dotenv,0,0,0,0,0
sample_00132,aws_access_key_id,T1.1,encoding,1,dotenv,0,0,0,0,0
sample_00133,aws_access_key_id,T1.1,encoding,1,dotenv,0,0,0,0,0
sample_00134,aws_access_key_id,T1.1,encoding,1,dotenv,0,0,0,0,0
sample_00135,aws_access_key_id,T1.1,encoding,1,dotenv,0,0,0,0,0
sample_00136,aws_access_key_id,T1.1,encoding,1,dotenv,0,0,0,0,0
sample_00137,aws_access_key_id,T1.1,encoding,1,dotenv,0,1,0,1,0
sample_00138,aws_access_key_id,T1.1,encoding,1,dotenv,0,0,0,0,0
sample_00139,aws_access_key_id,T1.1,encoding,1,dotenv,0,0,0,0,0
sample_00140,aws_access_key_id,T1.1,encoding,1,dotenv,0,0,0,0,0
sample_00141,aws_access_key_id,T1.1,encoding,1,dotenv,0,0,0,0,0
sample_00142,aws_access_key_id,T1.1,encoding,1,dotenv,0,0,0,0,0
sample_00143,aws_access_key_id,T1.1,encoding,1,dotenv,0,0,0,0,0
sample_00144,aws_access_key_id,T1.1,encoding,1,dotenv,0,0,0,0,0
sample_00145,aws_access_key_id,T1.1,encoding,1,dotenv,0,0,0,0,0
sample_00146,aws_access_key_id,T1.1,encoding,1,dotenv,0,0,0,0,0
sample_00147,aws_access_key_id,T1.1,encoding,1,dotenv,0,0,0,0,0
sample_00148,aws_access_key_id,T1.1,encoding,1,dotenv,0,0,0,0,0
sample_00149,aws_access_key_id,T1.1,encoding,1,dotenv,0,0,0,0,0
sample_00150,aws_access_key_id,T1.1,encoding,1,dotenv,0,0,0,0,0
sample_00151,aws_access_key_id,T1.1,encoding,1,yaml,0,0,0,0,0
sample_00152,aws_access_key_id,T1.1,encoding,1,yaml,0,0,0,0,0
sample_00153,aws_access_key_id,T1.1,encoding,1,yaml,0,0,0,0,0
sample_00154,aws_access_key_id,T1.1,encoding,1,yaml,0,0,0,0,0
sample_00155,aws_access_key_id,T1.1,encoding,1,yaml,0,0,0,0,0
sample_00156,aws_access_key_id,T1.1,encoding,1,yaml,0,0,0,0,0
sample_00157,aws_access_key_id,T1.1,encoding,1,yaml,0,1,0,1,0
sample_00158,aws_access_key_id,T1.1,encoding,1,yaml,0,1,0,1,0
sample_00159,aws_access_key_id,T1.1,encoding,1,yaml,0,0,0,0,0
sample_00160,aws_access_key_id,T1.1,encoding,1,yaml,0,0,0,0,0
sample_00161,aws_access_key_id,T1.1,encoding,1,yaml,0,0,0,0,0
sample_00162,aws_access_key_id,T1.1,encoding,1,yaml,0,0,0,0,0
sample_00163,aws_access_key_id,T1.1,encoding,1,yaml,0,0,0,0,0
sample_00164,aws_access_key_id,T1.1,encoding,1,yaml,0,0,0,0,0
sample_00165,aws_access_key_id,T1.1,encoding,1,yaml,0,1,0,1,0
sample_00166,aws_access_key_id,T1.1,encoding,1,yaml,0,0,0,0,0
sample_00167,aws_access_key_id,T1.1,encoding,1,yaml,0,0,0,0,0
sample_00168,aws_access_key_id,T1.1,encoding,1,yaml,0,0,0,0,0
sample_00169,aws_access_key_id,T1.1,encoding,1,yaml,0,0,0,0,0
sample_00170,aws_access_key_id,T1.1,encoding,1,yaml,0,1,0,1,0
sample_00171,aws_access_key_id,T1.1,encoding,1,yaml,0,0,0,0,0
sample_00172,aws_access_key_id,T1.1,encoding,1,yaml,0,0,0,0,0
sample_00173,aws_access_key_id,T1.1,encoding,1,yaml,0,0,0,0,0
sample_00174,aws_access_key_id,T1.1,encoding,1,yaml,0,0,0,0,0
sample_00175,aws_access_key_id,T1.1,encoding,1,yaml,0,0,0,0,0
sample_00176,aws_access_key_id,T1.1,encoding,1,yaml,0,0,0,0,0
sample_00177,aws_access_key_id,T1.1,encoding,1,yaml,0,0,0,0,0
sample_00178,aws_access_key_id,T1.1,encoding,1,yaml,0,1,0,1,0
sample_00179,aws_access_key_id,T1.1,encoding,1,yaml,0,0,0,0,0
sample_00180,aws_access_key_id,T1.1,encoding,1,yaml,0,0,0,0,0
sample_00181,aws_access_key_id,T1.2,encoding,1,python,0,0,0,0,0
sample_00182,aws_access_key_id,T1.2,encoding,1,python,0,0,0,0,0
sample_00183,aws_access_key_id,T1.2,encoding,1,python,0,0,0,0,0
sample_00184,aws_access_key_id,T1.2,encoding,1,python,0,0,0,0,0
sample_00185,aws_access_key_id,T1.2,encoding,1,python,0,0,0,0,0
sample_00186,aws_access_key_id,T1.2,encoding,1,python,0,0,0,0,0
sample_00187,aws_access_key_id,T1.2,encoding,1,python,0,0,0,0,0
sample_00188,aws_access_key_id,T1.2,encoding,1,python,0,0,0,0,0
sample_00189,aws_access_key_id,T1.2,encoding,1,python,0,0,0,0,0
sample_00190,aws_access_key_id,T1.2,encoding,1,python,0,0,0,0,0
sample_00191,aws_access_key_id,T1.2,encoding,1,python,0,0,0,0,0
sample_00192,aws_access_key_id,T1.2,encoding,1,python,0,0,0,0,0
sample_00193,aws_access_key_id,T1.2,encoding,1,python,0,0,0,0,0
sample_00194,aws_access_key_id,T1.2,encoding,1,python,0,0,0,0,0
sample_00195,aws_access_key_id,T1.2,encoding,1,python,0,0,0,0,0
sample_00196,aws_access_key_id,T1.2,encoding,1,python,0,0,0,0,0
sample_00197,aws_access_key_id,T1.2,encoding,1,python,0,0,0,0,0
sample_00198,aws_access_key_id,T1.2,encoding,1,python,0,0,0,0,0
sample_00199,aws_access_key_id,T1.2,encoding,1,python,0,0,0,0,0
sample_00200,aws_access_key_id,T1.2,encoding,1,python,0,0,0,0,0
sample_00201,aws_access_key_id,T1.2,encoding,1,python,0,0,0,0,0
sample_00202,aws_access_key_id,T1.2,encoding,1,python,0,0,0,0,0
sample_00203,aws_access_key_id,T1.2,encoding,1,python,0,0,0,0,0
sample_00204,aws_access_key_id,T1.2,encoding,1,python,0,0,0,0,0
sample_00205,aws_access_key_id,T1.2,encoding,1,python,0,0,0,0,0
sample_00206,aws_access_key_id,T1.2,encoding,1,python,0,0,0,0,0
sample_00207,aws_access_key_id,T1.2,encoding,1,python,0,0,0,0,0
sample_00208,aws_access_key_id,T1.2,encoding,1,python,0,0,0,0,0
sample_00209,aws_access_key_id,T1.2,encoding,1,python,0,0,0,0,0
sample_00210,aws_access_key_id,T1.2,encoding,1,python,0,0,0,0,0
sample_00211,aws_access_key_id,T1.2,encoding,1,dotenv,0,0,0,0,1
sample_00212,aws_access_key_id,T1.2,encoding,1,dotenv,0,0,0,0,1
sample_00213,aws_access_key_id,T1.2,encoding,1,dotenv,0,0,0,0,1
sample_00214,aws_access_key_id,T1.2,encoding,1,dotenv,0,0,0,0,1
sample_00215,aws_access_key_id,T1.2,encoding,1,dotenv,0,0,0,0,1
sample_00216,aws_access_key_id,T1.2,encoding,1,dotenv,0,0,0,0,1
sample_00217,aws_access_key_id,T1.2,encoding,1,dotenv,0,0,0,0,1
sample_00218,aws_access_key_id,T1.2,encoding,1,dotenv,0,0,0,0,1
sample_00219,aws_access_key_id,T1.2,encoding,1,dotenv,0,0,0,0,1
sample_00220,aws_access_key_id,T1.2,encoding,1,dotenv,0,0,0,0,1
sample_00221,aws_access_key_id,T1.2,encoding,1,dotenv,0,0,0,0,1
sample_00222,aws_access_key_id,T1.2,encoding,1,dotenv,0,0,0,0,1
sample_00223,aws_access_key_id,T1.2,encoding,1,dotenv,0,0,0,0,1
sample_00224,aws_access_key_id,T1.2,encoding,1,dotenv,0,0,0,0,1
sample_00225,aws_access_key_id,T1.2,encoding,1,dotenv,0,0,0,0,1
sample_00226,aws_access_key_id,T1.2,encoding,1,dotenv,0,0,0,0,1
sample_00227,aws_access_key_id,T1.2,encoding,1,dotenv,0,0,0,0,1
sample_00228,aws_access_key_id,T1.2,encoding,1,dotenv,0,0,0,0,1
sample_00229,aws_access_key_id,T1.2,encoding,1,dotenv,0,0,0,0,1
sample_00230,aws_access_key_id,T1.2,encoding,1,dotenv,0,0,0,0,1
sample_00231,aws_access_key_id,T1.2,encoding,1,dotenv,0,0,0,0,1
sample_00232,aws_access_key_id,T1.2,encoding,1,dotenv,0,0,0,0,1
sample_00233,aws_access_key_id,T1.2,encoding,1,dotenv,0,0,0,0,1
sample_00234,aws_access_key_id,T1.2,encoding,1,dotenv,0,0,0,0,1
sample_00235,aws_access_key_id,T1.2,encoding,1,dotenv,0,0,0,0,1
sample_00236,aws_access_key_id,T1.2,encoding,1,dotenv,0,0,0,0,1
sample_00237,aws_access_key_id,T1.2,encoding,1,dotenv,0,0,0,0,1
sample_00238,aws_access_key_id,T1.2,encoding,1,dotenv,0,0,0,0,1
sample_00239,aws_access_key_id,T1.2,encoding,1,dotenv,0,0,0,0,1
sample_00240,aws_access_key_id,T1.2,encoding,1,dotenv,0,0,0,0,1
sample_00241,aws_access_key_id,T1.2,encoding,1,yaml,0,0,0,0,1
sample_00242,aws_access_key_id,T1.2,encoding,1,yaml,0,0,0,0,1
sample_00243,aws_access_key_id,T1.2,encoding,1,yaml,0,0,0,0,1
sample_00244,aws_access_key_id,T1.2,encoding,1,yaml,0,0,0,0,1
sample_00245,aws_access_key_id,T1.2,encoding,1,yaml,0,0,0,0,1
sample_00246,aws_access_key_id,T1.2,encoding,1,yaml,0,0,0,0,0
sample_00247,aws_access_key_id,T1.2,encoding,1,yaml,0,0,0,0,1
sample_00248,aws_access_key_id,T1.2,encoding,1,yaml,0,0,0,0,1
sample_00249,aws_access_key_id,T1.2,encoding,1,yaml,0,0,0,0,1
sample_00250,aws_access_key_id,T1.2,encoding,1,yaml,0,0,0,0,1
sample_00251,aws_access_key_id,T1.2,encoding,1,yaml,0,0,0,0,1
sample_00252,aws_access_key_id,T1.2,encoding,1,yaml,0,0,0,0,1
sample_00253,aws_access_key_id,T1.2,encoding,1,yaml,0,0,0,0,1
sample_00254,aws_access_key_id,T1.2,encoding,1,yaml,0,0,0,0,1
sample_00255,aws_access_key_id,T1.2,encoding,1,yaml,0,0,0,0,1
sample_00256,aws_access_key_id,T1.2,encoding,1,yaml,0,0,0,0,1
sample_00257,aws_access_key_id,T1.2,encoding,1,yaml,0,0,0,0,1
sample_00258,aws_access_key_id,T1.2,encoding,1,yaml,0,0,0,0,1
sample_00259,aws_access_key_id,T1.2,encoding,1,yaml,0,0,0,0,1
sample_00260,aws_access_key_id,T1.2,encoding,1,yaml,0,0,0,0,1
sample_00261,aws_access_key_id,T1.2,encoding,1,yaml,0,0,0,0,1
sample_00262,aws_access_key_id,T1.2,encoding,1,yaml,0,0,0,0,1
sample_00263,aws_access_key_id,T1.2,encoding,1,yaml,0,0,0,0,1
sample_00264,aws_access_key_id,T1.2,encoding,1,yaml,0,0,0,0,1
sample_00265,aws_access_key_id,T1.2,encoding,1,yaml,0,0,0,0,1
sample_00266,aws_access_key_id,T1.2,encoding,1,yaml,0,0,0,0,1
sample_00267,aws_access_key_id,T1.2,encoding,1,yaml,0,0,0,0,1
sample_00268,aws_access_key_id,T1.2,encoding,1,yaml,0,0,0,0,1
sample_00269,aws_access_key_id,T1.2,encoding,1,yaml,0,0,0,0,1
sample_00270,aws_access_key_id,T1.2,encoding,1,yaml,0,0,0,0,1
sample_00271,aws_access_key_id,T1.3,encoding,1,python,0,0,0,0,0
sample_00272,aws_access_key_id,T1.3,encoding,1,python,0,0,0,0,0
sample_00273,aws_access_key_id,T1.3,encoding,1,python,0,0,0,0,0
sample_00274,aws_access_key_id,T1.3,encoding,1,python,0,0,0,0,0
sample_00275,aws_access_key_id,T1.3,encoding,1,python,0,0,0,0,0
sample_00276,aws_access_key_id,T1.3,encoding,1,python,0,0,0,0,0
sample_00277,aws_access_key_id,T1.3,encoding,1,python,0,0,0,0,0
sample_00278,aws_access_key_id,T1.3,encoding,1,python,0,0,0,0,0
sample_00279,aws_access_key_id,T1.3,encoding,1,python,0,0,0,0,0
sample_00280,aws_access_key_id,T1.3,encoding,1,python,0,0,0,0,0
sample_00281,aws_access_key_id,T1.3,encoding,1,python,0,0,0,0,0
sample_00282,aws_access_key_id,T1.3,encoding,1,python,0,0,0,0,0
sample_00283,aws_access_key_id,T1.3,encoding,1,python,0,0,0,0,0
sample_00284,aws_access_key_id,T1.3,encoding,1,python,0,0,0,0,0
sample_00285,aws_access_key_id,T1.3,encoding,1,python,0,0,0,0,0
sample_00286,aws_access_key_id,T1.3,encoding,1,python,0,0,0,0,0
sample_00287,aws_access_key_id,T1.3,encoding,1,python,0,0,0,0,0
sample_00288,aws_access_key_id,T1.3,encoding,1,python,0,0,0,0,0
sample_00289,aws_access_key_id,T1.3,encoding,1,python,0,0,0,0,0
sample_00290,aws_access_key_id,T1.3,encoding,1,python,0,0,0,0,0
sample_00291,aws_access_key_id,T1.3,encoding,1,python,0,0,0,0,0
sample_00292,aws_access_key_id,T1.3,encoding,1,python,0,0,0,0,0
sample_00293,aws_access_key_id,T1.3,encoding,1,python,0,0,0,0,0
sample_00294,aws_access_key_id,T1.3,encoding,1,python,0,0,0,0,0
sample_00295,aws_access_key_id,T1.3,encoding,1,python,0,0,0,0,0
sample_00296,aws_access_key_id,T1.3,encoding,1,python,0,0,0,0,0
sample_00297,aws_access_key_id,T1.3,encoding,1,python,0,0,0,0,0
sample_00298,aws_access_key_id,T1.3,encoding,1,python,0,0,0,0,0
sample_00299,aws_access_key_id,T1.3,encoding,1,python,0,0,0,0,0
sample_00300,aws_access_key_id,T1.3,encoding,1,python,0,0,0,0,0
sample_00301,aws_access_key_id,T1.3,encoding,1,dotenv,0,0,0,0,0
sample_00302,aws_access_key_id,T1.3,encoding,1,dotenv,0,0,0,0,0
sample_00303,aws_access_key_id,T1.3,encoding,1,dotenv,0,0,0,0,0
sample_00304,aws_access_key_id,T1.3,encoding,1,dotenv,0,0,0,0,0
sample_00305,aws_access_key_id,T1.3,encoding,1,dotenv,0,0,0,0,0
sample_00306,aws_access_key_id,T1.3,encoding,1,dotenv,0,0,0,0,0
sample_00307,aws_access_key_id,T1.3,encoding,1,dotenv,0,0,0,0,0
sample_00308,aws_access_key_id,T1.3,encoding,1,dotenv,0,0,0,0,0
sample_00309,aws_access_key_id,T1.3,encoding,1,dotenv,0,0,0,0,0
sample_00310,aws_access_key_id,T1.3,encoding,1,dotenv,0,0,0,0,0
sample_00311,aws_access_key_id,T1.3,encoding,1,dotenv,0,0,0,0,0
sample_00312,aws_access_key_id,T1.3,encoding,1,dotenv,0,0,0,0,0
sample_00313,aws_access_key_id,T1.3,encoding,1,dotenv,0,0,0,0,0
sample_00314,aws_access_key_id,T1.3,encoding,1,dotenv,0,0,0,0,0
sample_00315,aws_access_key_id,T1.3,encoding,1,dotenv,0,0,0,0,0
sample_00316,aws_access_key_id,T1.3,encoding,1,dotenv,0,0,0,0,0
sample_00317,aws_access_key_id,T1.3,encoding,1,dotenv,0,0,0,0,0
sample_00318,aws_access_key_id,T1.3,encoding,1,dotenv,0,0,0,0,0
sample_00319,aws_access_key_id,T1.3,encoding,1,dotenv,0,0,0,0,0
sample_00320,aws_access_key_id,T1.3,encoding,1,dotenv,0,0,0,0,0
sample_00321,aws_access_key_id,T1.3,encoding,1,dotenv,0,0,0,0,0
sample_00322,aws_access_key_id,T1.3,encoding,1,dotenv,0,0,0,0,0
sample_00323,aws_access_key_id,T1.3,encoding,1,dotenv,0,0,0,0,0
sample_00324,aws_access_key_id,T1.3,encoding,1,dotenv,0,0,0,0,0
sample_00325,aws_access_key_id,T1.3,encoding,1,dotenv,0,0,0,0,0
sample_00326,aws_access_key_id,T1.3,encoding,1,dotenv,0,0,0,0,0
sample_00327,aws_access_key_id,T1.3,encoding,1,dotenv,0,0,0,0,0
sample_00328,aws_access_key_id,T1.3,encoding,1,dotenv,0,0,0,0,0
sample_00329,aws_access_key_id,T1.3,encoding,1,dotenv,0,0,0,0,0
sample_00330,aws_access_key_id,T1.3,encoding,1,dotenv,0,0,0,0,0
sample_00331,aws_access_key_id,T1.3,encoding,1,yaml,0,0,0,0,0
sample_00332,aws_access_key_id,T1.3,encoding,1,yaml,0,0,0,0,0
sample_00333,aws_access_key_id,T1.3,encoding,1,yaml,0,0,0,0,0
sample_00334,aws_access_key_id,T1.3,encoding,1,yaml,0,0,0,0,0
sample_00335,aws_access_key_id,T1.3,encoding,1,yaml,0,0,0,0,0
sample_00336,aws_access_key_id,T1.3,encoding,1,yaml,0,0,0,0,0
sample_00337,aws_access_key_id,T1.3,encoding,1,yaml,0,0,0,0,0
sample_00338,aws_access_key_id,T1.3,encoding,1,yaml,0,0,0,0,0
sample_00339,aws_access_key_id,T1.3,encoding,1,yaml,0,0,0,0,0
sample_00340,aws_access_key_id,T1.3,encoding,1,yaml,0,0,0,0,0
sample_00341,aws_access_key_id,T1.3,encoding,1,yaml,0,0,0,0,0
sample_00342,aws_access_key_id,T1.3,encoding,1,yaml,0,0,0,0,0
sample_00343,aws_access_key_id,T1.3,encoding,1,yaml,0,0,0,0,0
sample_00344,aws_access_key_id,T1.3,encoding,1,yaml,0,0,0,0,0
sample_00345,aws_access_key_id,T1.3,encoding,1,yaml,0,0,0,0,0
sample_00346,aws_access_key_id,T1.3,encoding,1,yaml,0,0,0,0,0
sample_00347,aws_access_key_id,T1.3,encoding,1,yaml,0,0,0,0,0
sample_00348,aws_access_key_id,T1.3,encoding,1,yaml,0,0,0,0,0
sample_00349,aws_access_key_id,T1.3,encoding,1,yaml,0,0,0,0,0
sample_00350,aws_access_key_id,T1.3,encoding,1,yaml,0,0,0,0,0
sample_00351,aws_access_key_id,T1.3,encoding,1,yaml,0,0,0,0,0
sample_00352,aws_access_key_id,T1.3,encoding,1,yaml,0,0,0,0,0
sample_00353,aws_access_key_id,T1.3,encoding,1,yaml,0,0,0,0,0
sample_00354,aws_access_key_id,T1.3,encoding,1,yaml,0,0,0,0,0
sample_00355,aws_access_key_id,T1.3,encoding,1,yaml,0,0,0,0,0
sample_00356,aws_access_key_id,T1.3,encoding,1,yaml,0,0,0,0,0
sample_00357,aws_access_key_id,T1.3,encoding,1,yaml,0,0,0,0,0
sample_00358,aws_access_key_id,T1.3,encoding,1,yaml,0,0,0,0,0
sample_00359,aws_access_key_id,T1.3,encoding,1,yaml,0,0,0,0,0
sample_00360,aws_access_key_id,T1.3,encoding,1,yaml,0,0,0,0,0
sample_00361,aws_access_key_id,T1.4,encoding,1,python,0,0,0,0,0
sample_00362,aws_access_key_id,T1.4,encoding,1,python,0,0,0,0,0
sample_00363,aws_access_key_id,T1.4,encoding,1,python,0,0,0,0,0
sample_00364,aws_access_key_id,T1.4,encoding,1,python,0,0,0,0,0
sample_00365,aws_access_key_id,T1.4,encoding,1,python,0,0,0,0,0
sample_00366,aws_access_key_id,T1.4,encoding,1,python,0,0,0,0,0
sample_00367,aws_access_key_id,T1.4,encoding,1,python,0,0,0,0,0
sample_00368,aws_access_key_id,T1.4,encoding,1,python,0,0,0,0,0
sample_00369,aws_access_key_id,T1.4,encoding,1,python,0,0,0,0,0
sample_00370,aws_access_key_id,T1.4,encoding,1,python,0,0,0,0,0
sample_00371,aws_access_key_id,T1.4,encoding,1,python,0,0,0,0,0
sample_00372,aws_access_key_id,T1.4,encoding,1,python,0,0,0,0,0
sample_00373,aws_access_key_id,T1.4,encoding,1,python,0,0,0,0,0
sample_00374,aws_access_key_id,T1.4,encoding,1,python,0,1,0,1,0
sample_00375,aws_access_key_id,T1.4,encoding,1,python,0,0,0,0,0
sample_00376,aws_access_key_id,T1.4,encoding,1,python,0,0,0,0,0
sample_00377,aws_access_key_id,T1.4,encoding,1,python,0,0,0,0,0
sample_00378,aws_access_key_id,T1.4,encoding,1,python,0,0,0,0,0
sample_00379,aws_access_key_id,T1.4,encoding,1,python,0,0,0,0,0
sample_00380,aws_access_key_id,T1.4,encoding,1,python,0,0,0,0,0
sample_00381,aws_access_key_id,T1.4,encoding,1,python,0,0,0,0,0
sample_00382,aws_access_key_id,T1.4,encoding,1,python,0,1,0,1,0
sample_00383,aws_access_key_id,T1.4,encoding,1,python,0,1,0,1,0
sample_00384,aws_access_key_id,T1.4,encoding,1,python,0,0,0,0,0
sample_00385,aws_access_key_id,T1.4,encoding,1,python,0,0,0,0,0
sample_00386,aws_access_key_id,T1.4,encoding,1,python,0,0,0,0,0
sample_00387,aws_access_key_id,T1.4,encoding,1,python,0,0,0,0,0
sample_00388,aws_access_key_id,T1.4,encoding,1,python,0,0,0,0,0
sample_00389,aws_access_key_id,T1.4,encoding,1,python,0,0,0,0,0
sample_00390,aws_access_key_id,T1.4,encoding,1,python,0,1,0,1,0
sample_00391,aws_access_key_id,T1.4,encoding,1,dotenv,0,0,0,0,0
sample_00392,aws_access_key_id,T1.4,encoding,1,dotenv,0,0,0,0,0
sample_00393,aws_access_key_id,T1.4,encoding,1,dotenv,0,0,0,0,0
sample_00394,aws_access_key_id,T1.4,encoding,1,dotenv,0,0,0,0,0
sample_00395,aws_access_key_id,T1.4,encoding,1,dotenv,0,0,0,0,0
sample_00396,aws_access_key_id,T1.4,encoding,1,dotenv,0,0,0,0,0
sample_00397,aws_access_key_id,T1.4,encoding,1,dotenv,0,0,0,0,0
sample_00398,aws_access_key_id,T1.4,encoding,1,dotenv,0,0,0,0,0
sample_00399,aws_access_key_id,T1.4,encoding,1,dotenv,0,0,0,0,0
sample_00400,aws_access_key_id,T1.4,encoding,1,dotenv,0,0,0,0,0
sample_00401,aws_access_key_id,T1.4,encoding,1,dotenv,0,0,0,0,0
sample_00402,aws_access_key_id,T1.4,encoding,1,dotenv,0,1,0,1,0
sample_00403,aws_access_key_id,T1.4,encoding,1,dotenv,0,0,0,0,0
sample_00404,aws_access_key_id,T1.4,encoding,1,dotenv,0,0,0,0,0
sample_00405,aws_access_key_id,T1.4,encoding,1,dotenv,0,0,0,0,0
sample_00406,aws_access_key_id,T1.4,encoding,1,dotenv,0,0,0,0,0
sample_00407,aws_access_key_id,T1.4,encoding,1,dotenv,0,1,0,1,0
sample_00408,aws_access_key_id,T1.4,encoding,1,dotenv,0,0,0,0,0
sample_00409,aws_access_key_id,T1.4,encoding,1,dotenv,0,1,0,1,0
sample_00410,aws_access_key_id,T1.4,encoding,1,dotenv,0,0,0,0,0
sample_00411,aws_access_key_id,T1.4,encoding,1,dotenv,0,0,0,0,0
sample_00412,aws_access_key_id,T1.4,encoding,1,dotenv,0,1,0,1,0
sample_00413,aws_access_key_id,T1.4,encoding,1,dotenv,0,1,0,1,0
sample_00414,aws_access_key_id,T1.4,encoding,1,dotenv,0,0,0,0,0
sample_00415,aws_access_key_id,T1.4,encoding,1,dotenv,0,0,0,0,0
sample_00416,aws_access_key_id,T1.4,encoding,1,dotenv,0,0,0,0,0
sample_00417,aws_access_key_id,T1.4,encoding,1,dotenv,0,0,0,0,0
sample_00418,aws_access_key_id,T1.4,encoding,1,dotenv,0,0,0,0,0
sample_00419,aws_access_key_id,T1.4,encoding,1,dotenv,0,0,0,0,0
sample_00420,aws_access_key_id,T1.4,encoding,1,dotenv,0,0,0,0,0
sample_00421,aws_access_key_id,T1.4,encoding,1,yaml,0,1,0,1,0
sample_00422,aws_access_key_id,T1.4,encoding,1,yaml,0,0,0,0,0
sample_00423,aws_access_key_id,T1.4,encoding,1,yaml,0,1,0,1,0
sample_00424,aws_access_key_id,T1.4,encoding,1,yaml,0,0,0,0,0
sample_00425,aws_access_key_id,T1.4,encoding,1,yaml,0,0,0,0,0
sample_00426,aws_access_key_id,T1.4,encoding,1,yaml,0,0,0,0,0
sample_00427,aws_access_key_id,T1.4,encoding,1,yaml,0,0,0,0,0
sample_00428,aws_access_key_id,T1.4,encoding,1,yaml,0,0,0,0,0
sample_00429,aws_access_key_id,T1.4,encoding,1,yaml,0,0,0,0,0
sample_00430,aws_access_key_id,T1.4,encoding,1,yaml,0,0,0,0,0
sample_00431,aws_access_key_id,T1.4,encoding,1,yaml,0,0,0,0,0
sample_00432,aws_access_key_id,T1.4,encoding,1,yaml,0,0,0,0,0
sample_00433,aws_access_key_id,T1.4,encoding,1,yaml,0,0,0,0,0
sample_00434,aws_access_key_id,T1.4,encoding,1,yaml,0,0,0,0,0
sample_00435,aws_access_key_id,T1.4,encoding,1,yaml,0,1,0,1,0
sample_00436,aws_access_key_id,T1.4,encoding,1,yaml,0,0,0,0,0
sample_00437,aws_access_key_id,T1.4,encoding,1,yaml,0,0,0,0,0
sample_00438,aws_access_key_id,T1.4,encoding,1,yaml,0,1,0,1,0
sample_00439,aws_access_key_id,T1.4,encoding,1,yaml,0,1,0,1,0
sample_00440,aws_access_key_id,T1.4,encoding,1,yaml,0,0,0,0,0
sample_00441,aws_access_key_id,T1.4,encoding,1,yaml,0,0,0,0,0
sample_00442,aws_access_key_id,T1.4,encoding,1,yaml,0,0,0,0,0
sample_00443,aws_access_key_id,T1.4,encoding,1,yaml,0,0,0,0,0
sample_00444,aws_access_key_id,T1.4,encoding,1,yaml,0,0,0,0,0
sample_00445,aws_access_key_id,T1.4,encoding,1,yaml,0,0,0,0,0
sample_00446,aws_access_key_id,T1.4,encoding,1,yaml,0,0,0,0,0
sample_00447,aws_access_key_id,T1.4,encoding,1,yaml,0,0,0,0,0
sample_00448,aws_access_key_id,T1.4,encoding,1,yaml,0,0,0,0,0
sample_00449,aws_access_key_id,T1.4,encoding,1,yaml,0,0,0,0,0
sample_00450,aws_access_key_id,T1.4,encoding,1,yaml,0,0,0,0,0
sample_00451,aws_access_key_id,T1.5,encoding,1,python,0,0,0,0,0
sample_00452,aws_access_key_id,T1.5,encoding,1,python,0,0,0,0,0
sample_00453,aws_access_key_id,T1.5,encoding,1,python,0,0,0,0,0
sample_00454,aws_access_key_id,T1.5,encoding,1,python,0,0,0,0,0
sample_00455,aws_access_key_id,T1.5,encoding,1,python,0,0,0,0,0
sample_00456,aws_access_key_id,T1.5,encoding,1,python,0,0,0,0,0
sample_00457,aws_access_key_id,T1.5,encoding,1,python,0,0,0,0,0
sample_00458,aws_access_key_id,T1.5,encoding,1,python,0,0,0,0,0
sample_00459,aws_access_key_id,T1.5,encoding,1,python,1,1,1,1,0
sample_00460,aws_access_key_id,T1.5,encoding,1,python,0,0,0,0,0
sample_00461,aws_access_key_id,T1.5,encoding,1,python,0,0,0,0,0
sample_00462,aws_access_key_id,T1.5,encoding,1,python,0,0,0,0,0
sample_00463,aws_access_key_id,T1.5,encoding,1,python,0,0,0,0,0
sample_00464,aws_access_key_id,T1.5,encoding,1,python,0,0,0,0,0
sample_00465,aws_access_key_id,T1.5,encoding,1,python,0,0,0,0,0
sample_00466,aws_access_key_id,T1.5,encoding,1,python,1,1,1,1,0
sample_00467,aws_access_key_id,T1.5,encoding,1,python,0,0,0,0,0
sample_00468,aws_access_key_id,T1.5,encoding,1,python,1,1,1,1,0
sample_00469,aws_access_key_id,T1.5,encoding,1,python,0,0,0,0,0
sample_00470,aws_access_key_id,T1.5,encoding,1,python,1,1,1,1,0
sample_00471,aws_access_key_id,T1.5,encoding,1,python,0,0,0,0,0
sample_00472,aws_access_key_id,T1.5,encoding,1,python,0,0,0,0,0
sample_00473,aws_access_key_id,T1.5,encoding,1,python,1,1,1,1,0
sample_00474,aws_access_key_id,T1.5,encoding,1,python,0,0,0,0,0
sample_00475,aws_access_key_id,T1.5,encoding,1,python,0,0,0,0,0
sample_00476,aws_access_key_id,T1.5,encoding,1,python,0,0,0,0,0
sample_00477,aws_access_key_id,T1.5,encoding,1,python,1,1,1,1,0
sample_00478,aws_access_key_id,T1.5,encoding,1,python,0,0,0,0,0
sample_00479,aws_access_key_id,T1.5,encoding,1,python,0,0,0,0,0
sample_00480,aws_access_key_id,T1.5,encoding,1,python,0,0,0,0,0
sample_00481,aws_access_key_id,T1.5,encoding,1,dotenv,0,0,0,0,0
sample_00482,aws_access_key_id,T1.5,encoding,1,dotenv,0,0,0,0,0
sample_00483,aws_access_key_id,T1.5,encoding,1,dotenv,0,0,0,0,0
sample_00484,aws_access_key_id,T1.5,encoding,1,dotenv,1,1,1,1,0
sample_00485,aws_access_key_id,T1.5,encoding,1,dotenv,0,0,0,0,0
sample_00486,aws_access_key_id,T1.5,encoding,1,dotenv,0,0,0,0,0
sample_00487,aws_access_key_id,T1.5,encoding,1,dotenv,0,0,0,0,0
sample_00488,aws_access_key_id,T1.5,encoding,1,dotenv,0,0,0,0,0
sample_00489,aws_access_key_id,T1.5,encoding,1,dotenv,0,0,0,0,0
sample_00490,aws_access_key_id,T1.5,encoding,1,dotenv,0,0,0,0,0
sample_00491,aws_access_key_id,T1.5,encoding,1,dotenv,1,1,1,1,0
sample_00492,aws_access_key_id,T1.5,encoding,1,dotenv,0,0,0,0,0
sample_00493,aws_access_key_id,T1.5,encoding,1,dotenv,0,0,0,0,0
sample_00494,aws_access_key_id,T1.5,encoding,1,dotenv,0,0,0,0,0
sample_00495,aws_access_key_id,T1.5,encoding,1,dotenv,0,0,0,0,0
sample_00496,aws_access_key_id,T1.5,encoding,1,dotenv,0,0,0,0,0
sample_00497,aws_access_key_id,T1.5,encoding,1,dotenv,0,0,0,0,0
sample_00498,aws_access_key_id,T1.5,encoding,1,dotenv,0,0,0,0,0
sample_00499,aws_access_key_id,T1.5,encoding,1,dotenv,0,0,0,0,0
sample_00500,aws_access_key_id,T1.5,encoding,1,dotenv,0,0,0,0,0
sample_00501,aws_access_key_id,T1.5,encoding,1,dotenv,0,0,0,0,0
sample_00502,aws_access_key_id,T1.5,encoding,1,dotenv,1,1,1,1,0
sample_00503,aws_access_key_id,T1.5,encoding,1,dotenv,0,0,0,0,0
sample_00504,aws_access_key_id,T1.5,encoding,1,dotenv,0,0,0,0,0
sample_00505,aws_access_key_id,T1.5,encoding,1,dotenv,0,0,0,0,0
sample_00506,aws_access_key_id,T1.5,encoding,1,dotenv,0,0,0,0,0
sample_00507,aws_access_key_id,T1.5,encoding,1,dotenv,0,0,0,0,0
sample_00508,aws_access_key_id,T1.5,encoding,1,dotenv,0,0,0,0,0
sample_00509,aws_access_key_id,T1.5,encoding,1,dotenv,0,0,0,0,0
sample_00510,aws_access_key_id,T1.5,encoding,1,dotenv,0,0,0,0,0
sample_00511,aws_access_key_id,T1.5,encoding,1,yaml,1,1,1,1,0
sample_00512,aws_access_key_id,T1.5,encoding,1,yaml,0,0,0,0,0
sample_00513,aws_access_key_id,T1.5,encoding,1,yaml,0,0,0,0,0
sample_00514,aws_access_key_id,T1.5,encoding,1,yaml,1,1,1,1,0
sample_00515,aws_access_key_id,T1.5,encoding,1,yaml,1,1,1,1,0
sample_00516,aws_access_key_id,T1.5,encoding,1,yaml,0,0,0,0,0
sample_00517,aws_access_key_id,T1.5,encoding,1,yaml,0,0,0,0,0
sample_00518,aws_access_key_id,T1.5,encoding,1,yaml,0,0,0,0,0
sample_00519,aws_access_key_id,T1.5,encoding,1,yaml,0,0,0,0,0
sample_00520,aws_access_key_id,T1.5,encoding,1,yaml,0,0,0,0,0
sample_00521,aws_access_key_id,T1.5,encoding,1,yaml,0,0,0,0,0
sample_00522,aws_access_key_id,T1.5,encoding,1,yaml,0,0,0,0,0
sample_00523,aws_access_key_id,T1.5,encoding,1,yaml,1,1,1,1,0
sample_00524,aws_access_key_id,T1.5,encoding,1,yaml,0,0,0,0,0
sample_00525,aws_access_key_id,T1.5,encoding,1,yaml,0,0,0,0,0
sample_00526,aws_access_key_id,T1.5,encoding,1,yaml,1,1,1,1,0
sample_00527,aws_access_key_id,T1.5,encoding,1,yaml,0,0,0,0,0
sample_00528,aws_access_key_id,T1.5,encoding,1,yaml,0,0,0,0,0
sample_00529,aws_access_key_id,T1.5,encoding,1,yaml,0,0,0,0,0
sample_00530,aws_access_key_id,T1.5,encoding,1,yaml,0,0,0,0,0
sample_00531,aws_access_key_id,T1.5,encoding,1,yaml,1,1,1,1,0
sample_00532,aws_access_key_id,T1.5,encoding,1,yaml,1,1,1,1,0
sample_00533,aws_access_key_id,T1.5,encoding,1,yaml,1,1,1,1,0
sample_00534,aws_access_key_id,T1.5,encoding,1,yaml,0,0,0,0,0
sample_00535,aws_access_key_id,T1.5,encoding,1,yaml,0,0,0,0,0
sample_00536,aws_access_key_id,T1.5,encoding,1,yaml,1,1,1,1,0
sample_00537,aws_access_key_id,T1.5,encoding,1,yaml,0,0,0,0,0
sample_00538,aws_access_key_id,T1.5,encoding,1,yaml,0,0,0,0,0
sample_00539,aws_access_key_id,T1.5,encoding,1,yaml,0,0,0,0,0
sample_00540,aws_access_key_id,T1.5,encoding,1,yaml,1,1,1,1,0
sample_00541,aws_access_key_id,T1.6,encoding,1,python,0,0,0,0,0
sample_00542,aws_access_key_id,T1.6,encoding,1,python,0,0,0,0,0
sample_00543,aws_access_key_id,T1.6,encoding,1,python,0,0,0,0,0
sample_00544,aws_access_key_id,T1.6,encoding,1,python,0,0,0,0,0
sample_00545,aws_access_key_id,T1.6,encoding,1,python,0,0,0,0,0
sample_00546,aws_access_key_id,T1.6,encoding,1,python,0,0,0,0,0
sample_00547,aws_access_key_id,T1.6,encoding,1,python,0,0,0,0,0
sample_00548,aws_access_key_id,T1.6,encoding,1,python,0,0,0,0,0
sample_00549,aws_access_key_id,T1.6,encoding,1,python,0,0,0,0,0
sample_00550,aws_access_key_id,T1.6,encoding,1,python,0,0,0,0,0
sample_00551,aws_access_key_id,T1.6,encoding,1,python,0,0,0,0,0
sample_00552,aws_access_key_id,T1.6,encoding,1,python,0,0,0,0,0
sample_00553,aws_access_key_id,T1.6,encoding,1,python,0,0,0,0,0
sample_00554,aws_access_key_id,T1.6,encoding,1,python,0,0,0,0,0
sample_00555,aws_access_key_id,T1.6,encoding,1,python,0,0,0,0,0
sample_00556,aws_access_key_id,T1.6,encoding,1,python,0,0,0,0,0
sample_00557,aws_access_key_id,T1.6,encoding,1,python,0,0,0,0,0
sample_00558,aws_access_key_id,T1.6,encoding,1,python,0,0,0,0,0
sample_00559,aws_access_key_id,T1.6,encoding,1,python,0,0,0,0,0
sample_00560,aws_access_key_id,T1.6,encoding,1,python,0,0,0,0,0
sample_00561,aws_access_key_id,T1.6,encoding,1,python,0,0,0,0,0
sample_00562,aws_access_key_id,T1.6,encoding,1,python,0,0,0,0,0
sample_00563,aws_access_key_id,T1.6,encoding,1,python,0,0,0,0,0
sample_00564,aws_access_key_id,T1.6,encoding,1,python,0,0,0,0,0
sample_00565,aws_access_key_id,T1.6,encoding,1,python,0,0,0,0,0
sample_00566,aws_access_key_id,T1.6,encoding,1,python,0,0,0,0,0
sample_00567,aws_access_key_id,T1.6,encoding,1,python,0,0,0,0,0
sample_00568,aws_access_key_id,T1.6,encoding,1,python,0,0,0,0,0
sample_00569,aws_access_key_id,T1.6,encoding,1,python,0,0,0,0,0
sample_00570,aws_access_key_id,T1.6,encoding,1,python,0,0,0,0,0
sample_00571,aws_access_key_id,T1.6,encoding,1,dotenv,0,0,0,0,0
sample_00572,aws_access_key_id,T1.6,encoding,1,dotenv,0,0,0,0,0
sample_00573,aws_access_key_id,T1.6,encoding,1,dotenv,0,0,0,0,0
sample_00574,aws_access_key_id,T1.6,encoding,1,dotenv,0,0,0,0,0
sample_00575,aws_access_key_id,T1.6,encoding,1,dotenv,0,0,0,0,0
sample_00576,aws_access_key_id,T1.6,encoding,1,dotenv,0,0,0,0,0
sample_00577,aws_access_key_id,T1.6,encoding,1,dotenv,0,0,0,0,0
sample_00578,aws_access_key_id,T1.6,encoding,1,dotenv,0,0,0,0,0
sample_00579,aws_access_key_id,T1.6,encoding,1,dotenv,0,0,0,0,0
sample_00580,aws_access_key_id,T1.6,encoding,1,dotenv,0,0,0,0,0
sample_00581,aws_access_key_id,T1.6,encoding,1,dotenv,0,0,0,0,0
sample_00582,aws_access_key_id,T1.6,encoding,1,dotenv,0,0,0,0,0
sample_00583,aws_access_key_id,T1.6,encoding,1,dotenv,0,0,0,0,0
sample_00584,aws_access_key_id,T1.6,encoding,1,dotenv,0,0,0,0,0
sample_00585,aws_access_key_id,T1.6,encoding,1,dotenv,0,0,0,0,0
sample_00586,aws_access_key_id,T1.6,encoding,1,dotenv,0,0,0,0,0
sample_00587,aws_access_key_id,T1.6,encoding,1,dotenv,0,0,0,0,0
sample_00588,aws_access_key_id,T1.6,encoding,1,dotenv,0,0,0,0,0
sample_00589,aws_access_key_id,T1.6,encoding,1,dotenv,0,0,0,0,0
sample_00590,aws_access_key_id,T1.6,encoding,1,dotenv,0,0,0,0,0
sample_00591,aws_access_key_id,T1.6,encoding,1,dotenv,0,0,0,0,0
sample_00592,aws_access_key_id,T1.6,encoding,1,dotenv,0,0,0,0,0
sample_00593,aws_access_key_id,T1.6,encoding,1,dotenv,0,0,0,0,0
sample_00594,aws_access_key_id,T1.6,encoding,1,dotenv,0,0,0,0,0
sample_00595,aws_access_key_id,T1.6,encoding,1,dotenv,0,0,0,0,0
sample_00596,aws_access_key_id,T1.6,encoding,1,dotenv,0,0,0,0,0
sample_00597,aws_access_key_id,T1.6,encoding,1,dotenv,0,0,0,0,0
sample_00598,aws_access_key_id,T1.6,encoding,1,dotenv,0,0,0,0,0
sample_00599,aws_access_key_id,T1.6,encoding,1,dotenv,0,0,0,0,0
sample_00600,aws_access_key_id,T1.6,encoding,1,dotenv,0,0,0,0,0
sample_00601,aws_access_key_id,T1.6,encoding,1,yaml,0,0,0,0,0
sample_00602,aws_access_key_id,T1.6,encoding,1,yaml,0,0,0,0,0
sample_00603,aws_access_key_id,T1.6,encoding,1,yaml,0,0,0,0,0
sample_00604,aws_access_key_id,T1.6,encoding,1,yaml,0,0,0,0,0
sample_00605,aws_access_key_id,T1.6,encoding,1,yaml,0,0,0,0,0
sample_00606,aws_access_key_id,T1.6,encoding,1,yaml,0,0,0,0,0
sample_00607,aws_access_key_id,T1.6,encoding,1,yaml,0,0,0,0,0
sample_00608,aws_access_key_id,T1.6,encoding,1,yaml,0,0,0,0,0
sample_00609,aws_access_key_id,T1.6,encoding,1,yaml,0,0,0,0,0
sample_00610,aws_access_key_id,T1.6,encoding,1,yaml,0,0,0,0,0
sample_00611,aws_access_key_id,T1.6,encoding,1,yaml,0,0,0,0,0
sample_00612,aws_access_key_id,T1.6,encoding,1,yaml,0,0,0,0,0
sample_00613,aws_access_key_id,T1.6,encoding,1,yaml,0,0,0,0,0
sample_00614,aws_access_key_id,T1.6,encoding,1,yaml,0,0,0,0,0
sample_00615,aws_access_key_id,T1.6,encoding,1,yaml,0,0,0,0,0
sample_00616,aws_access_key_id,T1.6,encoding,1,yaml,0,0,0,0,0
sample_00617,aws_access_key_id,T1.6,encoding,1,yaml,0,0,0,0,0
sample_00618,aws_access_key_id,T1.6,encoding,1,yaml,0,0,0,0,0
sample_00619,aws_access_key_id,T1.6,encoding,1,yaml,0,0,0,0,0
sample_00620,aws_access_key_id,T1.6,encoding,1,yaml,0,0,0,0,0
sample_00621,aws_access_key_id,T1.6,encoding,1,yaml,0,0,0,0,0
sample_00622,aws_access_key_id,T1.6,encoding,1,yaml,0,0,0,0,0
sample_00623,aws_access_key_id,T1.6,encoding,1,yaml,0,0,0,0,0
sample_00624,aws_access_key_id,T1.6,encoding,1,yaml,0,0,0,0,0
sample_00625,aws_access_key_id,T1.6,encoding,1,yaml,0,0,0,0,0
sample_00626,aws_access_key_id,T1.6,encoding,1,yaml,0,0,0,0,0
sample_00627,aws_access_key_id,T1.6,encoding,1,yaml,0,0,0,0,0
sample_00628,aws_access_key_id,T1.6,encoding,1,yaml,0,0,0,0,0
sample_00629,aws_access_key_id,T1.6,encoding,1,yaml,0,0,0,0,0
sample_00630,aws_access_key_id,T1.6,encoding,1,yaml,0,0,0,0,0
sample_00631,aws_access_key_id,T1.7,encoding,1,python,0,0,0,0,0
sample_00632,aws_access_key_id,T1.7,encoding,1,python,0,0,0,0,0
sample_00633,aws_access_key_id,T1.7,encoding,1,python,0,0,0,0,0
sample_00634,aws_access_key_id,T1.7,encoding,1,python,0,0,0,0,0
sample_00635,aws_access_key_id,T1.7,encoding,1,python,0,0,0,0,0
sample_00636,aws_access_key_id,T1.7,encoding,1,python,0,0,0,0,0
sample_00637,aws_access_key_id,T1.7,encoding,1,python,0,0,0,0,0
sample_00638,aws_access_key_id,T1.7,encoding,1,python,0,0,0,0,0
sample_00639,aws_access_key_id,T1.7,encoding,1,python,0,0,0,0,0
sample_00640,aws_access_key_id,T1.7,encoding,1,python,0,0,0,0,0
sample_00641,aws_access_key_id,T1.7,encoding,1,python,0,0,0,0,0
sample_00642,aws_access_key_id,T1.7,encoding,1,python,0,0,0,0,0
sample_00643,aws_access_key_id,T1.7,encoding,1,python,0,0,0,0,0
sample_00644,aws_access_key_id,T1.7,encoding,1,python,0,0,0,0,0
sample_00645,aws_access_key_id,T1.7,encoding,1,python,0,0,0,0,0
sample_00646,aws_access_key_id,T1.7,encoding,1,python,0,0,0,0,0
sample_00647,aws_access_key_id,T1.7,encoding,1,python,0,0,0,0,0
sample_00648,aws_access_key_id,T1.7,encoding,1,python,0,0,0,0,0
sample_00649,aws_access_key_id,T1.7,encoding,1,python,0,0,0,0,0
sample_00650,aws_access_key_id,T1.7,encoding,1,python,0,0,0,0,0
sample_00651,aws_access_key_id,T1.7,encoding,1,python,0,0,0,0,0
sample_00652,aws_access_key_id,T1.7,encoding,1,python,0,0,0,0,0
sample_00653,aws_access_key_id,T1.7,encoding,1,python,0,0,0,0,0
sample_00654,aws_access_key_id,T1.7,encoding,1,python,0,0,0,0,0
sample_00655,aws_access_key_id,T1.7,encoding,1,python,0,0,0,0,0
sample_00656,aws_access_key_id,T1.7,encoding,1,python,0,0,0,0,0
sample_00657,aws_access_key_id,T1.7,encoding,1,python,0,0,0,0,0
sample_00658,aws_access_key_id,T1.7,encoding,1,python,0,0,0,0,0
sample_00659,aws_access_key_id,T1.7,encoding,1,python,0,0,0,0,0
sample_00660,aws_access_key_id,T1.7,encoding,1,python,0,0,0,0,0
sample_00661,aws_access_key_id,T1.7,encoding,1,dotenv,0,0,0,0,0
sample_00662,aws_access_key_id,T1.7,encoding,1,dotenv,0,0,0,0,0
sample_00663,aws_access_key_id,T1.7,encoding,1,dotenv,0,0,0,0,0
sample_00664,aws_access_key_id,T1.7,encoding,1,dotenv,0,0,0,0,0
sample_00665,aws_access_key_id,T1.7,encoding,1,dotenv,0,0,0,0,0
sample_00666,aws_access_key_id,T1.7,encoding,1,dotenv,0,0,0,0,0
sample_00667,aws_access_key_id,T1.7,encoding,1,dotenv,0,0,0,0,0
sample_00668,aws_access_key_id,T1.7,encoding,1,dotenv,0,0,0,0,0
sample_00669,aws_access_key_id,T1.7,encoding,1,dotenv,0,0,0,0,0
sample_00670,aws_access_key_id,T1.7,encoding,1,dotenv,0,0,0,0,0
sample_00671,aws_access_key_id,T1.7,encoding,1,dotenv,0,0,0,0,0
sample_00672,aws_access_key_id,T1.7,encoding,1,dotenv,0,0,0,0,0
sample_00673,aws_access_key_id,T1.7,encoding,1,dotenv,0,0,0,0,0
sample_00674,aws_access_key_id,T1.7,encoding,1,dotenv,0,0,0,0,0
sample_00675,aws_access_key_id,T1.7,encoding,1,dotenv,0,0,0,0,0
sample_00676,aws_access_key_id,T1.7,encoding,1,dotenv,0,0,0,0,0
sample_00677,aws_access_key_id,T1.7,encoding,1,dotenv,0,0,0,0,0
sample_00678,aws_access_key_id,T1.7,encoding,1,dotenv,0,0,0,0,0
sample_00679,aws_access_key_id,T1.7,encoding,1,dotenv,0,0,0,0,0
sample_00680,aws_access_key_id,T1.7,encoding,1,dotenv,0,0,0,0,0
sample_00681,aws_access_key_id,T1.7,encoding,1,dotenv,0,0,0,0,0
sample_00682,aws_access_key_id,T1.7,encoding,1,dotenv,0,0,0,0,0
sample_00683,aws_access_key_id,T1.7,encoding,1,dotenv,0,0,0,0,0
sample_00684,aws_access_key_id,T1.7,encoding,1,dotenv,0,0,0,0,0
sample_00685,aws_access_key_id,T1.7,encoding,1,dotenv,0,0,0,0,0
sample_00686,aws_access_key_id,T1.7,encoding,1,dotenv,0,0,0,0,0
sample_00687,aws_access_key_id,T1.7,encoding,1,dotenv,0,0,0,0,0
sample_00688,aws_access_key_id,T1.7,encoding,1,dotenv,0,0,0,0,0
sample_00689,aws_access_key_id,T1.7,encoding,1,dotenv,0,0,0,0,0
sample_00690,aws_access_key_id,T1.7,encoding,1,dotenv,0,0,0,0,0
sample_00691,aws_access_key_id,T1.7,encoding,1,yaml,0,0,0,0,0
sample_00692,aws_access_key_id,T1.7,encoding,1,yaml,0,0,0,0,0
sample_00693,aws_access_key_id,T1.7,encoding,1,yaml,0,0,0,0,0
sample_00694,aws_access_key_id,T1.7,encoding,1,yaml,0,0,0,0,0
sample_00695,aws_access_key_id,T1.7,encoding,1,yaml,0,0,0,0,0
sample_00696,aws_access_key_id,T1.7,encoding,1,yaml,0,0,0,0,0
sample_00697,aws_access_key_id,T1.7,encoding,1,yaml,0,0,0,0,0
sample_00698,aws_access_key_id,T1.7,encoding,1,yaml,0,0,0,0,0
sample_00699,aws_access_key_id,T1.7,encoding,1,yaml,0,0,0,0,0
sample_00700,aws_access_key_id,T1.7,encoding,1,yaml,0,0,0,0,0
sample_00701,aws_access_key_id,T1.7,encoding,1,yaml,0,0,0,0,0
sample_00702,aws_access_key_id,T1.7,encoding,1,yaml,0,0,0,0,0
sample_00703,aws_access_key_id,T1.7,encoding,1,yaml,0,0,0,0,0
sample_00704,aws_access_key_id,T1.7,encoding,1,yaml,0,0,0,0,0
sample_00705,aws_access_key_id,T1.7,encoding,1,yaml,0,0,0,0,0
sample_00706,aws_access_key_id,T1.7,encoding,1,yaml,0,0,0,0,0
sample_00707,aws_access_key_id,T1.7,encoding,1,yaml,0,0,0,0,0
sample_00708,aws_access_key_id,T1.7,encoding,1,yaml,0,0,0,0,0
sample_00709,aws_access_key_id,T1.7,encoding,1,yaml,0,0,0,0,0
sample_00710,aws_access_key_id,T1.7,encoding,1,yaml,0,0,0,0,0
sample_00711,aws_access_key_id,T1.7,encoding,1,yaml,0,0,0,0,0
sample_00712,aws_access_key_id,T1.7,encoding,1,yaml,0,0,0,0,0
sample_00713,aws_access_key_id,T1.7,encoding,1,yaml,0,0,0,0,0
sample_00714,aws_access_key_id,T1.7,encoding,1,yaml,0,0,0,0,0
sample_00715,aws_access_key_id,T1.7,encoding,1,yaml,0,0,0,0,0
sample_00716,aws_access_key_id,T1.7,encoding,1,yaml,0,0,0,0,0
sample_00717,aws_access_key_id,T1.7,encoding,1,yaml,0,0,0,0,0
sample_00718,aws_access_key_id,T1.7,encoding,1,yaml,0,0,0,0,0
sample_00719,aws_access_key_id,T1.7,encoding,1,yaml,0,0,0,0,0
sample_00720,aws_access_key_id,T1.7,encoding,1,yaml,0,0,0,0,0
sample_00721,aws_access_key_id,T2.1,multi_encoding,2,python,0,0,0,0,0
sample_00722,aws_access_key_id,T2.1,multi_encoding,2,python,0,0,0,0,0
sample_00723,aws_access_key_id,T2.1,multi_encoding,2,python,0,0,0,0,0
sample_00724,aws_access_key_id,T2.1,multi_encoding,2,python,0,0,0,0,0
sample_00725,aws_access_key_id,T2.1,multi_encoding,2,python,0,1,0,1,0
sample_00726,aws_access_key_id,T2.1,multi_encoding,2,python,0,0,0,0,0
sample_00727,aws_access_key_id,T2.1,multi_encoding,2,python,0,0,0,0,0
sample_00728,aws_access_key_id,T2.1,multi_encoding,2,python,0,0,0,0,0
sample_00729,aws_access_key_id,T2.1,multi_encoding,2,python,0,0,0,0,0
sample_00730,aws_access_key_id,T2.1,multi_encoding,2,python,0,1,0,1,0
sample_00731,aws_access_key_id,T2.1,multi_encoding,2,python,0,0,0,0,0
sample_00732,aws_access_key_id,T2.1,multi_encoding,2,python,0,0,0,0,0
sample_00733,aws_access_key_id,T2.1,multi_encoding,2,python,0,0,0,0,0
sample_00734,aws_access_key_id,T2.1,multi_encoding,2,python,0,1,0,1,0
sample_00735,aws_access_key_id,T2.1,multi_encoding,2,python,0,0,0,0,0
sample_00736,aws_access_key_id,T2.1,multi_encoding,2,python,0,0,0,0,0
sample_00737,aws_access_key_id,T2.1,multi_encoding,2,python,0,0,0,0,0
sample_00738,aws_access_key_id,T2.1,multi_encoding,2,python,0,0,0,0,0
sample_00739,aws_access_key_id,T2.1,multi_encoding,2,python,0,0,0,0,0
sample_00740,aws_access_key_id,T2.1,multi_encoding,2,python,0,0,0,0,0
sample_00741,aws_access_key_id,T2.1,multi_encoding,2,python,0,0,0,0,0
sample_00742,aws_access_key_id,T2.1,multi_encoding,2,python,0,0,0,0,0
sample_00743,aws_access_key_id,T2.1,multi_encoding,2,python,0,0,0,0,0
sample_00744,aws_access_key_id,T2.1,multi_encoding,2,python,0,0,0,0,0
sample_00745,aws_access_key_id,T2.1,multi_encoding,2,python,0,0,0,0,0
sample_00746,aws_access_key_id,T2.1,multi_encoding,2,python,0,0,0,0,0
sample_00747,aws_access_key_id,T2.1,multi_encoding,2,python,0,0,0,0,0
sample_00748,aws_access_key_id,T2.1,multi_encoding,2,python,0,0,0,0,0
sample_00749,aws_access_key_id,T2.1,multi_encoding,2,python,0,0,0,0,0
sample_00750,aws_access_key_id,T2.1,multi_encoding,2,python,0,0,0,0,0
sample_00751,aws_access_key_id,T2.1,multi_encoding,2,dotenv,0,0,0,0,0
sample_00752,aws_access_key_id,T2.1,multi_encoding,2,dotenv,0,0,0,0,0
sample_00753,aws_access_key_id,T2.1,multi_encoding,2,dotenv,0,0,0,0,0
sample_00754,aws_access_key_id,T2.1,multi_encoding,2,dotenv,0,0,0,0,0
sample_00755,aws_access_key_id,T2.1,multi_encoding,2,dotenv,0,1,0,1,0
sample_00756,aws_access_key_id,T2.1,multi_encoding,2,dotenv,0,0,0,0,0
sample_00757,aws_access_key_id,T2.1,multi_encoding,2,dotenv,0,0,0,0,0
sample_00758,aws_access_key_id,T2.1,multi_encoding,2,dotenv,0,0,0,0,0
sample_00759,aws_access_key_id,T2.1,multi_encoding,2,dotenv,0,0,0,0,0
sample_00760,aws_access_key_id,T2.1,multi_encoding,2,dotenv,0,0,0,0,0
sample_00761,aws_access_key_id,T2.1,multi_encoding,2,dotenv,0,0,0,0,0
sample_00762,aws_access_key_id,T2.1,multi_encoding,2,dotenv,0,0,0,0,0
sample_00763,aws_access_key_id,T2.1,multi_encoding,2,dotenv,0,0,0,0,0
sample_00764,aws_access_key_id,T2.1,multi_encoding,2,dotenv,0,0,0,0,0
sample_00765,aws_access_key_id,T2.1,multi_encoding,2,dotenv,0,0,0,0,0
sample_00766,aws_access_key_id,T2.1,multi_encoding,2,dotenv,0,1,0,1,0
sample_00767,aws_access_key_id,T2.1,multi_encoding,2,dotenv,0,1,0,1,0
sample_00768,aws_access_key_id,T2.1,multi_encoding,2,dotenv,0,0,0,0,0
sample_00769,aws_access_key_id,T2.1,multi_encoding,2,dotenv,0,0,0,0,0
sample_00770,aws_access_key_id,T2.1,multi_encoding,2,dotenv,0,0,0,0,0
sample_00771,aws_access_key_id,T2.1,multi_encoding,2,dotenv,0,0,0,0,0
sample_00772,aws_access_key_id,T2.1,multi_encoding,2,dotenv,0,0,0,0,0
sample_00773,aws_access_key_id,T2.1,multi_encoding,2,dotenv,0,0,0,0,0
sample_00774,aws_access_key_id,T2.1,multi_encoding,2,dotenv,0,0,0,0,0
sample_00775,aws_access_key_id,T2.1,multi_encoding,2,dotenv,0,0,0,0,0
sample_00776,aws_access_key_id,T2.1,multi_encoding,2,dotenv,0,0,0,0,0
sample_00777,aws_access_key_id,T2.1,multi_encoding,2,dotenv,0,0,0,0,0
sample_00778,aws_access_key_id,T2.1,multi_encoding,2,dotenv,0,0,0,0,0
sample_00779,aws_access_key_id,T2.1,multi_encoding,2,dotenv,0,0,0,0,0
sample_00780,aws_access_key_id,T2.1,multi_encoding,2,dotenv,0,0,0,0,0
sample_00781,aws_access_key_id,T2.1,multi_encoding,2,yaml,0,0,0,0,0
sample_00782,aws_access_key_id,T2.1,multi_encoding,2,yaml,0,0,0,0,0
sample_00783,aws_access_key_id,T2.1,multi_encoding,2,yaml,0,0,0,0,0
sample_00784,aws_access_key_id,T2.1,multi_encoding,2,yaml,0,0,0,0,0
sample_00785,aws_access_key_id,T2.1,multi_encoding,2,yaml,0,0,0,0,0
sample_00786,aws_access_key_id,T2.1,multi_encoding,2,yaml,0,0,0,0,0
sample_00787,aws_access_key_id,T2.1,multi_encoding,2,yaml,0,1,0,1,0
sample_00788,aws_access_key_id,T2.1,multi_encoding,2,yaml,0,0,0,0,0
sample_00789,aws_access_key_id,T2.1,multi_encoding,2,yaml,0,0,0,0,0
sample_00790,aws_access_key_id,T2.1,multi_encoding,2,yaml,0,1,0,1,0
sample_00791,aws_access_key_id,T2.1,multi_encoding,2,yaml,0,0,0,0,0
sample_00792,aws_access_key_id,T2.1,multi_encoding,2,yaml,0,0,0,0,0
sample_00793,aws_access_key_id,T2.1,multi_encoding,2,yaml,0,0,0,0,0
sample_00794,aws_access_key_id,T2.1,multi_encoding,2,yaml,0,0,0,0,0
sample_00795,aws_access_key_id,T2.1,multi_encoding,2,yaml,0,0,0,0,0
sample_00796,aws_access_key_id,T2.1,multi_encoding,2,yaml,0,0,0,0,0
sample_00797,aws_access_key_id,T2.1,multi_encoding,2,yaml,0,0,0,0,0
sample_00798,aws_access_key_id,T2.1,multi_encoding,2,yaml,0,0,0,0,0
sample_00799,aws_access_key_id,T2.1,multi_encoding,2,yaml,0,0,0,0,0
sample_00800,aws_access_key_id,T2.1,multi_encoding,2,yaml,0,1,0,1,0
sample_00801,aws_access_key_id,T2.1,multi_encoding,2,yaml,0,0,0,0,0
sample_00802,aws_access_key_id,T2.1,multi_encoding,2,yaml,0,0,0,0,0
sample_00803,aws_access_key_id,T2.1,multi_encoding,2,yaml,0,0,0,0,0
sample_00804,aws_access_key_id,T2.1,multi_encoding,2,yaml,0,1,0,1,0
sample_00805,aws_access_key_id,T2.1,multi_encoding,2,yaml,0,0,0,0,0
sample_00806,aws_access_key_id,T2.1,multi_encoding,2,yaml,0,0,0,0,0
sample_00807,aws_access_key_id,T2.1,multi_encoding,2,yaml,0,0,0,0,0
sample_00808,aws_access_key_id,T2.1,multi_encoding,2,yaml,0,0,0,0,0
sample_00809,aws_access_key_id,T2.1,multi_encoding,2,yaml,0,0,0,0,0
sample_00810,aws_access_key_id,T2.1,multi_encoding,2,yaml,0,0,0,0,0
sample_00811,aws_access_key_id,T2.2,multi_encoding,3,python,0,0,0,0,0
sample_00812,aws_access_key_id,T2.2,multi_encoding,3,python,0,0,0,0,0
sample_00813,aws_access_key_id,T2.2,multi_encoding,3,python,0,0,0,0,0
sample_00814,aws_access_key_id,T2.2,multi_encoding,3,python,0,0,0,0,0
sample_00815,aws_access_key_id,T2.2,multi_encoding,3,python,0,0,0,0,0
sample_00816,aws_access_key_id,T2.2,multi_encoding,3,python,0,1,0,1,0
sample_00817,aws_access_key_id,T2.2,multi_encoding,3,python,0,1,0,1,0
sample_00818,aws_access_key_id,T2.2,multi_encoding,3,python,0,0,0,0,0
sample_00819,aws_access_key_id,T2.2,multi_encoding,3,python,0,0,0,0,0
sample_00820,aws_access_key_id,T2.2,multi_encoding,3,python,0,0,0,0,0
sample_00821,aws_access_key_id,T2.2,multi_encoding,3,python,0,0,0,0,0
sample_00822,aws_access_key_id,T2.2,multi_encoding,3,python,0,0,0,0,0
sample_00823,aws_access_key_id,T2.2,multi_encoding,3,python,0,0,0,0,0
sample_00824,aws_access_key_id,T2.2,multi_encoding,3,python,0,0,0,0,0
sample_00825,aws_access_key_id,T2.2,multi_encoding,3,python,0,0,0,0,0
sample_00826,aws_access_key_id,T2.2,multi_encoding,3,python,0,0,0,0,0
sample_00827,aws_access_key_id,T2.2,multi_encoding,3,python,0,1,0,1,0
sample_00828,aws_access_key_id,T2.2,multi_encoding,3,python,0,1,0,1,0
sample_00829,aws_access_key_id,T2.2,multi_encoding,3,python,0,0,0,0,0
sample_00830,aws_access_key_id,T2.2,multi_encoding,3,python,0,0,0,0,0
sample_00831,aws_access_key_id,T2.2,multi_encoding,3,python,0,0,0,0,0
sample_00832,aws_access_key_id,T2.2,multi_encoding,3,python,0,0,0,0,0
sample_00833,aws_access_key_id,T2.2,multi_encoding,3,python,0,0,0,0,0
sample_00834,aws_access_key_id,T2.2,multi_encoding,3,python,0,0,0,0,0
sample_00835,aws_access_key_id,T2.2,multi_encoding,3,python,0,0,0,0,0
sample_00836,aws_access_key_id,T2.2,multi_encoding,3,python,0,0,0,0,0
sample_00837,aws_access_key_id,T2.2,multi_encoding,3,python,0,0,0,0,0
sample_00838,aws_access_key_id,T2.2,multi_encoding,3,python,0,0,0,0,0
sample_00839,aws_access_key_id,T2.2,multi_encoding,3,python,0,0,0,0,0
sample_00840,aws_access_key_id,T2.2,multi_encoding,3,python,0,1,0,1,0
sample_00841,aws_access_key_id,T2.2,multi_encoding,3,dotenv,0,0,0,0,0
sample_00842,aws_access_key_id,T2.2,multi_encoding,3,dotenv,0,0,0,0,0
sample_00843,aws_access_key_id,T2.2,multi_encoding,3,dotenv,0,0,0,0,0
sample_00844,aws_access_key_id,T2.2,multi_encoding,3,dotenv,0,0,0,0,0
sample_00845,aws_access_key_id,T2.2,multi_encoding,3,dotenv,0,0,0,0,0
sample_00846,aws_access_key_id,T2.2,multi_encoding,3,dotenv,0,1,0,1,0
sample_00847,aws_access_key_id,T2.2,multi_encoding,3,dotenv,0,0,0,0,0
sample_00848,aws_access_key_id,T2.2,multi_encoding,3,dotenv,0,0,0,0,0
sample_00849,aws_access_key_id,T2.2,multi_encoding,3,dotenv,0,0,0,0,0
sample_00850,aws_access_key_id,T2.2,multi_encoding,3,dotenv,0,0,0,0,0
sample_00851,aws_access_key_id,T2.2,multi_encoding,3,dotenv,0,0,0,0,0
sample_00852,aws_access_key_id,T2.2,multi_encoding,3,dotenv,0,0,0,0,0
sample_00853,aws_access_key_id,T2.2,multi_encoding,3,dotenv,0,0,0,0,0
sample_00854,aws_access_key_id,T2.2,multi_encoding,3,dotenv,0,0,0,0,0
sample_00855,aws_access_key_id,T2.2,multi_encoding,3,dotenv,0,1,0,1,0
sample_00856,aws_access_key_id,T2.2,multi_encoding,3,dotenv,0,0,0,0,0
sample_00857,aws_access_key_id,T2.2,multi_encoding,3,dotenv,0,0,0,0,0
sample_00858,aws_access_key_id,T2.2,multi_encoding,3,dotenv,0,0,0,0,0
sample_00859,aws_access_key_id,T2.2,multi_encoding,3,dotenv,0,0,0,0,0
sample_00860,aws_access_key_id,T2.2,multi_encoding,3,dotenv,0,0,0,0,0
sample_00861,aws_access_key_id,T2.2,multi_encoding,3,dotenv,0,0,0,0,0
sample_00862,aws_access_key_id,T2.2,multi_encoding,3,dotenv,0,0,0,0,0
sample_00863,aws_access_key_id,T2.2,multi_encoding,3,dotenv,0,0,0,0,0
sample_00864,aws_access_key_id,T2.2,multi_encoding,3,dotenv,0,0,0,0,0
sample_00865,aws_access_key_id,T2.2,multi_encoding,3,dotenv,0,0,0,0,0
sample_00866,aws_access_key_id,T2.2,multi_encoding,3,dotenv,0,1,0,1,0
sample_00867,aws_access_key_id,T2.2,multi_encoding,3,dotenv,0,0,0,0,0
sample_00868,aws_access_key_id,T2.2,multi_encoding,3,dotenv,0,0,0,0,0
sample_00869,aws_access_key_id,T2.2,multi_encoding,3,dotenv,0,0,0,0,0
sample_00870,aws_access_key_id,T2.2,multi_encoding,3,dotenv,0,1,0,1,0
sample_00871,aws_access_key_id,T2.2,multi_encoding,3,yaml,0,0,0,0,0
sample_00872,aws_access_key_id,T2.2,multi_encoding,3,yaml,0,0,0,0,0
sample_00873,aws_access_key_id,T2.2,multi_encoding,3,yaml,0,0,0,0,0
sample_00874,aws_access_key_id,T2.2,multi_encoding,3,yaml,0,1,0,1,0
sample_00875,aws_access_key_id,T2.2,multi_encoding,3,yaml,0,0,0,0,0
sample_00876,aws_access_key_id,T2.2,multi_encoding,3,yaml,0,0,0,0,0
sample_00877,aws_access_key_id,T2.2,multi_encoding,3,yaml,0,0,0,0,0
sample_00878,aws_access_key_id,T2.2,multi_encoding,3,yaml,0,0,0,0,0
sample_00879,aws_access_key_id,T2.2,multi_encoding,3,yaml,0,1,0,1,0
sample_00880,aws_access_key_id,T2.2,multi_encoding,3,yaml,0,0,0,0,0
sample_00881,aws_access_key_id,T2.2,multi_encoding,3,yaml,0,0,0,0,0
sample_00882,aws_access_key_id,T2.2,multi_encoding,3,yaml,0,1,0,1,0
sample_00883,aws_access_key_id,T2.2,multi_encoding,3,yaml,0,0,0,0,0
sample_00884,aws_access_key_id,T2.2,multi_encoding,3,yaml,0,0,0,0,0
sample_00885,aws_access_key_id,T2.2,multi_encoding,3,yaml,0,0,0,0,0
sample_00886,aws_access_key_id,T2.2,multi_encoding,3,yaml,0,0,0,0,0
sample_00887,aws_access_key_id,T2.2,multi_encoding,3,yaml,0,1,0,1,0
sample_00888,aws_access_key_id,T2.2,multi_encoding,3,yaml,0,0,0,0,0
sample_00889,aws_access_key_id,T2.2,multi_encoding,3,yaml,0,0,0,0,0
sample_00890,aws_access_key_id,T2.2,multi_encoding,3,yaml,0,0,0,0,0
sample_00891,aws_access_key_id,T2.2,multi_encoding,3,yaml,0,0,0,0,0
sample_00892,aws_access_key_id,T2.2,multi_encoding,3,yaml,0,0,0,0,0
sample_00893,aws_access_key_id,T2.2,multi_encoding,3,yaml,0,0,0,0,0
sample_00894,aws_access_key_id,T2.2,multi_encoding,3,yaml,0,0,0,0,0
sample_00895,aws_access_key_id,T2.2,multi_encoding,3,yaml,0,1,0,1,0
sample_00896,aws_access_key_id,T2.2,multi_encoding,3,yaml,0,0,0,0,0
sample_00897,aws_access_key_id,T2.2,multi_encoding,3,yaml,0,0,0,0,0
sample_00898,aws_access_key_id,T2.2,multi_encoding,3,yaml,0,0,0,0,0
sample_00899,aws_access_key_id,T2.2,multi_encoding,3,yaml,0,0,0,0,0
sample_00900,aws_access_key_id,T2.2,multi_encoding,3,yaml,0,0,0,0,0
sample_00901,aws_access_key_id,T2.3,multi_encoding,2,python,0,0,0,0,0
sample_00902,aws_access_key_id,T2.3,multi_encoding,2,python,0,1,0,1,0
sample_00903,aws_access_key_id,T2.3,multi_encoding,2,python,0,0,0,0,0
sample_00904,aws_access_key_id,T2.3,multi_encoding,2,python,0,0,0,0,0
sample_00905,aws_access_key_id,T2.3,multi_encoding,2,python,0,0,0,0,0
sample_00906,aws_access_key_id,T2.3,multi_encoding,2,python,0,0,0,0,0
sample_00907,aws_access_key_id,T2.3,multi_encoding,2,python,0,0,0,0,0
sample_00908,aws_access_key_id,T2.3,multi_encoding,2,python,0,0,0,0,0
sample_00909,aws_access_key_id,T2.3,multi_encoding,2,python,0,0,0,0,0
sample_00910,aws_access_key_id,T2.3,multi_encoding,2,python,0,0,0,0,0
sample_00911,aws_access_key_id,T2.3,multi_encoding,2,python,0,0,0,0,0
sample_00912,aws_access_key_id,T2.3,multi_encoding,2,python,0,0,0,0,0
sample_00913,aws_access_key_id,T2.3,multi_encoding,2,python,0,0,0,0,0
sample_00914,aws_access_key_id,T2.3,multi_encoding,2,python,0,0,0,0,0
sample_00915,aws_access_key_id,T2.3,multi_encoding,2,python,0,1,0,1,0
sample_00916,aws_access_key_id,T2.3,multi_encoding,2,python,0,0,0,0,0
sample_00917,aws_access_key_id,T2.3,multi_encoding,2,python,0,0,0,0,0
sample_00918,aws_access_key_id,T2.3,multi_encoding,2,python,0,0,0,0,0
sample_00919,aws_access_key_id,T2.3,multi_encoding,2,python,0,0,0,0,0
sample_00920,aws_access_key_id,T2.3,multi_encoding,2,python,0,0,0,0,0
sample_00921,aws_access_key_id,T2.3,multi_encoding,2,python,0,0,0,0,0
sample_00922,aws_access_key_id,T2.3,multi_encoding,2,python,0,0,0,0,0
sample_00923,aws_access_key_id,T2.3,multi_encoding,2,python,0,1,0,1,0
sample_00924,aws_access_key_id,T2.3,multi_encoding,2,python,0,0,0,0,0
sample_00925,aws_access_key_id,T2.3,multi_encoding,2,python,0,0,0,0,0
sample_00926,aws_access_key_id,T2.3,multi_encoding,2,python,0,0,0,0,0
sample_00927,aws_access_key_id,T2.3,multi_encoding,2,python,0,0,0,0,0
sample_00928,aws_access_key_id,T2.3,multi_encoding,2,python,0,0,0,0,0
sample_00929,aws_access_key_id,T2.3,multi_encoding,2,python,0,0,0,0,0
sample_00930,aws_access_key_id,T2.3,multi_encoding,2,python,0,0,0,0,0
sample_00931,aws_access_key_id,T2.3,multi_encoding,2,dotenv,0,0,0,0,0
sample_00932,aws_access_key_id,T2.3,multi_encoding,2,dotenv,0,1,0,1,0
sample_00933,aws_access_key_id,T2.3,multi_encoding,2,dotenv,0,0,0,0,0
sample_00934,aws_access_key_id,T2.3,multi_encoding,2,dotenv,0,0,0,0,0
sample_00935,aws_access_key_id,T2.3,multi_encoding,2,dotenv,0,1,0,1,0
sample_00936,aws_access_key_id,T2.3,multi_encoding,2,dotenv,0,0,0,0,0
sample_00937,aws_access_key_id,T2.3,multi_encoding,2,dotenv,0,0,0,0,0
sample_00938,aws_access_key_id,T2.3,multi_encoding,2,dotenv,0,0,0,0,0
sample_00939,aws_access_key_id,T2.3,multi_encoding,2,dotenv,0,0,0,0,0
sample_00940,aws_access_key_id,T2.3,multi_encoding,2,dotenv,0,0,0,0,0
sample_00941,aws_access_key_id,T2.3,multi_encoding,2,dotenv,0,0,0,0,0
sample_00942,aws_access_key_id,T2.3,multi_encoding,2,dotenv,0,0,0,0,0
sample_00943,aws_access_key_id,T2.3,multi_encoding,2,dotenv,0,0,0,0,0
sample_00944,aws_access_key_id,T2.3,multi_encoding,2,dotenv,0,0,0,0,0
sample_00945,aws_access_key_id,T2.3,multi_encoding,2,dotenv,0,0,0,0,0
sample_00946,aws_access_key_id,T2.3,multi_encoding,2,dotenv,0,0,0,0,0
sample_00947,aws_access_key_id,T2.3,multi_encoding,2,dotenv,0,0,0,0,0
sample_00948,aws_access_key_id,T2.3,multi_encoding,2,dotenv,0,1,0,1,0
sample_00949,aws_access_key_id,T2.3,multi_encoding,2,dotenv,0,0,0,0,0
sample_00950,aws_access_key_id,T2.3,multi_encoding,2,dotenv,0,0,0,0,0
sample_00951,aws_access_key_id,T2.3,multi_encoding,2,dotenv,0,0,0,0,0
sample_00952,aws_access_key_id,T2.3,multi_encoding,2,dotenv,0,0,0,0,0
sample_00953,aws_access_key_id,T2.3,multi_encoding,2,dotenv,0,0,0,0,0
sample_00954,aws_access_key_id,T2.3,multi_encoding,2,dotenv,0,0,0,0,0
sample_00955,aws_access_key_id,T2.3,multi_encoding,2,dotenv,0,1,0,1,0
sample_00956,aws_access_key_id,T2.3,multi_encoding,2,dotenv,0,0,0,0,0
sample_00957,aws_access_key_id,T2.3,multi_encoding,2,dotenv,0,1,0,1,0
sample_00958,aws_access_key_id,T2.3,multi_encoding,2,dotenv,0,0,0,0,0
sample_00959,aws_access_key_id,T2.3,multi_encoding,2,dotenv,0,0,0,0,0
sample_00960,aws_access_key_id,T2.3,multi_encoding,2,dotenv,0,0,0,0,0
sample_00961,aws_access_key_id,T2.3,multi_encoding,2,yaml,0,0,0,0,0
sample_00962,aws_access_key_id,T2.3,multi_encoding,2,yaml,0,1,0,1,0
sample_00963,aws_access_key_id,T2.3,multi_encoding,2,yaml,0,0,0,0,0
sample_00964,aws_access_key_id,T2.3,multi_encoding,2,yaml,0,0,0,0,0
sample_00965,aws_access_key_id,T2.3,multi_encoding,2,yaml,0,1,0,1,0
sample_00966,aws_access_key_id,T2.3,multi_encoding,2,yaml,0,0,0,0,0
sample_00967,aws_access_key_id,T2.3,multi_encoding,2,yaml,0,1,0,1,0
sample_00968,aws_access_key_id,T2.3,multi_encoding,2,yaml,0,1,0,1,0
sample_00969,aws_access_key_id,T2.3,multi_encoding,2,yaml,0,0,0,0,0
sample_00970,aws_access_key_id,T2.3,multi_encoding,2,yaml,0,0,0,0,0
sample_00971,aws_access_key_id,T2.3,multi_encoding,2,yaml,0,0,0,0,0
sample_00972,aws_access_key_id,T2.3,multi_encoding,2,yaml,0,1,0,1,0
sample_00973,aws_access_key_id,T2.3,multi_encoding,2,yaml,0,1,0,1,0
sample_00974,aws_access_key_id,T2.3,multi_encoding,2,yaml,0,0,0,0,0
sample_00975,aws_access_key_id,T2.3,multi_encoding,2,yaml,0,0,0,0,0
sample_00976,aws_access_key_id,T2.3,multi_encoding,2,yaml,0,1,0,1,0
sample_00977,aws_access_key_id,T2.3,multi_encoding,2,yaml,0,0,0,0,0
sample_00978,aws_access_key_id,T2.3,multi_encoding,2,yaml,0,0,0,0,0
sample_00979,aws_access_key_id,T2.3,multi_encoding,2,yaml,0,0,0,0,0
sample_00980,aws_access_key_id,T2.3,multi_encoding,2,yaml,0,0,0,0,0
sample_00981,aws_access_key_id,T2.3,multi_encoding,2,yaml,0,0,0,0,0
sample_00982,aws_access_key_id,T2.3,multi_encoding,2,yaml,0,0,0,0,0
sample_00983,aws_access_key_id,T2.3,multi_encoding,2,yaml,0,0,0,0,0
sample_00984,aws_access_key_id,T2.3,multi_encoding,2,yaml,0,0,0,0,0
sample_00985,aws_access_key_id,T2.3,multi_encoding,2,yaml,0,0,0,0,0
sample_00986,aws_access_key_id,T2.3,multi_encoding,2,yaml,0,0,0,0,0
sample_00987,aws_access_key_id,T2.3,multi_encoding,2,yaml,0,0,0,0,0
sample_00988,aws_access_key_id,T2.3,multi_encoding,2,yaml,0,0,0,0,0
sample_00989,aws_access_key_id,T2.3,multi_encoding,2,yaml,0,0,0,0,0
sample_00990,aws_access_key_id,T2.3,multi_encoding,2,yaml,0,1,0,1,0
sample_00991,aws_access_key_id,T3.1,splitting,1,python,0,0,0,0,0
sample_00992,aws_access_key_id,T3.1,splitting,1,python,0,0,0,0,0
sample_00993,aws_access_key_id,T3.1,splitting,1,python,0,0,0,0,0
sample_00994,aws_access_key_id,T3.1,splitting,1,python,0,0,0,0,0
sample_00995,aws_access_key_id,T3.1,splitting,1,python,0,0,0,0,0
sample_00996,aws_access_key_id,T3.1,splitting,1,python,0,0,0,0,0
sample_00997,aws_access_key_id,T3.1,splitting,1,python,0,0,0,0,0
sample_00998,aws_access_key_id,T3.1,splitting,1,python,0,0,0,0,0
sample_00999,aws_access_key_id,T3.1,splitting,1,python,0,0,0,0,0
sample_01000,aws_access_key_id,T3.1,splitting,1,python,0,0,0,0,0
sample_01001,aws_access_key_id,T3.1,splitting,1,python,0,0,0,0,0
sample_01002,aws_access_key_id,T3.1,splitting,1,python,0,0,0,0,0
sample_01003,aws_access_key_id,T3.1,splitting,1,python,0,0,0,0,0
sample_01004,aws_access_key_id,T3.1,splitting,1,python,0,0,0,0,0
sample_01005,aws_access_key_id,T3.1,splitting,1,python,0,0,0,0,0
sample_01006,aws_access_key_id,T3.1,splitting,1,python,0,0,0,0,0
sample_01007,aws_access_key_id,T3.1,splitting,1,python,0,0,0,0,0
sample_01008,aws_access_key_id,T3.1,splitting,1,python,0,0,0,0,0
sample_01009,aws_access_key_id,T3.1,splitting,1,python,0,0,0,0,0
sample_01010,aws_access_key_id,T3.1,splitting,1,python,0,0,0,0,0
sample_01011,aws_access_key_id,T3.1,splitting,1,python,0,0,0,0,0
sample_01012,aws_access_key_id,T3.1,splitting,1,python,0,0,0,0,0
sample_01013,aws_access_key_id,T3.1,splitting,1,python,0,0,0,0,0
sample_01014,aws_access_key_id,T3.1,splitting,1,python,0,0,0,0,0
sample_01015,aws_access_key_id,T3.1,splitting,1,python,0,0,0,0,0
sample_01016,aws_access_key_id,T3.1,splitting,1,python,0,0,0,0,0
sample_01017,aws_access_key_id,T3.1,splitting,1,python,0,0,0,0,0
sample_01018,aws_access_key_id,T3.1,splitting,1,python,0,0,0,0,0
sample_01019,aws_access_key_id,T3.1,splitting,1,python,0,0,0,0,0
sample_01020,aws_access_key_id,T3.1,splitting,1,python,0,0,0,0,0
sample_01021,aws_access_key_id,T3.2,splitting,1,python,0,0,0,0,0
sample_01022,aws_access_key_id,T3.2,splitting,1,python,0,0,0,0,0
sample_01023,aws_access_key_id,T3.2,splitting,1,python,0,0,0,0,0
sample_01024,aws_access_key_id,T3.2,splitting,1,python,0,0,0,0,0
sample_01025,aws_access_key_id,T3.2,splitting,1,python,0,0,0,0,0
sample_01026,aws_access_key_id,T3.2,splitting,1,python,0,0,0,0,0
sample_01027,aws_access_key_id,T3.2,splitting,1,python,0,0,0,0,0
sample_01028,aws_access_key_id,T3.2,splitting,1,python,0,0,0,0,0
sample_01029,aws_access_key_id,T3.2,splitting,1,python,0,0,0,0,0
sample_01030,aws_access_key_id,T3.2,splitting,1,python,0,0,0,0,0
sample_01031,aws_access_key_id,T3.2,splitting,1,python,0,0,0,0,0
sample_01032,aws_access_key_id,T3.2,splitting,1,python,0,0,0,0,0
sample_01033,aws_access_key_id,T3.2,splitting,1,python,0,0,0,0,0
sample_01034,aws_access_key_id,T3.2,splitting,1,python,0,0,0,0,0
sample_01035,aws_access_key_id,T3.2,splitting,1,python,0,0,0,0,0
sample_01036,aws_access_key_id,T3.2,splitting,1,python,0,0,0,0,0
sample_01037,aws_access_key_id,T3.2,splitting,1,python,0,0,0,0,0
sample_01038,aws_access_key_id,T3.2,splitting,1,python,0,0,0,0,0
sample_01039,aws_access_key_id,T3.2,splitting,1,python,0,0,0,0,0
sample_01040,aws_access_key_id,T3.2,splitting,1,python,0,0,0,0,0
sample_01041,aws_access_key_id,T3.2,splitting,1,python,0,0,0,0,0
sample_01042,aws_access_key_id,T3.2,splitting,1,python,0,0,0,0,0
sample_01043,aws_access_key_id,T3.2,splitting,1,python,0,0,0,0,0
sample_01044,aws_access_key_id,T3.2,splitting,1,python,0,0,0,0,0
sample_01045,aws_access_key_id,T3.2,splitting,1,python,0,0,0,0,0
sample_01046,aws_access_key_id,T3.2,splitting,1,python,0,0,0,0,0
sample_01047,aws_access_key_id,T3.2,splitting,1,python,0,0,0,0,0
sample_01048,aws_access_key_id,T3.2,splitting,1,python,0,0,0,0,0
sample_01049,aws_access_key_id,T3.2,splitting,1,python,0,0,0,0,0
sample_01050,aws_access_key_id,T3.2,splitting,1,python,0,0,0,0,0
sample_01051,aws_access_key_id,T3.3,splitting,1,python,0,0,0,0,0
sample_01052,aws_access_key_id,T3.3,splitting,1,python,0,0,0,0,0
sample_01053,aws_access_key_id,T3.3,splitting,1,python,0,0,0,0,0
sample_01054,aws_access_key_id,T3.3,splitting,1,python,0,0,0,0,0
sample_01055,aws_access_key_id,T3.3,splitting,1,python,0,0,0,0,0
sample_01056,aws_access_key_id,T3.3,splitting,1,python,0,0,0,0,0
sample_01057,aws_access_key_id,T3.3,splitting,1,python,0,0,0,0,0
sample_01058,aws_access_key_id,T3.3,splitting,1,python,0,0,0,0,0
sample_01059,aws_access_key_id,T3.3,splitting,1,python,0,0,0,0,0
sample_01060,aws_access_key_id,T3.3,splitting,1,python,0,0,0,0,0
sample_01061,aws_access_key_id,T3.3,splitting,1,python,0,0,0,0,0
sample_01062,aws_access_key_id,T3.3,splitting,1,python,0,0,0,0,0
sample_01063,aws_access_key_id,T3.3,splitting,1,python,0,0,0,0,0
sample_01064,aws_access_key_id,T3.3,splitting,1,python,0,0,0,0,0
sample_01065,aws_access_key_id,T3.3,splitting,1,python,0,0,0,0,0
sample_01066,aws_access_key_id,T3.3,splitting,1,python,0,0,0,0,0
sample_01067,aws_access_key_id,T3.3,splitting,1,python,0,0,0,0,0
sample_01068,aws_access_key_id,T3.3,splitting,1,python,0,0,0,0,0
sample_01069,aws_access_key_id,T3.3,splitting,1,python,0,0,0,0,0
sample_01070,aws_access_key_id,T3.3,splitting,1,python,0,0,0,0,0
sample_01071,aws_access_key_id,T3.3,splitting,1,python,0,0,0,0,0
sample_01072,aws_access_key_id,T3.3,splitting,1,python,0,0,0,0,0
sample_01073,aws_access_key_id,T3.3,splitting,1,python,0,0,0,0,0
sample_01074,aws_access_key_id,T3.3,splitting,1,python,0,0,0,0,0
sample_01075,aws_access_key_id,T3.3,splitting,1,python,0,0,0,0,0
sample_01076,aws_access_key_id,T3.3,splitting,1,python,0,0,0,0,0
sample_01077,aws_access_key_id,T3.3,splitting,1,python,0,0,0,0,0
sample_01078,aws_access_key_id,T3.3,splitting,1,python,0,0,0,0,0
sample_01079,aws_access_key_id,T3.3,splitting,1,python,0,0,0,0,0
sample_01080,aws_access_key_id,T3.3,splitting,1,python,0,0,0,0,0
sample_01081,aws_access_key_id,T3.4,splitting,1,python,0,0,0,0,0
sample_01082,aws_access_key_id,T3.4,splitting,1,python,0,0,0,0,0
sample_01083,aws_access_key_id,T3.4,splitting,1,python,0,0,0,0,0
sample_01084,aws_access_key_id,T3.4,splitting,1,python,0,0,0,0,0
sample_01085,aws_access_key_id,T3.4,splitting,1,python,0,0,0,0,0
sample_01086,aws_access_key_id,T3.4,splitting,1,python,0,0,0,0,0
sample_01087,aws_access_key_id,T3.4,splitting,1,python,0,0,0,0,0
sample_01088,aws_access_key_id,T3.4,splitting,1,python,0,0,0,0,0
sample_01089,aws_access_key_id,T3.4,splitting,1,python,0,0,0,0,0
sample_01090,aws_access_key_id,T3.4,splitting,1,python,0,0,0,0,0
sample_01091,aws_access_key_id,T3.4,splitting,1,python,0,0,0,0,0
sample_01092,aws_access_key_id,T3.4,splitting,1,python,0,0,0,0,0
sample_01093,aws_access_key_id,T3.4,splitting,1,python,0,0,0,0,0
sample_01094,aws_access_key_id,T3.4,splitting,1,python,0,0,0,0,0
sample_01095,aws_access_key_id,T3.4,splitting,1,python,0,0,0,0,0
sample_01096,aws_access_key_id,T3.4,splitting,1,python,0,0,0,0,0
sample_01097,aws_access_key_id,T3.4,splitting,1,python,0,0,0,0,0
sample_01098,aws_access_key_id,T3.4,splitting,1,python,0,0,0,0,0
sample_01099,aws_access_key_id,T3.4,splitting,1,python,0,0,0,0,0
sample_01100,aws_access_key_id,T3.4,splitting,1,python,0,0,0,0,0
sample_01101,aws_access_key_id,T3.4,splitting,1,python,0,0,0,0,0
sample_01102,aws_access_key_id,T3.4,splitting,1,python,0,0,0,0,0
sample_01103,aws_access_key_id,T3.4,splitting,1,python,0,0,0,0,0
sample_01104,aws_access_key_id,T3.4,splitting,1,python,0,0,0,0,0
sample_01105,aws_access_key_id,T3.4,splitting,1,python,0,0,0,0,0
sample_01106,aws_access_key_id,T3.4,splitting,1,python,0,0,0,0,0
sample_01107,aws_access_key_id,T3.4,splitting,1,python,0,0,0,0,0
sample_01108,aws_access_key_id,T3.4,splitting,1,python,0,0,0,0,0
sample_01109,aws_access_key_id,T3.4,splitting,1,python,0,0,0,0,0
sample_01110,aws_access_key_id,T3.4,splitting,1,python,0,0,0,0,0
sample_01111,aws_access_key_id,T3.5,splitting,1,python,0,0,0,0,0
sample_01112,aws_access_key_id,T3.5,splitting,1,python,0,0,0,0,0
sample_01113,aws_access_key_id,T3.5,splitting,1,python,0,0,0,0,0
sample_01114,aws_access_key_id,T3.5,splitting,1,python,0,0,0,0,0
sample_01115,aws_access_key_id,T3.5,splitting,1,python,0,0,0,0,0
sample_01116,aws_access_key_id,T3.5,splitting,1,python,0,0,0,0,0
sample_01117,aws_access_key_id,T3.5,splitting,1,python,0,0,0,0,0
sample_01118,aws_access_key_id,T3.5,splitting,1,python,0,0,0,0,0
sample_01119,aws_access_key_id,T3.5,splitting,1,python,0,0,0,0,0
sample_01120,aws_access_key_id,T3.5,splitting,1,python,0,0,0,0,0
sample_01121,aws_access_key_id,T3.5,splitting,1,python,0,0,0,0,0
sample_01122,aws_access_key_id,T3.5,splitting,1,python,0,0,0,0,0
sample_01123,aws_access_key_id,T3.5,splitting,1,python,0,0,0,0,0
sample_01124,aws_access_key_id,T3.5,splitting,1,python,0,0,0,0,0
sample_01125,aws_access_key_id,T3.5,splitting,1,python,0,0,0,0,0
sample_01126,aws_access_key_id,T3.5,splitting,1,python,0,0,0,0,0
sample_01127,aws_access_key_id,T3.5,splitting,1,python,0,0,0,0,0
sample_01128,aws_access_key_id,T3.5,splitting,1,python,0,0,0,0,0
sample_01129,aws_access_key_id,T3.5,splitting,1,python,0,0,0,0,0
sample_01130,aws_access_key_id,T3.5,splitting,1,python,0,0,0,0,0
sample_01131,aws_access_key_id,T3.5,splitting,1,python,0,0,0,0,0
sample_01132,aws_access_key_id,T3.5,splitting,1,python,0,0,0,0,0
sample_01133,aws_access_key_id,T3.5,splitting,1,python,0,0,0,0,0
sample_01134,aws_access_key_id,T3.5,splitting,1,python,0,0,0,0,0
sample_01135,aws_access_key_id,T3.5,splitting,1,python,0,0,0,0,0
sample_01136,aws_access_key_id,T3.5,splitting,1,python,0,0,0,0,0
sample_01137,aws_access_key_id,T3.5,splitting,1,python,0,0,0,0,0
sample_01138,aws_access_key_id,T3.5,splitting,1,python,0,0,0,0,0
sample_01139,aws_access_key_id,T3.5,splitting,1,python,0,0,0,0,0
sample_01140,aws_access_key_id,T3.5,splitting,1,python,0,0,0,0,0
sample_01141,aws_access_key_id,T4.3,char_format,1,python,0,0,0,0,0
sample_01142,aws_access_key_id,T4.3,char_format,1,python,0,0,0,0,0
sample_01143,aws_access_key_id,T4.3,char_format,1,python,0,0,0,0,0
sample_01144,aws_access_key_id,T4.3,char_format,1,python,0,0,0,0,0
sample_01145,aws_access_key_id,T4.3,char_format,1,python,0,0,0,0,0
sample_01146,aws_access_key_id,T4.3,char_format,1,python,0,0,0,0,0
sample_01147,aws_access_key_id,T4.3,char_format,1,python,0,0,0,0,0
sample_01148,aws_access_key_id,T4.3,char_format,1,python,0,0,0,0,0
sample_01149,aws_access_key_id,T4.3,char_format,1,python,0,0,0,0,0
sample_01150,aws_access_key_id,T4.3,char_format,1,python,0,0,0,0,0
sample_01151,aws_access_key_id,T4.3,char_format,1,python,0,0,0,0,0
sample_01152,aws_access_key_id,T4.3,char_format,1,python,0,0,0,0,0
sample_01153,aws_access_key_id,T4.3,char_format,1,python,0,0,0,0,0
sample_01154,aws_access_key_id,T4.3,char_format,1,python,0,0,0,0,0
sample_01155,aws_access_key_id,T4.3,char_format,1,python,0,0,0,0,0
sample_01156,aws_access_key_id,T4.3,char_format,1,python,0,0,0,0,0
sample_01157,aws_access_key_id,T4.3,char_format,1,python,0,0,0,0,0
sample_01158,aws_access_key_id,T4.3,char_format,1,python,0,0,0,0,0
sample_01159,aws_access_key_id,T4.3,char_format,1,python,0,0,0,0,0
sample_01160,aws_access_key_id,T4.3,char_format,1,python,0,0,0,0,0
sample_01161,aws_access_key_id,T4.3,char_format,1,python,0,0,0,0,0
sample_01162,aws_access_key_id,T4.3,char_format,1,python,0,0,0,0,0
sample_01163,aws_access_key_id,T4.3,char_format,1,python,0,0,0,0,0
sample_01164,aws_access_key_id,T4.3,char_format,1,python,0,0,0,0,0
sample_01165,aws_access_key_id,T4.3,char_format,1,python,0,0,0,0,0
sample_01166,aws_access_key_id,T4.3,char_format,1,python,0,0,0,0,0
sample_01167,aws_access_key_id,T4.3,char_format,1,python,0,0,0,0,0
sample_01168,aws_access_key_id,T4.3,char_format,1,python,0,0,0,0,0
sample_01169,aws_access_key_id,T4.3,char_format,1,python,0,0,0,0,0
sample_01170,aws_access_key_id,T4.3,char_format,1,python,0,0,0,0,0
sample_01171,aws_access_key_id,T4.5,char_format,1,python,0,0,0,0,0
sample_01172,aws_access_key_id,T4.5,char_format,1,python,0,0,0,0,0
sample_01173,aws_access_key_id,T4.5,char_format,1,python,0,0,0,0,0
sample_01174,aws_access_key_id,T4.5,char_format,1,python,0,0,0,0,0
sample_01175,aws_access_key_id,T4.5,char_format,1,python,0,0,0,0,0
sample_01176,aws_access_key_id,T4.5,char_format,1,python,0,0,0,0,0
sample_01177,aws_access_key_id,T4.5,char_format,1,python,0,0,0,0,0
sample_01178,aws_access_key_id,T4.5,char_format,1,python,0,0,0,0,0
sample_01179,aws_access_key_id,T4.5,char_format,1,python,0,0,0,0,0
sample_01180,aws_access_key_id,T4.5,char_format,1,python,0,0,0,0,0
sample_01181,aws_access_key_id,T4.5,char_format,1,python,0,0,0,0,0
sample_01182,aws_access_key_id,T4.5,char_format,1,python,0,0,0,0,0
sample_01183,aws_access_key_id,T4.5,char_format,1,python,0,0,0,0,0
sample_01184,aws_access_key_id,T4.5,char_format,1,python,0,0,0,0,0
sample_01185,aws_access_key_id,T4.5,char_format,1,python,0,0,0,0,0
sample_01186,aws_access_key_id,T4.5,char_format,1,python,0,0,0,0,0
sample_01187,aws_access_key_id,T4.5,char_format,1,python,0,0,0,0,0
sample_01188,aws_access_key_id,T4.5,char_format,1,python,0,0,0,0,0
sample_01189,aws_access_key_id,T4.5,char_format,1,python,0,0,0,0,0
sample_01190,aws_access_key_id,T4.5,char_format,1,python,0,0,0,0,0
sample_01191,aws_access_key_id,T4.5,char_format,1,python,0,0,0,0,0
sample_01192,aws_access_key_id,T4.5,char_format,1,python,0,0,0,0,0
sample_01193,aws_access_key_id,T4.5,char_format,1,python,0,0,0,0,0
sample_01194,aws_access_key_id,T4.5,char_format,1,python,0,0,0,0,0
sample_01195,aws_access_key_id,T4.5,char_format,1,python,0,0,0,0,0
sample_01196,aws_access_key_id,T4.5,char_format,1,python,0,0,0,0,0
sample_01197,aws_access_key_id,T4.5,char_format,1,python,0,0,0,0,0
sample_01198,aws_access_key_id,T4.5,char_format,1,python,0,0,0,0,0
sample_01199,aws_access_key_id,T4.5,char_format,1,python,0,0,0,0,0
sample_01200,aws_access_key_id,T4.5,char_format,1,python,0,0,0,0,0
sample_01201,aws_access_key_id,T4.5,char_format,1,dotenv,0,0,0,0,0
sample_01202,aws_access_key_id,T4.5,char_format,1,dotenv,0,0,0,0,0
sample_01203,aws_access_key_id,T4.5,char_format,1,dotenv,0,0,0,0,0
sample_01204,aws_access_key_id,T4.5,char_format,1,dotenv,0,0,0,0,0
sample_01205,aws_access_key_id,T4.5,char_format,1,dotenv,0,0,0,0,0
sample_01206,aws_access_key_id,T4.5,char_format,1,dotenv,0,0,0,0,0
sample_01207,aws_access_key_id,T4.5,char_format,1,dotenv,0,0,0,0,0
sample_01208,aws_access_key_id,T4.5,char_format,1,dotenv,0,0,0,0,0
sample_01209,aws_access_key_id,T4.5,char_format,1,dotenv,0,0,0,0,0
sample_01210,aws_access_key_id,T4.5,char_format,1,dotenv,0,0,0,0,0
sample_01211,aws_access_key_id,T4.5,char_format,1,dotenv,0,0,0,0,0
sample_01212,aws_access_key_id,T4.5,char_format,1,dotenv,0,0,0,0,0
sample_01213,aws_access_key_id,T4.5,char_format,1,dotenv,0,0,0,0,0
sample_01214,aws_access_key_id,T4.5,char_format,1,dotenv,0,0,0,0,0
sample_01215,aws_access_key_id,T4.5,char_format,1,dotenv,0,0,0,0,0
sample_01216,aws_access_key_id,T4.5,char_format,1,dotenv,0,0,0,0,0
sample_01217,aws_access_key_id,T4.5,char_format,1,dotenv,0,0,0,0,0
sample_01218,aws_access_key_id,T4.5,char_format,1,dotenv,0,0,0,0,0
sample_01219,aws_access_key_id,T4.5,char_format,1,dotenv,0,0,0,0,0
sample_01220,aws_access_key_id,T4.5,char_format,1,dotenv,0,0,0,0,0
sample_01221,aws_access_key_id,T4.5,char_format,1,dotenv,0,0,0,0,0
sample_01222,aws_access_key_id,T4.5,char_format,1,dotenv,0,0,0,0,0
sample_01223,aws_access_key_id,T4.5,char_format,1,dotenv,0,0,0,0,0
sample_01224,aws_access_key_id,T4.5,char_format,1,dotenv,0,0,0,0,0
sample_01225,aws_access_key_id,T4.5,char_format,1,dotenv,0,0,0,0,0
sample_01226,aws_access_key_id,T4.5,char_format,1,dotenv,0,0,0,0,0
sample_01227,aws_access_key_id,T4.5,char_format,1,dotenv,0,0,0,0,0
sample_01228,aws_access_key_id,T4.5,char_format,1,dotenv,0,0,0,0,0
sample_01229,aws_access_key_id,T4.5,char_format,1,dotenv,0,0,0,0,0
sample_01230,aws_access_key_id,T4.5,char_format,1,dotenv,0,0,0,0,0
sample_01231,aws_access_key_id,T4.5,char_format,1,yaml,0,0,0,0,0
sample_01232,aws_access_key_id,T4.5,char_format,1,yaml,0,0,0,0,0
sample_01233,aws_access_key_id,T4.5,char_format,1,yaml,0,0,0,0,0
sample_01234,aws_access_key_id,T4.5,char_format,1,yaml,0,0,0,0,0
sample_01235,aws_access_key_id,T4.5,char_format,1,yaml,0,0,0,0,0
sample_01236,aws_access_key_id,T4.5,char_format,1,yaml,0,0,0,0,0
sample_01237,aws_access_key_id,T4.5,char_format,1,yaml,0,0,0,0,0
sample_01238,aws_access_key_id,T4.5,char_format,1,yaml,0,0,0,0,0
sample_01239,aws_access_key_id,T4.5,char_format,1,yaml,0,0,0,0,0
sample_01240,aws_access_key_id,T4.5,char_format,1,yaml,0,0,0,0,0
sample_01241,aws_access_key_id,T4.5,char_format,1,yaml,0,0,0,0,0
sample_01242,aws_access_key_id,T4.5,char_format,1,yaml,0,0,0,0,0
sample_01243,aws_access_key_id,T4.5,char_format,1,yaml,0,0,0,0,0
sample_01244,aws_access_key_id,T4.5,char_format,1,yaml,0,0,0,0,0
sample_01245,aws_access_key_id,T4.5,char_format,1,yaml,0,0,0,0,0
sample_01246,aws_access_key_id,T4.5,char_format,1,yaml,0,0,0,0,0
sample_01247,aws_access_key_id,T4.5,char_format,1,yaml,0,0,0,0,0
sample_01248,aws_access_key_id,T4.5,char_format,1,yaml,0,0,0,0,0
sample_01249,aws_access_key_id,T4.5,char_format,1,yaml,0,0,0,0,0
sample_01250,aws_access_key_id,T4.5,char_format,1,yaml,0,0,0,0,0
sample_01251,aws_access_key_id,T4.5,char_format,1,yaml,0,0,0,0,0
sample_01252,aws_access_key_id,T4.5,char_format,1,yaml,0,0,0,0,0
sample_01253,aws_access_key_id,T4.5,char_format,1,yaml,0,0,0,0,0
sample_01254,aws_access_key_id,T4.5,char_format,1,yaml,0,0,0,0,0
sample_01255,aws_access_key_id,T4.5,char_format,1,yaml,0,0,0,0,0
sample_01256,aws_access_key_id,T4.5,char_format,1,yaml,0,0,0,0,0
sample_01257,aws_access_key_id,T4.5,char_format,1,yaml,0,0,0,0,0
sample_01258,aws_access_key_id,T4.5,char_format,1,yaml,0,0,0,0,0
sample_01259,aws_access_key_id,T4.5,char_format,1,yaml,0,0,0,0,0
sample_01260,aws_access_key_id,T4.5,char_format,1,yaml,0,0,0,0,0
sample_01261,aws_access_key_id,T5.1,indirection,1,python,0,0,0,0,0
sample_01262,aws_access_key_id,T5.1,indirection,1,python,0,0,0,0,0
sample_01263,aws_access_key_id,T5.1,indirection,1,python,0,0,0,0,0
sample_01264,aws_access_key_id,T5.1,indirection,1,python,0,0,0,0,0
sample_01265,aws_access_key_id,T5.1,indirection,1,python,0,0,0,0,0
sample_01266,aws_access_key_id,T5.1,indirection,1,python,0,0,0,0,0
sample_01267,aws_access_key_id,T5.1,indirection,1,python,0,0,0,0,0
sample_01268,aws_access_key_id,T5.1,indirection,1,python,0,0,0,0,0
sample_01269,aws_access_key_id,T5.1,indirection,1,python,0,0,0,0,0
sample_01270,aws_access_key_id,T5.1,indirection,1,python,0,0,0,0,0
sample_01271,aws_access_key_id,T5.1,indirection,1,python,0,0,0,0,0
sample_01272,aws_access_key_id,T5.1,indirection,1,python,0,0,0,0,0
sample_01273,aws_access_key_id,T5.1,indirection,1,python,0,0,0,0,0
sample_01274,aws_access_key_id,T5.1,indirection,1,python,0,0,0,0,0
sample_01275,aws_access_key_id,T5.1,indirection,1,python,0,0,0,0,0
sample_01276,aws_access_key_id,T5.1,indirection,1,python,0,0,0,0,0
sample_01277,aws_access_key_id,T5.1,indirection,1,python,0,0,0,0,0
sample_01278,aws_access_key_id,T5.1,indirection,1,python,0,0,0,0,0
sample_01279,aws_access_key_id,T5.1,indirection,1,python,0,0,0,0,0
sample_01280,aws_access_key_id,T5.1,indirection,1,python,0,0,0,0,0
sample_01281,aws_access_key_id,T5.1,indirection,1,python,0,0,0,0,0
sample_01282,aws_access_key_id,T5.1,indirection,1,python,0,0,0,0,0
sample_01283,aws_access_key_id,T5.1,indirection,1,python,0,0,0,0,0
sample_01284,aws_access_key_id,T5.1,indirection,1,python,0,0,0,0,0
sample_01285,aws_access_key_id,T5.1,indirection,1,python,0,0,0,0,0
sample_01286,aws_access_key_id,T5.1,indirection,1,python,0,0,0,0,0
sample_01287,aws_access_key_id,T5.1,indirection,1,python,0,0,0,0,0
sample_01288,aws_access_key_id,T5.1,indirection,1,python,0,0,0,0,0
sample_01289,aws_access_key_id,T5.1,indirection,1,python,0,0,0,0,0
sample_01290,aws_access_key_id,T5.1,indirection,1,python,0,0,0,0,0
sample_01291,aws_access_key_id,T5.2,indirection,1,python,0,0,0,0,0
sample_01292,aws_access_key_id,T5.2,indirection,1,python,0,0,0,0,0
sample_01293,aws_access_key_id,T5.2,indirection,1,python,0,0,0,0,0
sample_01294,aws_access_key_id,T5.2,indirection,1,python,0,0,0,0,0
sample_01295,aws_access_key_id,T5.2,indirection,1,python,0,0,0,0,0
sample_01296,aws_access_key_id,T5.2,indirection,1,python,0,0,0,0,0
sample_01297,aws_access_key_id,T5.2,indirection,1,python,0,0,0,0,0
sample_01298,aws_access_key_id,T5.2,indirection,1,python,0,0,0,0,0
sample_01299,aws_access_key_id,T5.2,indirection,1,python,0,0,0,0,0
sample_01300,aws_access_key_id,T5.2,indirection,1,python,0,0,0,0,0
sample_01301,aws_access_key_id,T5.2,indirection,1,python,0,0,0,0,0
sample_01302,aws_access_key_id,T5.2,indirection,1,python,0,0,0,0,0
sample_01303,aws_access_key_id,T5.2,indirection,1,python,0,0,0,0,0
sample_01304,aws_access_key_id,T5.2,indirection,1,python,0,0,0,0,0
sample_01305,aws_access_key_id,T5.2,indirection,1,python,0,0,0,0,0
sample_01306,aws_access_key_id,T5.2,indirection,1,python,0,0,0,0,0
sample_01307,aws_access_key_id,T5.2,indirection,1,python,0,0,0,0,0
sample_01308,aws_access_key_id,T5.2,indirection,1,python,0,0,0,0,0
sample_01309,aws_access_key_id,T5.2,indirection,1,python,0,0,0,0,0
sample_01310,aws_access_key_id,T5.2,indirection,1,python,0,0,0,0,0
sample_01311,aws_access_key_id,T5.2,indirection,1,python,0,0,0,0,0
sample_01312,aws_access_key_id,T5.2,indirection,1,python,0,0,0,0,0
sample_01313,aws_access_key_id,T5.2,indirection,1,python,0,0,0,0,0
sample_01314,aws_access_key_id,T5.2,indirection,1,python,0,0,0,0,0
sample_01315,aws_access_key_id,T5.2,indirection,1,python,0,0,0,0,0
sample_01316,aws_access_key_id,T5.2,indirection,1,python,0,0,0,0,0
sample_01317,aws_access_key_id,T5.2,indirection,1,python,0,0,0,0,0
sample_01318,aws_access_key_id,T5.2,indirection,1,python,0,0,0,0,0
sample_01319,aws_access_key_id,T5.2,indirection,1,python,0,0,0,0,0
sample_01320,aws_access_key_id,T5.2,indirection,1,python,0,0,0,0,0
sample_01321,aws_access_key_id,T6.1,contextual,1,python,0,0,0,0,0
sample_01322,aws_access_key_id,T6.1,contextual,1,python,0,0,0,0,0
sample_01323,aws_access_key_id,T6.1,contextual,1,python,0,0,0,0,0
sample_01324,aws_access_key_id,T6.1,contextual,1,python,0,0,0,0,0
sample_01325,aws_access_key_id,T6.1,contextual,1,python,0,0,0,0,0
sample_01326,aws_access_key_id,T6.1,contextual,1,python,0,0,0,0,0
sample_01327,aws_access_key_id,T6.1,contextual,1,python,0,0,0,0,0
sample_01328,aws_access_key_id,T6.1,contextual,1,python,0,0,0,0,0
sample_01329,aws_access_key_id,T6.1,contextual,1,python,0,0,0,0,0
sample_01330,aws_access_key_id,T6.1,contextual,1,python,0,0,0,0,0
sample_01331,aws_access_key_id,T6.1,contextual,1,python,0,0,0,0,0
sample_01332,aws_access_key_id,T6.1,contextual,1,python,0,0,0,0,0
sample_01333,aws_access_key_id,T6.1,contextual,1,python,0,0,0,0,0
sample_01334,aws_access_key_id,T6.1,contextual,1,python,0,0,0,0,0
sample_01335,aws_access_key_id,T6.1,contextual,1,python,0,0,0,0,0
sample_01336,aws_access_key_id,T6.1,contextual,1,python,0,0,0,0,0
sample_01337,aws_access_key_id,T6.1,contextual,1,python,0,0,0,0,0
sample_01338,aws_access_key_id,T6.1,contextual,1,python,0,0,0,0,0
sample_01339,aws_access_key_id,T6.1,contextual,1,python,1,1,1,1,0
sample_01340,aws_access_key_id,T6.1,contextual,1,python,0,0,0,0,0
sample_01341,aws_access_key_id,T6.1,contextual,1,python,1,1,1,1,0
sample_01342,aws_access_key_id,T6.1,contextual,1,python,0,0,0,0,0
sample_01343,aws_access_key_id,T6.1,contextual,1,python,0,0,0,0,0
sample_01344,aws_access_key_id,T6.1,contextual,1,python,0,0,0,0,0
sample_01345,aws_access_key_id,T6.1,contextual,1,python,0,0,0,0,0
sample_01346,aws_access_key_id,T6.1,contextual,1,python,0,0,0,0,0
sample_01347,aws_access_key_id,T6.1,contextual,1,python,0,0,0,0,0
sample_01348,aws_access_key_id,T6.1,contextual,1,python,0,0,0,0,0
sample_01349,aws_access_key_id,T6.1,contextual,1,python,0,0,0,0,0
sample_01350,aws_access_key_id,T6.1,contextual,1,python,0,0,0,0,0
sample_01351,aws_access_key_id,T6.1,contextual,1,dotenv,0,0,0,0,0
sample_01352,aws_access_key_id,T6.1,contextual,1,dotenv,0,0,0,0,0
sample_01353,aws_access_key_id,T6.1,contextual,1,dotenv,0,0,0,0,0
sample_01354,aws_access_key_id,T6.1,contextual,1,dotenv,0,0,0,0,0
sample_01355,aws_access_key_id,T6.1,contextual,1,dotenv,0,0,0,0,0
sample_01356,aws_access_key_id,T6.1,contextual,1,dotenv,1,1,1,1,0
sample_01357,aws_access_key_id,T6.1,contextual,1,dotenv,0,0,0,0,0
sample_01358,aws_access_key_id,T6.1,contextual,1,dotenv,0,0,0,0,0
sample_01359,aws_access_key_id,T6.1,contextual,1,dotenv,0,0,0,0,0
sample_01360,aws_access_key_id,T6.1,contextual,1,dotenv,0,0,0,0,0
sample_01361,aws_access_key_id,T6.1,contextual,1,dotenv,1,1,1,1,0
sample_01362,aws_access_key_id,T6.1,contextual,1,dotenv,0,0,0,0,0
sample_01363,aws_access_key_id,T6.1,contextual,1,dotenv,0,0,0,0,0
sample_01364,aws_access_key_id,T6.1,contextual,1,dotenv,0,0,0,0,0
sample_01365,aws_access_key_id,T6.1,contextual,1,dotenv,0,0,0,0,0
sample_01366,aws_access_key_id,T6.1,contextual,1,dotenv,0,0,0,0,0
sample_01367,aws_access_key_id,T6.1,contextual,1,dotenv,1,1,1,1,0
sample_01368,aws_access_key_id,T6.1,contextual,1,dotenv,0,0,0,0,0
sample_01369,aws_access_key_id,T6.1,contextual,1,dotenv,0,0,0,0,0
sample_01370,aws_access_key_id,T6.1,contextual,1,dotenv,0,0,0,0,0
sample_01371,aws_access_key_id,T6.1,contextual,1,dotenv,0,0,0,0,0
sample_01372,aws_access_key_id,T6.1,contextual,1,dotenv,0,0,0,0,0
sample_01373,aws_access_key_id,T6.1,contextual,1,dotenv,0,0,0,0,0
sample_01374,aws_access_key_id,T6.1,contextual,1,dotenv,1,1,1,1,0
sample_01375,aws_access_key_id,T6.1,contextual,1,dotenv,0,0,0,0,0
sample_01376,aws_access_key_id,T6.1,contextual,1,dotenv,0,0,0,0,0
sample_01377,aws_access_key_id,T6.1,contextual,1,dotenv,0,0,0,0,0
sample_01378,aws_access_key_id,T6.1,contextual,1,dotenv,0,0,0,0,0
sample_01379,aws_access_key_id,T6.1,contextual,1,dotenv,0,0,0,0,0
sample_01380,aws_access_key_id,T6.1,contextual,1,dotenv,0,0,0,0,0
sample_01381,aws_access_key_id,T6.1,contextual,1,yaml,0,0,0,0,0
sample_01382,aws_access_key_id,T6.1,contextual,1,yaml,1,1,1,1,0
sample_01383,aws_access_key_id,T6.1,contextual,1,yaml,0,0,0,0,0
sample_01384,aws_access_key_id,T6.1,contextual,1,yaml,0,0,0,0,0
sample_01385,aws_access_key_id,T6.1,contextual,1,yaml,0,0,0,0,0
sample_01386,aws_access_key_id,T6.1,contextual,1,yaml,0,0,0,0,0
sample_01387,aws_access_key_id,T6.1,contextual,1,yaml,0,0,0,0,0
sample_01388,aws_access_key_id,T6.1,contextual,1,yaml,1,1,1,1,0
sample_01389,aws_access_key_id,T6.1,contextual,1,yaml,0,0,0,0,0
sample_01390,aws_access_key_id,T6.1,contextual,1,yaml,0,0,0,0,0
sample_01391,aws_access_key_id,T6.1,contextual,1,yaml,1,1,1,1,0
sample_01392,aws_access_key_id,T6.1,contextual,1,yaml,0,0,0,0,0
sample_01393,aws_access_key_id,T6.1,contextual,1,yaml,0,0,0,0,0
sample_01394,aws_access_key_id,T6.1,contextual,1,yaml,0,0,0,0,0
sample_01395,aws_access_key_id,T6.1,contextual,1,yaml,1,1,1,1,0
sample_01396,aws_access_key_id,T6.1,contextual,1,yaml,0,0,0,0,0
sample_01397,aws_access_key_id,T6.1,contextual,1,yaml,1,1,1,1,0
sample_01398,aws_access_key_id,T6.1,contextual,1,yaml,0,0,0,0,0
sample_01399,aws_access_key_id,T6.1,contextual,1,yaml,0,0,0,0,0
sample_01400,aws_access_key_id,T6.1,contextual,1,yaml,1,1,1,1,0
sample_01401,aws_access_key_id,T6.1,contextual,1,yaml,0,0,0,0,0
sample_01402,aws_access_key_id,T6.1,contextual,1,yaml,0,0,0,0,0
sample_01403,aws_access_key_id,T6.1,contextual,1,yaml,1,1,1,1,0
sample_01404,aws_access_key_id,T6.1,contextual,1,yaml,0,0,0,0,0
sample_01405,aws_access_key_id,T6.1,contextual,1,yaml,0,0,0,0,0
sample_01406,aws_access_key_id,T6.1,contextual,1,yaml,0,0,0,0,0
sample_01407,aws_access_key_id,T6.1,contextual,1,yaml,0,0,0,0,0
sample_01408,aws_access_key_id,T6.1,contextual,1,yaml,1,1,1,1,0
sample_01409,aws_access_key_id,T6.1,contextual,1,yaml,1,1,1,1,0
sample_01410,aws_access_key_id,T6.1,contextual,1,yaml,0,0,0,0,0
sample_01411,aws_access_key_id,T6.4,contextual,1,python,0,0,0,0,0
sample_01412,aws_access_key_id,T6.4,contextual,1,python,0,0,0,0,0
sample_01413,aws_access_key_id,T6.4,contextual,1,python,1,1,1,1,0
sample_01414,aws_access_key_id,T6.4,contextual,1,python,1,1,1,1,0
sample_01415,aws_access_key_id,T6.4,contextual,1,python,0,0,0,0,0
sample_01416,aws_access_key_id,T6.4,contextual,1,python,0,0,0,0,0
sample_01417,aws_access_key_id,T6.4,contextual,1,python,0,0,0,0,0
sample_01418,aws_access_key_id,T6.4,contextual,1,python,0,0,0,0,0
sample_01419,aws_access_key_id,T6.4,contextual,1,python,0,0,0,0,0
sample_01420,aws_access_key_id,T6.4,contextual,1,python,0,0,0,0,0
sample_01421,aws_access_key_id,T6.4,contextual,1,python,0,0,0,0,0
sample_01422,aws_access_key_id,T6.4,contextual,1,python,0,0,0,0,0
sample_01423,aws_access_key_id,T6.4,contextual,1,python,0,0,0,0,0
sample_01424,aws_access_key_id,T6.4,contextual,1,python,0,0,0,0,0
sample_01425,aws_access_key_id,T6.4,contextual,1,python,0,0,0,0,0
sample_01426,aws_access_key_id,T6.4,contextual,1,python,0,0,0,0,0
sample_01427,aws_access_key_id,T6.4,contextual,1,python,0,0,0,0,0
sample_01428,aws_access_key_id,T6.4,contextual,1,python,0,0,0,0,0
sample_01429,aws_access_key_id,T6.4,contextual,1,python,0,0,0,0,0
sample_01430,aws_access_key_id,T6.4,contextual,1,python,0,0,0,0,0
sample_01431,aws_access_key_id,T6.4,contextual,1,python,0,0,0,0,0
sample_01432,aws_access_key_id,T6.4,contextual,1,python,1,1,1,1,0
sample_01433,aws_access_key_id,T6.4,contextual,1,python,0,0,0,0,0
sample_01434,aws_access_key_id,T6.4,contextual,1,python,0,0,0,0,0
sample_01435,aws_access_key_id,T6.4,contextual,1,python,1,1,1,1,0
sample_01436,aws_access_key_id,T6.4,contextual,1,python,0,0,0,0,0
sample_01437,aws_access_key_id,T6.4,contextual,1,python,1,1,1,1,0
sample_01438,aws_access_key_id,T6.4,contextual,1,python,0,0,0,0,0
sample_01439,aws_access_key_id,T6.4,contextual,1,python,0,0,0,0,0
sample_01440,aws_access_key_id,T6.4,contextual,1,python,1,1,1,1,0
sample_01441,aws_access_key_id,T6.4,contextual,1,dotenv,0,0,0,0,0
sample_01442,aws_access_key_id,T6.4,contextual,1,dotenv,0,0,0,0,0
sample_01443,aws_access_key_id,T6.4,contextual,1,dotenv,0,0,0,0,0
sample_01444,aws_access_key_id,T6.4,contextual,1,dotenv,0,0,0,0,0
sample_01445,aws_access_key_id,T6.4,contextual,1,dotenv,0,0,0,0,0
sample_01446,aws_access_key_id,T6.4,contextual,1,dotenv,1,1,1,1,0
sample_01447,aws_access_key_id,T6.4,contextual,1,dotenv,0,0,0,0,0
sample_01448,aws_access_key_id,T6.4,contextual,1,dotenv,0,0,0,0,0
sample_01449,aws_access_key_id,T6.4,contextual,1,dotenv,0,0,0,0,0
sample_01450,aws_access_key_id,T6.4,contextual,1,dotenv,0,0,0,0,0
sample_01451,aws_access_key_id,T6.4,contextual,1,dotenv,0,0,0,0,0
sample_01452,aws_access_key_id,T6.4,contextual,1,dotenv,1,1,1,1,0
sample_01453,aws_access_key_id,T6.4,contextual,1,dotenv,0,0,0,0,0
sample_01454,aws_access_key_id,T6.4,contextual,1,dotenv,0,0,0,0,0
sample_01455,aws_access_key_id,T6.4,contextual,1,dotenv,1,1,1,1,0
sample_01456,aws_access_key_id,T6.4,contextual,1,dotenv,1,1,1,1,0
sample_01457,aws_access_key_id,T6.4,contextual,1,dotenv,0,0,0,0,0
sample_01458,aws_access_key_id,T6.4,contextual,1,dotenv,1,1,1,1,0
sample_01459,aws_access_key_id,T6.4,contextual,1,dotenv,1,1,1,1,0
sample_01460,aws_access_key_id,T6.4,contextual,1,dotenv,0,0,0,0,0
sample_01461,aws_access_key_id,T6.4,contextual,1,dotenv,1,1,1,1,0
sample_01462,aws_access_key_id,T6.4,contextual,1,dotenv,0,0,0,0,0
sample_01463,aws_access_key_id,T6.4,contextual,1,dotenv,0,0,0,0,0
sample_01464,aws_access_key_id,T6.4,contextual,1,dotenv,0,0,0,0,0
sample_01465,aws_access_key_id,T6.4,contextual,1,dotenv,0,0,0,0,0
sample_01466,aws_access_key_id,T6.4,contextual,1,dotenv,0,0,0,0,0
sample_01467,aws_access_key_id,T6.4,contextual,1,dotenv,0,0,0,0,0
sample_01468,aws_access_key_id,T6.4,contextual,1,dotenv,0,0,0,0,0
sample_01469,aws_access_key_id,T6.4,contextual,1,dotenv,0,0,0,0,0
sample_01470,aws_access_key_id,T6.4,contextual,1,dotenv,0,0,0,0,0
sample_01471,aws_access_key_id,T6.4,contextual,1,yaml,0,0,0,0,0
sample_01472,aws_access_key_id,T6.4,contextual,1,yaml,0,0,0,0,0
sample_01473,aws_access_key_id,T6.4,contextual,1,yaml,0,0,0,0,0
sample_01474,aws_access_key_id,T6.4,contextual,1,yaml,1,1,1,1,0
sample_01475,aws_access_key_id,T6.4,contextual,1,yaml,0,0,0,0,0
sample_01476,aws_access_key_id,T6.4,contextual,1,yaml,0,0,0,0,0
sample_01477,aws_access_key_id,T6.4,contextual,1,yaml,0,0,0,0,0
sample_01478,aws_access_key_id,T6.4,contextual,1,yaml,0,0,0,0,0
sample_01479,aws_access_key_id,T6.4,contextual,1,yaml,0,0,0,0,0
sample_01480,aws_access_key_id,T6.4,contextual,1,yaml,0,0,0,0,0
sample_01481,aws_access_key_id,T6.4,contextual,1,yaml,0,0,0,0,0
sample_01482,aws_access_key_id,T6.4,contextual,1,yaml,0,0,0,0,0
sample_01483,aws_access_key_id,T6.4,contextual,1,yaml,0,0,0,0,0
sample_01484,aws_access_key_id,T6.4,contextual,1,yaml,0,0,0,0,0
sample_01485,aws_access_key_id,T6.4,contextual,1,yaml,0,0,0,0,0
sample_01486,aws_access_key_id,T6.4,contextual,1,yaml,0,0,0,0,0
sample_01487,aws_access_key_id,T6.4,contextual,1,yaml,0,0,0,0,0
sample_01488,aws_access_key_id,T6.4,contextual,1,yaml,0,0,0,0,0
sample_01489,aws_access_key_id,T6.4,contextual,1,yaml,0,0,0,0,0
sample_01490,aws_access_key_id,T6.4,contextual,1,yaml,0,0,0,0,0
sample_01491,aws_access_key_id,T6.4,contextual,1,yaml,0,0,0,0,0
sample_01492,aws_access_key_id,T6.4,contextual,1,yaml,1,1,1,1,0
sample_01493,aws_access_key_id,T6.4,contextual,1,yaml,0,0,0,0,0
sample_01494,aws_access_key_id,T6.4,contextual,1,yaml,0,0,0,0,0
sample_01495,aws_access_key_id,T6.4,contextual,1,yaml,0,0,0,0,0
sample_01496,aws_access_key_id,T6.4,contextual,1,yaml,0,0,0,0,0
sample_01497,aws_access_key_id,T6.4,contextual,1,yaml,0,0,0,0,0
sample_01498,aws_access_key_id,T6.4,contextual,1,yaml,0,0,0,0,0
sample_01499,aws_access_key_id,T6.4,contextual,1,yaml,0,0,0,0,0
sample_01500,aws_access_key_id,T6.4,contextual,1,yaml,0,0,0,0,0
sample_01501,aws_access_key_id,T7.1,composition,2,python,0,0,0,0,0
sample_01502,aws_access_key_id,T7.1,composition,2,python,0,0,0,0,0
sample_01503,aws_access_key_id,T7.1,composition,2,python,0,0,0,0,0
sample_01504,aws_access_key_id,T7.1,composition,2,python,0,0,0,0,0
sample_01505,aws_access_key_id,T7.1,composition,2,python,0,0,0,0,0
sample_01506,aws_access_key_id,T7.1,composition,2,python,0,0,0,0,0
sample_01507,aws_access_key_id,T7.1,composition,2,python,0,0,0,0,0
sample_01508,aws_access_key_id,T7.1,composition,2,python,0,0,0,0,0
sample_01509,aws_access_key_id,T7.1,composition,2,python,0,0,0,0,0
sample_01510,aws_access_key_id,T7.1,composition,2,python,0,0,0,0,0
sample_01511,aws_access_key_id,T7.1,composition,2,python,0,0,0,0,0
sample_01512,aws_access_key_id,T7.1,composition,2,python,0,0,0,0,0
sample_01513,aws_access_key_id,T7.1,composition,2,python,0,0,0,0,0
sample_01514,aws_access_key_id,T7.1,composition,2,python,0,0,0,0,0
sample_01515,aws_access_key_id,T7.1,composition,2,python,0,0,0,0,0
sample_01516,aws_access_key_id,T7.1,composition,2,python,0,0,0,0,0
sample_01517,aws_access_key_id,T7.1,composition,2,python,0,0,0,0,0
sample_01518,aws_access_key_id,T7.1,composition,2,python,0,0,0,0,0
sample_01519,aws_access_key_id,T7.1,composition,2,python,0,0,0,0,0
sample_01520,aws_access_key_id,T7.1,composition,2,python,0,0,0,0,0
sample_01521,aws_access_key_id,T7.1,composition,2,python,0,0,0,0,0
sample_01522,aws_access_key_id,T7.1,composition,2,python,0,0,0,0,0
sample_01523,aws_access_key_id,T7.1,composition,2,python,0,0,0,0,0
sample_01524,aws_access_key_id,T7.1,composition,2,python,0,0,0,0,0
sample_01525,aws_access_key_id,T7.1,composition,2,python,0,0,0,0,0
sample_01526,aws_access_key_id,T7.1,composition,2,python,0,0,0,0,0
sample_01527,aws_access_key_id,T7.1,composition,2,python,0,0,0,0,0
sample_01528,aws_access_key_id,T7.1,composition,2,python,0,0,0,0,0
sample_01529,aws_access_key_id,T7.1,composition,2,python,0,0,0,0,0
sample_01530,aws_access_key_id,T7.1,composition,2,python,0,0,0,0,0
sample_01531,aws_access_key_id,T7.2,composition,2,python,0,0,0,0,0
sample_01532,aws_access_key_id,T7.2,composition,2,python,0,0,0,0,0
sample_01533,aws_access_key_id,T7.2,composition,2,python,0,0,0,0,0
sample_01534,aws_access_key_id,T7.2,composition,2,python,0,0,0,0,0
sample_01535,aws_access_key_id,T7.2,composition,2,python,0,0,0,0,0
sample_01536,aws_access_key_id,T7.2,composition,2,python,0,0,0,0,0
sample_01537,aws_access_key_id,T7.2,composition,2,python,0,0,0,0,0
sample_01538,aws_access_key_id,T7.2,composition,2,python,0,0,0,0,0
sample_01539,aws_access_key_id,T7.2,composition,2,python,0,0,0,0,0
sample_01540,aws_access_key_id,T7.2,composition,2,python,0,0,0,0,0
sample_01541,aws_access_key_id,T7.2,composition,2,python,0,0,0,0,0
sample_01542,aws_access_key_id,T7.2,composition,2,python,0,0,0,0,0
sample_01543,aws_access_key_id,T7.2,composition,2,python,0,0,0,0,0
sample_01544,aws_access_key_id,T7.2,composition,2,python,0,0,0,0,0
sample_01545,aws_access_key_id,T7.2,composition,2,python,0,0,0,0,0
sample_01546,aws_access_key_id,T7.2,composition,2,python,0,0,0,0,0
sample_01547,aws_access_key_id,T7.2,composition,2,python,0,0,0,0,0
sample_01548,aws_access_key_id,T7.2,composition,2,python,0,0,0,0,0
sample_01549,aws_access_key_id,T7.2,composition,2,python,0,0,0,0,0
sample_01550,aws_access_key_id,T7.2,composition,2,python,0,0,0,0,0
sample_01551,aws_access_key_id,T7.2,composition,2,python,0,0,0,0,0
sample_01552,aws_access_key_id,T7.2,composition,2,python,0,0,0,0,0
sample_01553,aws_access_key_id,T7.2,composition,2,python,0,0,0,0,0
sample_01554,aws_access_key_id,T7.2,composition,2,python,0,0,0,0,0
sample_01555,aws_access_key_id,T7.2,composition,2,python,0,0,0,0,0
sample_01556,aws_access_key_id,T7.2,composition,2,python,0,0,0,0,0
sample_01557,aws_access_key_id,T7.2,composition,2,python,0,0,0,0,0
sample_01558,aws_access_key_id,T7.2,composition,2,python,0,0,0,0,0
sample_01559,aws_access_key_id,T7.2,composition,2,python,0,0,0,0,0
sample_01560,aws_access_key_id,T7.2,composition,2,python,0,0,0,0,0
sample_01561,aws_secret_access_key,T0.0,control,1,python,1,1,1,1,0
sample_01562,aws_secret_access_key,T0.0,control,1,python,1,1,1,1,0
sample_01563,aws_secret_access_key,T0.0,control,1,python,1,1,1,1,0
sample_01564,aws_secret_access_key,T0.0,control,1,python,1,1,1,1,0
sample_01565,aws_secret_access_key,T0.0,control,1,python,1,1,1,1,0
sample_01566,aws_secret_access_key,T0.0,control,1,python,1,1,1,1,0
sample_01567,aws_secret_access_key,T0.0,control,1,python,1,1,1,1,0
sample_01568,aws_secret_access_key,T0.0,control,1,python,1,1,1,1,0
sample_01569,aws_secret_access_key,T0.0,control,1,python,1,1,1,1,0
sample_01570,aws_secret_access_key,T0.0,control,1,python,1,1,1,1,0
sample_01571,aws_secret_access_key,T0.0,control,1,python,1,1,1,1,0
sample_01572,aws_secret_access_key,T0.0,control,1,python,1,1,1,1,0
sample_01573,aws_secret_access_key,T0.0,control,1,python,1,1,1,1,0
sample_01574,aws_secret_access_key,T0.0,control,1,python,1,1,1,1,0
sample_01575,aws_secret_access_key,T0.0,control,1,python,1,1,1,1,0
sample_01576,aws_secret_access_key,T0.0,control,1,python,1,1,1,1,0
sample_01577,aws_secret_access_key,T0.0,control,1,python,1,1,1,1,0
sample_01578,aws_secret_access_key,T0.0,control,1,python,1,1,1,1,0
sample_01579,aws_secret_access_key,T0.0,control,1,python,1,1,1,1,0
sample_01580,aws_secret_access_key,T0.0,control,1,python,1,1,1,1,0
sample_01581,aws_secret_access_key,T0.0,control,1,python,1,1,1,1,0
sample_01582,aws_secret_access_key,T0.0,control,1,python,1,1,1,1,0
sample_01583,aws_secret_access_key,T0.0,control,1,python,0,0,0,0,0
sample_01584,aws_secret_access_key,T0.0,control,1,python,1,1,1,1,0
sample_01585,aws_secret_access_key,T0.0,control,1,python,1,1,1,1,0
sample_01586,aws_secret_access_key,T0.0,control,1,python,1,1,1,1,0
sample_01587,aws_secret_access_key,T0.0,control,1,python,1,1,1,1,0
sample_01588,aws_secret_access_key,T0.0,control,1,python,1,1,1,1,0
sample_01589,aws_secret_access_key,T0.0,control,1,python,1,1,1,1,0
sample_01590,aws_secret_access_key,T0.0,control,1,python,1,1,1,1,0
sample_01591,aws_secret_access_key,T0.0,control,1,dotenv,1,1,1,1,0
sample_01592,aws_secret_access_key,T0.0,control,1,dotenv,1,1,1,1,0
sample_01593,aws_secret_access_key,T0.0,control,1,dotenv,1,1,1,1,0
sample_01594,aws_secret_access_key,T0.0,control,1,dotenv,1,1,1,1,0
sample_01595,aws_secret_access_key,T0.0,control,1,dotenv,1,1,1,1,0
sample_01596,aws_secret_access_key,T0.0,control,1,dotenv,1,1,1,1,0
sample_01597,aws_secret_access_key,T0.0,control,1,dotenv,1,1,1,1,0
sample_01598,aws_secret_access_key,T0.0,control,1,dotenv,1,1,1,1,0
sample_01599,aws_secret_access_key,T0.0,control,1,dotenv,1,1,1,1,0
sample_01600,aws_secret_access_key,T0.0,control,1,dotenv,1,1,1,1,0
sample_01601,aws_secret_access_key,T0.0,control,1,dotenv,1,1,1,1,0
sample_01602,aws_secret_access_key,T0.0,control,1,dotenv,1,1,1,1,0
sample_01603,aws_secret_access_key,T0.0,control,1,dotenv,1,1,1,1,0
sample_01604,aws_secret_access_key,T0.0,control,1,dotenv,1,1,1,1,0
sample_01605,aws_secret_access_key,T0.0,control,1,dotenv,1,1,1,1,0
sample_01606,aws_secret_access_key,T0.0,control,1,dotenv,1,1,1,1,0
sample_01607,aws_secret_access_key,T0.0,control,1,dotenv,1,1,1,1,0
sample_01608,aws_secret_access_key,T0.0,control,1,dotenv,1,1,1,1,0
sample_01609,aws_secret_access_key,T0.0,control,1,dotenv,1,1,1,1,0
sample_01610,aws_secret_access_key,T0.0,control,1,dotenv,1,1,1,1,0
sample_01611,aws_secret_access_key,T0.0,control,1,dotenv,1,1,1,1,0
sample_01612,aws_secret_access_key,T0.0,control,1,dotenv,1,1,1,1,0
sample_01613,aws_secret_access_key,T0.0,control,1,dotenv,1,1,1,1,0
sample_01614,aws_secret_access_key,T0.0,control,1,dotenv,1,1,1,1,0
sample_01615,aws_secret_access_key,T0.0,control,1,dotenv,1,1,1,1,0
sample_01616,aws_secret_access_key,T0.0,control,1,dotenv,1,1,1,1,0
sample_01617,aws_secret_access_key,T0.0,control,1,dotenv,1,1,1,1,0
sample_01618,aws_secret_access_key,T0.0,control,1,dotenv,1,1,1,1,0
sample_01619,aws_secret_access_key,T0.0,control,1,dotenv,1,1,1,1,0
sample_01620,aws_secret_access_key,T0.0,control,1,dotenv,1,1,1,1,0
sample_01621,aws_secret_access_key,T0.0,control,1,yaml,1,1,1,1,0
sample_01622,aws_secret_access_key,T0.0,control,1,yaml,1,1,1,1,0
sample_01623,aws_secret_access_key,T0.0,control,1,yaml,1,1,1,1,0
sample_01624,aws_secret_access_key,T0.0,control,1,yaml,1,1,1,1,0
sample_01625,aws_secret_access_key,T0.0,control,1,yaml,1,1,1,1,0
sample_01626,aws_secret_access_key,T0.0,control,1,yaml,1,1,1,1,0
sample_01627,aws_secret_access_key,T0.0,control,1,yaml,1,1,1,1,0
sample_01628,aws_secret_access_key,T0.0,control,1,yaml,1,1,1,1,0
sample_01629,aws_secret_access_key,T0.0,control,1,yaml,1,1,1,1,0
sample_01630,aws_secret_access_key,T0.0,control,1,yaml,1,1,1,1,0
sample_01631,aws_secret_access_key,T0.0,control,1,yaml,1,1,1,1,0
sample_01632,aws_secret_access_key,T0.0,control,1,yaml,1,1,1,1,0
sample_01633,aws_secret_access_key,T0.0,control,1,yaml,1,1,1,1,0
sample_01634,aws_secret_access_key,T0.0,control,1,yaml,1,1,1,1,0
sample_01635,aws_secret_access_key,T0.0,control,1,yaml,1,1,1,1,0
sample_01636,aws_secret_access_key,T0.0,control,1,yaml,1,1,1,1,0
sample_01637,aws_secret_access_key,T0.0,control,1,yaml,1,1,1,1,0
sample_01638,aws_secret_access_key,T0.0,control,1,yaml,1,1,1,1,0
sample_01639,aws_secret_access_key,T0.0,control,1,yaml,1,1,1,1,0
sample_01640,aws_secret_access_key,T0.0,control,1,yaml,1,1,1,1,0
sample_01641,aws_secret_access_key,T0.0,control,1,yaml,1,1,1,1,0
sample_01642,aws_secret_access_key,T0.0,control,1,yaml,1,1,1,1,0
sample_01643,aws_secret_access_key,T0.0,control,1,yaml,1,1,1,1,0
sample_01644,aws_secret_access_key,T0.0,control,1,yaml,1,1,1,1,0
sample_01645,aws_secret_access_key,T0.0,control,1,yaml,1,1,1,1,0
sample_01646,aws_secret_access_key,T0.0,control,1,yaml,0,0,0,0,0
sample_01647,aws_secret_access_key,T0.0,control,1,yaml,1,1,1,1,0
sample_01648,aws_secret_access_key,T0.0,control,1,yaml,0,0,0,0,0
sample_01649,aws_secret_access_key,T0.0,control,1,yaml,1,1,1,1,0
sample_01650,aws_secret_access_key,T0.0,control,1,yaml,1,1,1,1,0
sample_01651,aws_secret_access_key,T1.1,encoding,1,python,1,1,1,1,0
sample_01652,aws_secret_access_key,T1.1,encoding,1,python,1,1,1,1,0
sample_01653,aws_secret_access_key,T1.1,encoding,1,python,1,1,1,1,0
sample_01654,aws_secret_access_key,T1.1,encoding,1,python,1,1,1,1,0
sample_01655,aws_secret_access_key,T1.1,encoding,1,python,1,1,1,1,0
sample_01656,aws_secret_access_key,T1.1,encoding,1,python,1,1,1,1,0
sample_01657,aws_secret_access_key,T1.1,encoding,1,python,1,1,1,1,0
sample_01658,aws_secret_access_key,T1.1,encoding,1,python,1,1,1,1,0
sample_01659,aws_secret_access_key,T1.1,encoding,1,python,1,1,1,1,0
sample_01660,aws_secret_access_key,T1.1,encoding,1,python,1,1,1,1,0
sample_01661,aws_secret_access_key,T1.1,encoding,1,python,1,1,1,1,0
sample_01662,aws_secret_access_key,T1.1,encoding,1,python,1,1,1,1,0
sample_01663,aws_secret_access_key,T1.1,encoding,1,python,1,1,1,1,0
sample_01664,aws_secret_access_key,T1.1,encoding,1,python,1,1,1,1,0
sample_01665,aws_secret_access_key,T1.1,encoding,1,python,1,1,1,1,0
sample_01666,aws_secret_access_key,T1.1,encoding,1,python,1,1,1,1,0
sample_01667,aws_secret_access_key,T1.1,encoding,1,python,1,1,1,1,0
sample_01668,aws_secret_access_key,T1.1,encoding,1,python,1,1,1,1,0
sample_01669,aws_secret_access_key,T1.1,encoding,1,python,1,1,1,1,0
sample_01670,aws_secret_access_key,T1.1,encoding,1,python,1,1,1,1,0
sample_01671,aws_secret_access_key,T1.1,encoding,1,python,1,1,1,1,0
sample_01672,aws_secret_access_key,T1.1,encoding,1,python,1,1,1,1,0
sample_01673,aws_secret_access_key,T1.1,encoding,1,python,1,1,1,1,0
sample_01674,aws_secret_access_key,T1.1,encoding,1,python,1,1,1,1,0
sample_01675,aws_secret_access_key,T1.1,encoding,1,python,1,1,1,1,0
sample_01676,aws_secret_access_key,T1.1,encoding,1,python,1,1,1,1,0
sample_01677,aws_secret_access_key,T1.1,encoding,1,python,1,1,1,1,0
sample_01678,aws_secret_access_key,T1.1,encoding,1,python,1,1,1,1,0
sample_01679,aws_secret_access_key,T1.1,encoding,1,python,1,1,1,1,0
sample_01680,aws_secret_access_key,T1.1,encoding,1,python,1,1,1,1,0
sample_01681,aws_secret_access_key,T1.1,encoding,1,dotenv,1,1,1,1,0
sample_01682,aws_secret_access_key,T1.1,encoding,1,dotenv,1,1,1,1,0
sample_01683,aws_secret_access_key,T1.1,encoding,1,dotenv,1,1,1,1,0
sample_01684,aws_secret_access_key,T1.1,encoding,1,dotenv,1,1,1,1,0
sample_01685,aws_secret_access_key,T1.1,encoding,1,dotenv,1,1,1,1,0
sample_01686,aws_secret_access_key,T1.1,encoding,1,dotenv,1,1,1,1,0
sample_01687,aws_secret_access_key,T1.1,encoding,1,dotenv,1,1,1,1,0
sample_01688,aws_secret_access_key,T1.1,encoding,1,dotenv,1,1,1,1,0
sample_01689,aws_secret_access_key,T1.1,encoding,1,dotenv,1,1,1,1,0
sample_01690,aws_secret_access_key,T1.1,encoding,1,dotenv,1,1,1,1,0
sample_01691,aws_secret_access_key,T1.1,encoding,1,dotenv,1,1,1,1,0
sample_01692,aws_secret_access_key,T1.1,encoding,1,dotenv,1,1,1,1,0
sample_01693,aws_secret_access_key,T1.1,encoding,1,dotenv,1,1,1,1,0
sample_01694,aws_secret_access_key,T1.1,encoding,1,dotenv,1,1,1,1,0
sample_01695,aws_secret_access_key,T1.1,encoding,1,dotenv,1,1,1,1,0
sample_01696,aws_secret_access_key,T1.1,encoding,1,dotenv,1,1,1,1,0
sample_01697,aws_secret_access_key,T1.1,encoding,1,dotenv,1,1,1,1,0
sample_01698,aws_secret_access_key,T1.1,encoding,1,dotenv,1,1,1,1,0
sample_01699,aws_secret_access_key,T1.1,encoding,1,dotenv,1,1,1,1,0
sample_01700,aws_secret_access_key,T1.1,encoding,1,dotenv,0,1,0,1,0
sample_01701,aws_secret_access_key,T1.1,encoding,1,dotenv,1,1,1,1,0
sample_01702,aws_secret_access_key,T1.1,encoding,1,dotenv,1,1,1,1,0
sample_01703,aws_secret_access_key,T1.1,encoding,1,dotenv,1,1,1,1,0
sample_01704,aws_secret_access_key,T1.1,encoding,1,dotenv,1,1,1,1,0
sample_01705,aws_secret_access_key,T1.1,encoding,1,dotenv,1,1,1,1,0
sample_01706,aws_secret_access_key,T1.1,encoding,1,dotenv,1,1,1,1,0
sample_01707,aws_secret_access_key,T1.1,encoding,1,dotenv,1,1,1,1,0
sample_01708,aws_secret_access_key,T1.1,encoding,1,dotenv,1,1,1,1,0
sample_01709,aws_secret_access_key,T1.1,encoding,1,dotenv,1,1,1,1,0
sample_01710,aws_secret_access_key,T1.1,encoding,1,dotenv,1,1,1,1,0
sample_01711,aws_secret_access_key,T1.1,encoding,1,yaml,1,1,1,1,0
sample_01712,aws_secret_access_key,T1.1,encoding,1,yaml,1,1,1,1,0
sample_01713,aws_secret_access_key,T1.1,encoding,1,yaml,1,1,1,1,0
sample_01714,aws_secret_access_key,T1.1,encoding,1,yaml,1,1,1,1,0
sample_01715,aws_secret_access_key,T1.1,encoding,1,yaml,1,1,1,1,0
sample_01716,aws_secret_access_key,T1.1,encoding,1,yaml,1,1,1,1,0
sample_01717,aws_secret_access_key,T1.1,encoding,1,yaml,1,1,1,1,0
sample_01718,aws_secret_access_key,T1.1,encoding,1,yaml,1,1,1,1,0
sample_01719,aws_secret_access_key,T1.1,encoding,1,yaml,1,1,1,1,0
sample_01720,aws_secret_access_key,T1.1,encoding,1,yaml,1,1,1,1,0
sample_01721,aws_secret_access_key,T1.1,encoding,1,yaml,1,1,1,1,0
sample_01722,aws_secret_access_key,T1.1,encoding,1,yaml,1,1,1,1,0
sample_01723,aws_secret_access_key,T1.1,encoding,1,yaml,1,1,1,1,0
sample_01724,aws_secret_access_key,T1.1,encoding,1,yaml,1,1,1,1,0
sample_01725,aws_secret_access_key,T1.1,encoding,1,yaml,1,1,1,1,0
sample_01726,aws_secret_access_key,T1.1,encoding,1,yaml,1,1,1,1,0
sample_01727,aws_secret_access_key,T1.1,encoding,1,yaml,1,1,1,1,0
sample_01728,aws_secret_access_key,T1.1,encoding,1,yaml,1,1,1,1,0
sample_01729,aws_secret_access_key,T1.1,encoding,1,yaml,1,1,1,1,0
sample_01730,aws_secret_access_key,T1.1,encoding,1,yaml,1,1,1,1,0
sample_01731,aws_secret_access_key,T1.1,encoding,1,yaml,1,1,1,1,0
sample_01732,aws_secret_access_key,T1.1,encoding,1,yaml,1,1,1,1,0
sample_01733,aws_secret_access_key,T1.1,encoding,1,yaml,1,1,1,1,0
sample_01734,aws_secret_access_key,T1.1,encoding,1,yaml,1,1,1,1,0
sample_01735,aws_secret_access_key,T1.1,encoding,1,yaml,1,1,1,1,0
sample_01736,aws_secret_access_key,T1.1,encoding,1,yaml,1,1,1,1,0
sample_01737,aws_secret_access_key,T1.1,encoding,1,yaml,1,1,1,1,0
sample_01738,aws_secret_access_key,T1.1,encoding,1,yaml,1,1,1,1,0
sample_01739,aws_secret_access_key,T1.1,encoding,1,yaml,1,1,1,1,0
sample_01740,aws_secret_access_key,T1.1,encoding,1,yaml,1,1,1,1,0
sample_01741,aws_secret_access_key,T1.2,encoding,1,python,1,1,1,1,0
sample_01742,aws_secret_access_key,T1.2,encoding,1,python,1,1,1,1,0
sample_01743,aws_secret_access_key,T1.2,encoding,1,python,1,1,1,1,0
sample_01744,aws_secret_access_key,T1.2,encoding,1,python,1,1,1,1,0
sample_01745,aws_secret_access_key,T1.2,encoding,1,python,1,1,1,1,0
sample_01746,aws_secret_access_key,T1.2,encoding,1,python,1,1,1,1,0
sample_01747,aws_secret_access_key,T1.2,encoding,1,python,1,1,1,1,0
sample_01748,aws_secret_access_key,T1.2,encoding,1,python,1,1,1,1,0
sample_01749,aws_secret_access_key,T1.2,encoding,1,python,1,1,1,1,0
sample_01750,aws_secret_access_key,T1.2,encoding,1,python,1,1,1,1,0
sample_01751,aws_secret_access_key,T1.2,encoding,1,python,1,1,1,1,0
sample_01752,aws_secret_access_key,T1.2,encoding,1,python,1,1,1,1,0
sample_01753,aws_secret_access_key,T1.2,encoding,1,python,1,1,1,1,0
sample_01754,aws_secret_access_key,T1.2,encoding,1,python,1,1,1,1,0
sample_01755,aws_secret_access_key,T1.2,encoding,1,python,1,1,1,1,0
sample_01756,aws_secret_access_key,T1.2,encoding,1,python,1,1,1,1,0
sample_01757,aws_secret_access_key,T1.2,encoding,1,python,1,1,1,1,0
sample_01758,aws_secret_access_key,T1.2,encoding,1,python,1,1,1,1,0
sample_01759,aws_secret_access_key,T1.2,encoding,1,python,1,1,1,1,0
sample_01760,aws_secret_access_key,T1.2,encoding,1,python,1,1,1,1,0
sample_01761,aws_secret_access_key,T1.2,encoding,1,python,1,1,1,1,0
sample_01762,aws_secret_access_key,T1.2,encoding,1,python,1,1,1,1,0
sample_01763,aws_secret_access_key,T1.2,encoding,1,python,1,1,1,1,0
sample_01764,aws_secret_access_key,T1.2,encoding,1,python,1,1,1,1,0
sample_01765,aws_secret_access_key,T1.2,encoding,1,python,1,1,1,1,0
sample_01766,aws_secret_access_key,T1.2,encoding,1,python,1,1,1,1,0
sample_01767,aws_secret_access_key,T1.2,encoding,1,python,1,1,1,1,0
sample_01768,aws_secret_access_key,T1.2,encoding,1,python,1,1,1,1,0
sample_01769,aws_secret_access_key,T1.2,encoding,1,python,1,1,1,1,0
sample_01770,aws_secret_access_key,T1.2,encoding,1,python,1,1,1,1,0
sample_01771,aws_secret_access_key,T1.2,encoding,1,dotenv,1,1,1,1,0
sample_01772,aws_secret_access_key,T1.2,encoding,1,dotenv,1,1,1,1,0
sample_01773,aws_secret_access_key,T1.2,encoding,1,dotenv,1,1,1,1,0
sample_01774,aws_secret_access_key,T1.2,encoding,1,dotenv,1,1,1,1,0
sample_01775,aws_secret_access_key,T1.2,encoding,1,dotenv,1,1,1,1,0
sample_01776,aws_secret_access_key,T1.2,encoding,1,dotenv,1,1,1,1,0
sample_01777,aws_secret_access_key,T1.2,encoding,1,dotenv,1,1,1,1,0
sample_01778,aws_secret_access_key,T1.2,encoding,1,dotenv,1,1,1,1,0
sample_01779,aws_secret_access_key,T1.2,encoding,1,dotenv,1,1,1,1,0
sample_01780,aws_secret_access_key,T1.2,encoding,1,dotenv,1,1,1,1,0
sample_01781,aws_secret_access_key,T1.2,encoding,1,dotenv,1,1,1,1,0
sample_01782,aws_secret_access_key,T1.2,encoding,1,dotenv,1,1,1,1,0
sample_01783,aws_secret_access_key,T1.2,encoding,1,dotenv,1,1,1,1,0
sample_01784,aws_secret_access_key,T1.2,encoding,1,dotenv,1,1,1,1,0
sample_01785,aws_secret_access_key,T1.2,encoding,1,dotenv,1,1,1,1,0
sample_01786,aws_secret_access_key,T1.2,encoding,1,dotenv,1,1,1,1,0
sample_01787,aws_secret_access_key,T1.2,encoding,1,dotenv,1,1,1,1,0
sample_01788,aws_secret_access_key,T1.2,encoding,1,dotenv,1,1,1,1,0
sample_01789,aws_secret_access_key,T1.2,encoding,1,dotenv,1,1,1,1,0
sample_01790,aws_secret_access_key,T1.2,encoding,1,dotenv,1,1,1,1,0
sample_01791,aws_secret_access_key,T1.2,encoding,1,dotenv,1,1,0,0,0
sample_01792,aws_secret_access_key,T1.2,encoding,1,dotenv,1,1,1,1,0
sample_01793,aws_secret_access_key,T1.2,encoding,1,dotenv,1,1,1,1,0
sample_01794,aws_secret_access_key,T1.2,encoding,1,dotenv,1,1,1,1,0
sample_01795,aws_secret_access_key,T1.2,encoding,1,dotenv,1,1,1,1,0
sample_01796,aws_secret_access_key,T1.2,encoding,1,dotenv,1,1,1,1,0
sample_01797,aws_secret_access_key,T1.2,encoding,1,dotenv,1,1,1,1,0
sample_01798,aws_secret_access_key,T1.2,encoding,1,dotenv,1,1,1,1,0
sample_01799,aws_secret_access_key,T1.2,encoding,1,dotenv,1,1,1,1,0
sample_01800,aws_secret_access_key,T1.2,encoding,1,dotenv,1,1,1,1,0
sample_01801,aws_secret_access_key,T1.2,encoding,1,yaml,1,1,1,1,0
sample_01802,aws_secret_access_key,T1.2,encoding,1,yaml,1,1,1,1,0
sample_01803,aws_secret_access_key,T1.2,encoding,1,yaml,1,1,0,0,0
sample_01804,aws_secret_access_key,T1.2,encoding,1,yaml,1,1,1,1,0
sample_01805,aws_secret_access_key,T1.2,encoding,1,yaml,1,1,1,1,0
sample_01806,aws_secret_access_key,T1.2,encoding,1,yaml,1,1,1,1,0
sample_01807,aws_secret_access_key,T1.2,encoding,1,yaml,1,1,1,1,0
sample_01808,aws_secret_access_key,T1.2,encoding,1,yaml,1,1,1,1,0
sample_01809,aws_secret_access_key,T1.2,encoding,1,yaml,1,1,1,1,0
sample_01810,aws_secret_access_key,T1.2,encoding,1,yaml,1,1,1,1,0
sample_01811,aws_secret_access_key,T1.2,encoding,1,yaml,0,0,0,0,0
sample_01812,aws_secret_access_key,T1.2,encoding,1,yaml,1,1,1,1,0
sample_01813,aws_secret_access_key,T1.2,encoding,1,yaml,1,1,1,1,0
sample_01814,aws_secret_access_key,T1.2,encoding,1,yaml,0,0,0,0,0
sample_01815,aws_secret_access_key,T1.2,encoding,1,yaml,1,1,1,1,0
sample_01816,aws_secret_access_key,T1.2,encoding,1,yaml,1,1,1,1,0
sample_01817,aws_secret_access_key,T1.2,encoding,1,yaml,1,1,1,1,0
sample_01818,aws_secret_access_key,T1.2,encoding,1,yaml,1,1,1,1,0
sample_01819,aws_secret_access_key,T1.2,encoding,1,yaml,1,1,1,1,0
sample_01820,aws_secret_access_key,T1.2,encoding,1,yaml,1,1,1,1,0
sample_01821,aws_secret_access_key,T1.2,encoding,1,yaml,1,1,1,1,0
sample_01822,aws_secret_access_key,T1.2,encoding,1,yaml,1,1,1,1,0
sample_01823,aws_secret_access_key,T1.2,encoding,1,yaml,1,1,1,1,0
sample_01824,aws_secret_access_key,T1.2,encoding,1,yaml,1,1,1,1,0
sample_01825,aws_secret_access_key,T1.2,encoding,1,yaml,1,1,1,1,0
sample_01826,aws_secret_access_key,T1.2,encoding,1,yaml,1,1,1,1,0
sample_01827,aws_secret_access_key,T1.2,encoding,1,yaml,1,1,1,1,0
sample_01828,aws_secret_access_key,T1.2,encoding,1,yaml,1,1,1,1,0
sample_01829,aws_secret_access_key,T1.2,encoding,1,yaml,1,1,1,1,0
sample_01830,aws_secret_access_key,T1.2,encoding,1,yaml,0,0,0,0,0
sample_01831,aws_secret_access_key,T1.3,encoding,1,python,0,0,0,0,0
sample_01832,aws_secret_access_key,T1.3,encoding,1,python,0,0,0,0,0
sample_01833,aws_secret_access_key,T1.3,encoding,1,python,0,0,0,0,0
sample_01834,aws_secret_access_key,T1.3,encoding,1,python,0,0,0,0,0
sample_01835,aws_secret_access_key,T1.3,encoding,1,python,0,0,0,0,0
sample_01836,aws_secret_access_key,T1.3,encoding,1,python,0,0,0,0,0
sample_01837,aws_secret_access_key,T1.3,encoding,1,python,0,0,0,0,0
sample_01838,aws_secret_access_key,T1.3,encoding,1,python,0,0,0,0,0
sample_01839,aws_secret_access_key,T1.3,encoding,1,python,0,0,0,0,0
sample_01840,aws_secret_access_key,T1.3,encoding,1,python,0,0,0,0,0
sample_01841,aws_secret_access_key,T1.3,encoding,1,python,0,0,0,0,0
sample_01842,aws_secret_access_key,T1.3,encoding,1,python,0,0,0,0,0
sample_01843,aws_secret_access_key,T1.3,encoding,1,python,0,0,0,0,0
sample_01844,aws_secret_access_key,T1.3,encoding,1,python,0,0,0,0,0
sample_01845,aws_secret_access_key,T1.3,encoding,1,python,0,0,0,0,0
sample_01846,aws_secret_access_key,T1.3,encoding,1,python,0,0,0,0,0
sample_01847,aws_secret_access_key,T1.3,encoding,1,python,0,0,0,0,0
sample_01848,aws_secret_access_key,T1.3,encoding,1,python,0,0,0,0,0
sample_01849,aws_secret_access_key,T1.3,encoding,1,python,0,0,0,0,0
sample_01850,aws_secret_access_key,T1.3,encoding,1,python,0,0,0,0,0
sample_01851,aws_secret_access_key,T1.3,encoding,1,python,0,0,0,0,0
sample_01852,aws_secret_access_key,T1.3,encoding,1,python,0,0,0,0,0
sample_01853,aws_secret_access_key,T1.3,encoding,1,python,0,0,0,0,0
sample_01854,aws_secret_access_key,T1.3,encoding,1,python,0,0,0,0,0
sample_01855,aws_secret_access_key,T1.3,encoding,1,python,0,0,0,0,0
sample_01856,aws_secret_access_key,T1.3,encoding,1,python,0,0,0,0,0
sample_01857,aws_secret_access_key,T1.3,encoding,1,python,0,0,0,0,0
sample_01858,aws_secret_access_key,T1.3,encoding,1,python,0,0,0,0,0
sample_01859,aws_secret_access_key,T1.3,encoding,1,python,0,0,0,0,0
sample_01860,aws_secret_access_key,T1.3,encoding,1,python,0,0,0,0,0
sample_01861,aws_secret_access_key,T1.3,encoding,1,dotenv,0,0,0,0,0
sample_01862,aws_secret_access_key,T1.3,encoding,1,dotenv,1,1,1,1,0
sample_01863,aws_secret_access_key,T1.3,encoding,1,dotenv,0,0,0,0,0
sample_01864,aws_secret_access_key,T1.3,encoding,1,dotenv,0,0,0,0,0
sample_01865,aws_secret_access_key,T1.3,encoding,1,dotenv,0,0,0,0,0
sample_01866,aws_secret_access_key,T1.3,encoding,1,dotenv,0,0,0,0,0
sample_01867,aws_secret_access_key,T1.3,encoding,1,dotenv,0,0,0,0,0
sample_01868,aws_secret_access_key,T1.3,encoding,1,dotenv,0,0,0,0,0
sample_01869,aws_secret_access_key,T1.3,encoding,1,dotenv,0,0,0,0,0
sample_01870,aws_secret_access_key,T1.3,encoding,1,dotenv,0,0,0,0,0
sample_01871,aws_secret_access_key,T1.3,encoding,1,dotenv,0,0,0,0,0
sample_01872,aws_secret_access_key,T1.3,encoding,1,dotenv,0,0,0,0,0
sample_01873,aws_secret_access_key,T1.3,encoding,1,dotenv,0,0,0,0,0
sample_01874,aws_secret_access_key,T1.3,encoding,1,dotenv,0,0,0,0,0
sample_01875,aws_secret_access_key,T1.3,encoding,1,dotenv,0,0,0,0,0
sample_01876,aws_secret_access_key,T1.3,encoding,1,dotenv,0,0,0,0,0
sample_01877,aws_secret_access_key,T1.3,encoding,1,dotenv,0,0,0,0,0
sample_01878,aws_secret_access_key,T1.3,encoding,1,dotenv,0,0,0,0,0
sample_01879,aws_secret_access_key,T1.3,encoding,1,dotenv,0,0,0,0,0
sample_01880,aws_secret_access_key,T1.3,encoding,1,dotenv,0,0,0,0,0
sample_01881,aws_secret_access_key,T1.3,encoding,1,dotenv,0,0,0,0,0
sample_01882,aws_secret_access_key,T1.3,encoding,1,dotenv,0,0,0,0,0
sample_01883,aws_secret_access_key,T1.3,encoding,1,dotenv,0,0,0,0,0
sample_01884,aws_secret_access_key,T1.3,encoding,1,dotenv,0,0,0,0,0
sample_01885,aws_secret_access_key,T1.3,encoding,1,dotenv,0,0,0,0,0
sample_01886,aws_secret_access_key,T1.3,encoding,1,dotenv,0,0,0,0,0
sample_01887,aws_secret_access_key,T1.3,encoding,1,dotenv,0,0,0,0,0
sample_01888,aws_secret_access_key,T1.3,encoding,1,dotenv,0,0,0,0,0
sample_01889,aws_secret_access_key,T1.3,encoding,1,dotenv,0,0,0,0,0
sample_01890,aws_secret_access_key,T1.3,encoding,1,dotenv,0,0,0,0,0
sample_01891,aws_secret_access_key,T1.3,encoding,1,yaml,0,0,0,0,0
sample_01892,aws_secret_access_key,T1.3,encoding,1,yaml,0,0,0,0,0
sample_01893,aws_secret_access_key,T1.3,encoding,1,yaml,0,0,0,0,0
sample_01894,aws_secret_access_key,T1.3,encoding,1,yaml,0,0,0,0,0
sample_01895,aws_secret_access_key,T1.3,encoding,1,yaml,0,0,0,0,0
sample_01896,aws_secret_access_key,T1.3,encoding,1,yaml,0,0,0,0,0
sample_01897,aws_secret_access_key,T1.3,encoding,1,yaml,0,0,0,0,0
sample_01898,aws_secret_access_key,T1.3,encoding,1,yaml,0,0,0,0,0
sample_01899,aws_secret_access_key,T1.3,encoding,1,yaml,0,0,0,0,0
sample_01900,aws_secret_access_key,T1.3,encoding,1,yaml,0,0,0,0,0
sample_01901,aws_secret_access_key,T1.3,encoding,1,yaml,0,0,0,0,0
sample_01902,aws_secret_access_key,T1.3,encoding,1,yaml,0,0,0,0,0
sample_01903,aws_secret_access_key,T1.3,encoding,1,yaml,0,0,0,0,0
sample_01904,aws_secret_access_key,T1.3,encoding,1,yaml,0,0,0,0,0
sample_01905,aws_secret_access_key,T1.3,encoding,1,yaml,0,0,0,0,0
sample_01906,aws_secret_access_key,T1.3,encoding,1,yaml,0,0,0,0,0
sample_01907,aws_secret_access_key,T1.3,encoding,1,yaml,0,0,0,0,0
sample_01908,aws_secret_access_key,T1.3,encoding,1,yaml,0,0,0,0,0
sample_01909,aws_secret_access_key,T1.3,encoding,1,yaml,0,0,0,0,0
sample_01910,aws_secret_access_key,T1.3,encoding,1,yaml,0,0,0,0,0
sample_01911,aws_secret_access_key,T1.3,encoding,1,yaml,0,0,0,0,0
sample_01912,aws_secret_access_key,T1.3,encoding,1,yaml,0,0,0,0,0
sample_01913,aws_secret_access_key,T1.3,encoding,1,yaml,0,0,0,0,0
sample_01914,aws_secret_access_key,T1.3,encoding,1,yaml,0,0,0,0,0
sample_01915,aws_secret_access_key,T1.3,encoding,1,yaml,0,0,0,0,0
sample_01916,aws_secret_access_key,T1.3,encoding,1,yaml,0,0,0,0,0
sample_01917,aws_secret_access_key,T1.3,encoding,1,yaml,0,0,0,0,0
sample_01918,aws_secret_access_key,T1.3,encoding,1,yaml,1,1,1,1,0
sample_01919,aws_secret_access_key,T1.3,encoding,1,yaml,0,0,0,0,0
sample_01920,aws_secret_access_key,T1.3,encoding,1,yaml,0,0,0,0,0
sample_01921,aws_secret_access_key,T1.4,encoding,1,python,0,1,0,1,0
sample_01922,aws_secret_access_key,T1.4,encoding,1,python,0,1,0,1,0
sample_01923,aws_secret_access_key,T1.4,encoding,1,python,0,1,0,1,0
sample_01924,aws_secret_access_key,T1.4,encoding,1,python,0,1,0,1,0
sample_01925,aws_secret_access_key,T1.4,encoding,1,python,1,1,1,1,0
sample_01926,aws_secret_access_key,T1.4,encoding,1,python,0,1,0,1,0
sample_01927,aws_secret_access_key,T1.4,encoding,1,python,0,1,0,1,0
sample_01928,aws_secret_access_key,T1.4,encoding,1,python,0,1,0,1,0
sample_01929,aws_secret_access_key,T1.4,encoding,1,python,0,1,0,1,0
sample_01930,aws_secret_access_key,T1.4,encoding,1,python,1,1,1,1,0
sample_01931,aws_secret_access_key,T1.4,encoding,1,python,0,1,0,1,0
sample_01932,aws_secret_access_key,T1.4,encoding,1,python,1,1,1,1,0
sample_01933,aws_secret_access_key,T1.4,encoding,1,python,0,1,0,1,0
sample_01934,aws_secret_access_key,T1.4,encoding,1,python,0,1,0,1,0
sample_01935,aws_secret_access_key,T1.4,encoding,1,python,0,1,0,1,0
sample_01936,aws_secret_access_key,T1.4,encoding,1,python,0,1,0,1,0
sample_01937,aws_secret_access_key,T1.4,encoding,1,python,1,1,1,1,0
sample_01938,aws_secret_access_key,T1.4,encoding,1,python,0,1,0,1,0
sample_01939,aws_secret_access_key,T1.4,encoding,1,python,0,1,0,1,0
sample_01940,aws_secret_access_key,T1.4,encoding,1,python,0,1,0,1,0
sample_01941,aws_secret_access_key,T1.4,encoding,1,python,0,1,0,1,0
sample_01942,aws_secret_access_key,T1.4,encoding,1,python,1,1,1,1,0
sample_01943,aws_secret_access_key,T1.4,encoding,1,python,0,1,0,1,0
sample_01944,aws_secret_access_key,T1.4,encoding,1,python,0,1,0,1,0
sample_01945,aws_secret_access_key,T1.4,encoding,1,python,1,1,1,1,0
sample_01946,aws_secret_access_key,T1.4,encoding,1,python,0,1,0,1,0
sample_01947,aws_secret_access_key,T1.4,encoding,1,python,0,1,0,1,0
sample_01948,aws_secret_access_key,T1.4,encoding,1,python,0,1,0,1,0
sample_01949,aws_secret_access_key,T1.4,encoding,1,python,0,1,0,1,0
sample_01950,aws_secret_access_key,T1.4,encoding,1,python,1,1,1,1,0
sample_01951,aws_secret_access_key,T1.4,encoding,1,dotenv,0,1,0,1,0
sample_01952,aws_secret_access_key,T1.4,encoding,1,dotenv,0,1,0,1,0
sample_01953,aws_secret_access_key,T1.4,encoding,1,dotenv,0,1,0,1,0
sample_01954,aws_secret_access_key,T1.4,encoding,1,dotenv,0,1,0,1,0
sample_01955,aws_secret_access_key,T1.4,encoding,1,dotenv,0,1,0,1,0
sample_01956,aws_secret_access_key,T1.4,encoding,1,dotenv,0,1,0,1,0
sample_01957,aws_secret_access_key,T1.4,encoding,1,dotenv,0,1,0,1,0
sample_01958,aws_secret_access_key,T1.4,encoding,1,dotenv,0,1,0,1,0
sample_01959,aws_secret_access_key,T1.4,encoding,1,dotenv,0,1,0,1,0
sample_01960,aws_secret_access_key,T1.4,encoding,1,dotenv,0,1,0,1,0
sample_01961,aws_secret_access_key,T1.4,encoding,1,dotenv,0,1,0,1,0
sample_01962,aws_secret_access_key,T1.4,encoding,1,dotenv,0,1,0,1,0
sample_01963,aws_secret_access_key,T1.4,encoding,1,dotenv,1,1,1,1,0
sample_01964,aws_secret_access_key,T1.4,encoding,1,dotenv,0,1,0,1,0
sample_01965,aws_secret_access_key,T1.4,encoding,1,dotenv,0,1,0,1,0
sample_01966,aws_secret_access_key,T1.4,encoding,1,dotenv,1,1,1,1,0
sample_01967,aws_secret_access_key,T1.4,encoding,1,dotenv,0,1,0,1,0
sample_01968,aws_secret_access_key,T1.4,encoding,1,dotenv,0,1,0,1,0
sample_01969,aws_secret_access_key,T1.4,encoding,1,dotenv,0,1,0,1,0
sample_01970,aws_secret_access_key,T1.4,encoding,1,dotenv,1,1,1,1,0
sample_01971,aws_secret_access_key,T1.4,encoding,1,dotenv,0,1,0,1,0
sample_01972,aws_secret_access_key,T1.4,encoding,1,dotenv,0,1,0,1,0
sample_01973,aws_secret_access_key,T1.4,encoding,1,dotenv,0,1,0,1,0
sample_01974,aws_secret_access_key,T1.4,encoding,1,dotenv,0,1,0,1,0
sample_01975,aws_secret_access_key,T1.4,encoding,1,dotenv,0,1,0,1,0
sample_01976,aws_secret_access_key,T1.4,encoding,1,dotenv,1,1,1,1,0
sample_01977,aws_secret_access_key,T1.4,encoding,1,dotenv,0,1,0,1,0
sample_01978,aws_secret_access_key,T1.4,encoding,1,dotenv,1,1,1,1,0
sample_01979,aws_secret_access_key,T1.4,encoding,1,dotenv,0,1,0,1,0
sample_01980,aws_secret_access_key,T1.4,encoding,1,dotenv,0,1,0,1,0
sample_01981,aws_secret_access_key,T1.4,encoding,1,yaml,0,1,0,1,0
sample_01982,aws_secret_access_key,T1.4,encoding,1,yaml,1,1,1,1,0
sample_01983,aws_secret_access_key,T1.4,encoding,1,yaml,0,1,0,1,0
sample_01984,aws_secret_access_key,T1.4,encoding,1,yaml,0,1,0,1,0
sample_01985,aws_secret_access_key,T1.4,encoding,1,yaml,1,1,1,1,0
sample_01986,aws_secret_access_key,T1.4,encoding,1,yaml,0,1,0,1,0
sample_01987,aws_secret_access_key,T1.4,encoding,1,yaml,0,1,0,1,0
sample_01988,aws_secret_access_key,T1.4,encoding,1,yaml,0,1,0,1,0
sample_01989,aws_secret_access_key,T1.4,encoding,1,yaml,0,1,0,1,0
sample_01990,aws_secret_access_key,T1.4,encoding,1,yaml,1,1,1,1,0
sample_01991,aws_secret_access_key,T1.4,encoding,1,yaml,0,1,0,1,0
sample_01992,aws_secret_access_key,T1.4,encoding,1,yaml,1,1,1,1,0
sample_01993,aws_secret_access_key,T1.4,encoding,1,yaml,0,1,0,1,0
sample_01994,aws_secret_access_key,T1.4,encoding,1,yaml,0,1,0,1,0
sample_01995,aws_secret_access_key,T1.4,encoding,1,yaml,0,1,0,1,0
sample_01996,aws_secret_access_key,T1.4,encoding,1,yaml,0,1,0,1,0
sample_01997,aws_secret_access_key,T1.4,encoding,1,yaml,0,1,0,1,0
sample_01998,aws_secret_access_key,T1.4,encoding,1,yaml,0,1,0,1,0
sample_01999,aws_secret_access_key,T1.4,encoding,1,yaml,0,0,0,0,0
sample_02000,aws_secret_access_key,T1.4,encoding,1,yaml,0,1,0,1,0
sample_02001,aws_secret_access_key,T1.4,encoding,1,yaml,0,1,0,1,0
sample_02002,aws_secret_access_key,T1.4,encoding,1,yaml,0,0,0,0,0
sample_02003,aws_secret_access_key,T1.4,encoding,1,yaml,0,1,0,1,0
sample_02004,aws_secret_access_key,T1.4,encoding,1,yaml,0,0,0,0,0
sample_02005,aws_secret_access_key,T1.4,encoding,1,yaml,0,1,0,1,0
sample_02006,aws_secret_access_key,T1.4,encoding,1,yaml,0,1,0,1,0
sample_02007,aws_secret_access_key,T1.4,encoding,1,yaml,0,1,0,1,0
sample_02008,aws_secret_access_key,T1.4,encoding,1,yaml,1,1,1,1,0
sample_02009,aws_secret_access_key,T1.4,encoding,1,yaml,0,1,0,1,0
sample_02010,aws_secret_access_key,T1.4,encoding,1,yaml,0,1,0,1,0
sample_02011,aws_secret_access_key,T1.5,encoding,1,python,1,1,1,1,0
sample_02012,aws_secret_access_key,T1.5,encoding,1,python,1,1,0,0,0
sample_02013,aws_secret_access_key,T1.5,encoding,1,python,0,1,0,1,0
sample_02014,aws_secret_access_key,T1.5,encoding,1,python,0,1,0,1,0
sample_02015,aws_secret_access_key,T1.5,encoding,1,python,1,1,1,1,0
sample_02016,aws_secret_access_key,T1.5,encoding,1,python,0,1,0,1,0
sample_02017,aws_secret_access_key,T1.5,encoding,1,python,1,1,1,1,0
sample_02018,aws_secret_access_key,T1.5,encoding,1,python,0,0,0,0,0
sample_02019,aws_secret_access_key,T1.5,encoding,1,python,0,1,0,1,0
sample_02020,aws_secret_access_key,T1.5,encoding,1,python,0,1,0,1,0
sample_02021,aws_secret_access_key,T1.5,encoding,1,python,0,1,0,1,0
sample_02022,aws_secret_access_key,T1.5,encoding,1,python,0,0,0,0,0
sample_02023,aws_secret_access_key,T1.5,encoding,1,python,0,1,0,1,0
sample_02024,aws_secret_access_key,T1.5,encoding,1,python,0,1,0,1,0
sample_02025,aws_secret_access_key,T1.5,encoding,1,python,1,1,1,1,0
sample_02026,aws_secret_access_key,T1.5,encoding,1,python,0,1,0,1,0
sample_02027,aws_secret_access_key,T1.5,encoding,1,python,0,1,0,1,0
sample_02028,aws_secret_access_key,T1.5,encoding,1,python,0,1,0,1,0
sample_02029,aws_secret_access_key,T1.5,encoding,1,python,0,1,0,1,0
sample_02030,aws_secret_access_key,T1.5,encoding,1,python,0,1,0,1,0
sample_02031,aws_secret_access_key,T1.5,encoding,1,python,0,1,0,1,0
sample_02032,aws_secret_access_key,T1.5,encoding,1,python,0,1,0,1,0
sample_02033,aws_secret_access_key,T1.5,encoding,1,python,0,0,0,0,0
sample_02034,aws_secret_access_key,T1.5,encoding,1,python,1,1,1,1,0
sample_02035,aws_secret_access_key,T1.5,encoding,1,python,1,1,1,1,0
sample_02036,aws_secret_access_key,T1.5,encoding,1,python,0,1,0,1,0
sample_02037,aws_secret_access_key,T1.5,encoding,1,python,0,1,0,1,0
sample_02038,aws_secret_access_key,T1.5,encoding,1,python,0,1,0,1,0
sample_02039,aws_secret_access_key,T1.5,encoding,1,python,0,1,0,1,0
sample_02040,aws_secret_access_key,T1.5,encoding,1,python,1,1,1,1,0
sample_02041,aws_secret_access_key,T1.5,encoding,1,dotenv,0,1,0,1,0
sample_02042,aws_secret_access_key,T1.5,encoding,1,dotenv,0,1,0,1,0
sample_02043,aws_secret_access_key,T1.5,encoding,1,dotenv,0,1,0,1,0
sample_02044,aws_secret_access_key,T1.5,encoding,1,dotenv,0,1,0,1,0
sample_02045,aws_secret_access_key,T1.5,encoding,1,dotenv,0,1,0,1,0
sample_02046,aws_secret_access_key,T1.5,encoding,1,dotenv,0,1,0,1,0
sample_02047,aws_secret_access_key,T1.5,encoding,1,dotenv,0,1,0,1,0
sample_02048,aws_secret_access_key,T1.5,encoding,1,dotenv,0,1,0,1,0
sample_02049,aws_secret_access_key,T1.5,encoding,1,dotenv,0,1,0,1,0
sample_02050,aws_secret_access_key,T1.5,encoding,1,dotenv,1,1,1,1,0
sample_02051,aws_secret_access_key,T1.5,encoding,1,dotenv,0,1,0,1,0
sample_02052,aws_secret_access_key,T1.5,encoding,1,dotenv,0,1,0,1,0
sample_02053,aws_secret_access_key,T1.5,encoding,1,dotenv,1,1,1,1,0
sample_02054,aws_secret_access_key,T1.5,encoding,1,dotenv,0,1,0,1,0
sample_02055,aws_secret_access_key,T1.5,encoding,1,dotenv,0,1,0,1,0
sample_02056,aws_secret_access_key,T1.5,encoding,1,dotenv,1,1,1,1,0
sample_02057,aws_secret_access_key,T1.5,encoding,1,dotenv,1,1,1,1,0
sample_02058,aws_secret_access_key,T1.5,encoding,1,dotenv,1,1,1,1,0
sample_02059,aws_secret_access_key,T1.5,encoding,1,dotenv,0,1,0,1,0
sample_02060,aws_secret_access_key,T1.5,encoding,1,dotenv,1,1,1,1,0
sample_02061,aws_secret_access_key,T1.5,encoding,1,dotenv,0,1,0,1,0
sample_02062,aws_secret_access_key,T1.5,encoding,1,dotenv,1,1,1,1,0
sample_02063,aws_secret_access_key,T1.5,encoding,1,dotenv,0,1,0,1,0
sample_02064,aws_secret_access_key,T1.5,encoding,1,dotenv,0,1,0,1,0
sample_02065,aws_secret_access_key,T1.5,encoding,1,dotenv,1,1,1,1,0
sample_02066,aws_secret_access_key,T1.5,encoding,1,dotenv,0,0,0,0,0
sample_02067,aws_secret_access_key,T1.5,encoding,1,dotenv,0,1,0,1,0
sample_02068,aws_secret_access_key,T1.5,encoding,1,dotenv,0,1,0,1,0
sample_02069,aws_secret_access_key,T1.5,encoding,1,dotenv,0,1,0,1,0
sample_02070,aws_secret_access_key,T1.5,encoding,1,dotenv,0,1,0,1,0
sample_02071,aws_secret_access_key,T1.5,encoding,1,yaml,0,1,0,1,0
sample_02072,aws_secret_access_key,T1.5,encoding,1,yaml,0,1,0,1,0
sample_02073,aws_secret_access_key,T1.5,encoding,1,yaml,0,1,0,1,0
sample_02074,aws_secret_access_key,T1.5,encoding,1,yaml,1,1,1,1,0
sample_02075,aws_secret_access_key,T1.5,encoding,1,yaml,0,1,0,1,0
sample_02076,aws_secret_access_key,T1.5,encoding,1,yaml,1,1,1,1,0
sample_02077,aws_secret_access_key,T1.5,encoding,1,yaml,0,1,0,1,0
sample_02078,aws_secret_access_key,T1.5,encoding,1,yaml,0,1,0,1,0
sample_02079,aws_secret_access_key,T1.5,encoding,1,yaml,0,1,0,1,0
sample_02080,aws_secret_access_key,T1.5,encoding,1,yaml,0,1,0,1,0
sample_02081,aws_secret_access_key,T1.5,encoding,1,yaml,0,1,0,1,0
sample_02082,aws_secret_access_key,T1.5,encoding,1,yaml,0,1,0,1,0
sample_02083,aws_secret_access_key,T1.5,encoding,1,yaml,0,1,0,1,0
sample_02084,aws_secret_access_key,T1.5,encoding,1,yaml,1,1,1,1,0
sample_02085,aws_secret_access_key,T1.5,encoding,1,yaml,0,1,0,1,0
sample_02086,aws_secret_access_key,T1.5,encoding,1,yaml,0,0,0,0,0
sample_02087,aws_secret_access_key,T1.5,encoding,1,yaml,0,1,0,1,0
sample_02088,aws_secret_access_key,T1.5,encoding,1,yaml,0,1,0,1,0
sample_02089,aws_secret_access_key,T1.5,encoding,1,yaml,1,1,1,1,0
sample_02090,aws_secret_access_key,T1.5,encoding,1,yaml,0,1,0,1,0
sample_02091,aws_secret_access_key,T1.5,encoding,1,yaml,0,1,0,1,0
sample_02092,aws_secret_access_key,T1.5,encoding,1,yaml,0,1,0,1,0
sample_02093,aws_secret_access_key,T1.5,encoding,1,yaml,0,1,0,1,0
sample_02094,aws_secret_access_key,T1.5,encoding,1,yaml,0,1,0,1,0
sample_02095,aws_secret_access_key,T1.5,encoding,1,yaml,0,1,0,1,0
sample_02096,aws_secret_access_key,T1.5,encoding,1,yaml,1,1,1,1,0
sample_02097,aws_secret_access_key,T1.5,encoding,1,yaml,0,1,0,1,0
sample_02098,aws_secret_access_key,T1.5,encoding,1,yaml,1,1,1,1,0
sample_02099,aws_secret_access_key,T1.5,encoding,1,yaml,0,1,0,1,0
sample_02100,aws_secret_access_key,T1.5,encoding,1,yaml,0,1,0,1,0
sample_02101,aws_secret_access_key,T1.6,encoding,1,python,1,1,1,1,0
sample_02102,aws_secret_access_key,T1.6,encoding,1,python,1,1,1,1,0
sample_02103,aws_secret_access_key,T1.6,encoding,1,python,1,1,1,1,0
sample_02104,aws_secret_access_key,T1.6,encoding,1,python,1,1,1,1,0
sample_02105,aws_secret_access_key,T1.6,encoding,1,python,1,1,1,1,0
sample_02106,aws_secret_access_key,T1.6,encoding,1,python,1,1,1,1,0
sample_02107,aws_secret_access_key,T1.6,encoding,1,python,1,1,1,1,0
sample_02108,aws_secret_access_key,T1.6,encoding,1,python,1,1,1,1,0
sample_02109,aws_secret_access_key,T1.6,encoding,1,python,1,1,1,1,0
sample_02110,aws_secret_access_key,T1.6,encoding,1,python,1,1,1,1,0
sample_02111,aws_secret_access_key,T1.6,encoding,1,python,1,1,1,1,0
sample_02112,aws_secret_access_key,T1.6,encoding,1,python,1,1,1,1,0
sample_02113,aws_secret_access_key,T1.6,encoding,1,python,1,1,1,1,0
sample_02114,aws_secret_access_key,T1.6,encoding,1,python,1,1,1,1,0
sample_02115,aws_secret_access_key,T1.6,encoding,1,python,1,1,1,1,0
sample_02116,aws_secret_access_key,T1.6,encoding,1,python,1,1,1,1,0
sample_02117,aws_secret_access_key,T1.6,encoding,1,python,1,1,1,1,0
sample_02118,aws_secret_access_key,T1.6,encoding,1,python,1,1,1,1,0
sample_02119,aws_secret_access_key,T1.6,encoding,1,python,1,1,1,1,0
sample_02120,aws_secret_access_key,T1.6,encoding,1,python,1,1,1,1,0
sample_02121,aws_secret_access_key,T1.6,encoding,1,python,1,1,1,1,0
sample_02122,aws_secret_access_key,T1.6,encoding,1,python,1,1,1,1,0
sample_02123,aws_secret_access_key,T1.6,encoding,1,python,1,1,1,1,0
sample_02124,aws_secret_access_key,T1.6,encoding,1,python,1,1,1,1,0
sample_02125,aws_secret_access_key,T1.6,encoding,1,python,1,1,1,1,0
sample_02126,aws_secret_access_key,T1.6,encoding,1,python,1,1,1,1,0
sample_02127,aws_secret_access_key,T1.6,encoding,1,python,1,1,1,1,0
sample_02128,aws_secret_access_key,T1.6,encoding,1,python,1,1,1,1,0
sample_02129,aws_secret_access_key,T1.6,encoding,1,python,1,1,1,1,0
sample_02130,aws_secret_access_key,T1.6,encoding,1,python,1,1,1,1,0
sample_02131,aws_secret_access_key,T1.6,encoding,1,dotenv,1,1,1,1,0
sample_02132,aws_secret_access_key,T1.6,encoding,1,dotenv,1,1,1,1,0
sample_02133,aws_secret_access_key,T1.6,encoding,1,dotenv,1,1,1,1,0
sample_02134,aws_secret_access_key,T1.6,encoding,1,dotenv,1,1,1,1,0
sample_02135,aws_secret_access_key,T1.6,encoding,1,dotenv,1,1,1,1,0
sample_02136,aws_secret_access_key,T1.6,encoding,1,dotenv,1,1,1,1,0
sample_02137,aws_secret_access_key,T1.6,encoding,1,dotenv,1,1,1,1,0
sample_02138,aws_secret_access_key,T1.6,encoding,1,dotenv,1,1,1,1,0
sample_02139,aws_secret_access_key,T1.6,encoding,1,dotenv,1,1,1,1,0
sample_02140,aws_secret_access_key,T1.6,encoding,1,dotenv,1,1,1,1,0
sample_02141,aws_secret_access_key,T1.6,encoding,1,dotenv,1,1,1,1,0
sample_02142,aws_secret_access_key,T1.6,encoding,1,dotenv,1,1,1,1,0
sample_02143,aws_secret_access_key,T1.6,encoding,1,dotenv,1,1,1,1,0
sample_02144,aws_secret_access_key,T1.6,encoding,1,dotenv,1,1,1,1,0
sample_02145,aws_secret_access_key,T1.6,encoding,1,dotenv,1,1,1,1,0
sample_02146,aws_secret_access_key,T1.6,encoding,1,dotenv,1,1,1,1,0
sample_02147,aws_secret_access_key,T1.6,encoding,1,dotenv,0,0,0,0,0
sample_02148,aws_secret_access_key,T1.6,encoding,1,dotenv,1,1,1,1,0
sample_02149,aws_secret_access_key,T1.6,encoding,1,dotenv,1,1,1,1,0
sample_02150,aws_secret_access_key,T1.6,encoding,1,dotenv,1,1,1,1,0
sample_02151,aws_secret_access_key,T1.6,encoding,1,dotenv,1,1,1,1,0
sample_02152,aws_secret_access_key,T1.6,encoding,1,dotenv,1,1,1,1,0
sample_02153,aws_secret_access_key,T1.6,encoding,1,dotenv,1,1,1,1,0
sample_02154,aws_secret_access_key,T1.6,encoding,1,dotenv,1,1,1,1,0
sample_02155,aws_secret_access_key,T1.6,encoding,1,dotenv,1,1,1,1,0
sample_02156,aws_secret_access_key,T1.6,encoding,1,dotenv,1,1,1,1,0
sample_02157,aws_secret_access_key,T1.6,encoding,1,dotenv,1,1,1,1,0
sample_02158,aws_secret_access_key,T1.6,encoding,1,dotenv,1,1,1,1,0
sample_02159,aws_secret_access_key,T1.6,encoding,1,dotenv,1,1,1,1,0
sample_02160,aws_secret_access_key,T1.6,encoding,1,dotenv,1,1,1,1,0
sample_02161,aws_secret_access_key,T1.6,encoding,1,yaml,1,1,1,1,0
sample_02162,aws_secret_access_key,T1.6,encoding,1,yaml,1,1,1,1,0
sample_02163,aws_secret_access_key,T1.6,encoding,1,yaml,1,1,1,1,0
sample_02164,aws_secret_access_key,T1.6,encoding,1,yaml,1,1,1,1,0
sample_02165,aws_secret_access_key,T1.6,encoding,1,yaml,1,1,1,1,0
sample_02166,aws_secret_access_key,T1.6,encoding,1,yaml,1,1,1,1,0
sample_02167,aws_secret_access_key,T1.6,encoding,1,yaml,1,1,1,1,0
sample_02168,aws_secret_access_key,T1.6,encoding,1,yaml,1,1,1,1,0
sample_02169,aws_secret_access_key,T1.6,encoding,1,yaml,1,1,1,1,0
sample_02170,aws_secret_access_key,T1.6,encoding,1,yaml,1,1,1,1,0
sample_02171,aws_secret_access_key,T1.6,encoding,1,yaml,1,1,1,1,0
sample_02172,aws_secret_access_key,T1.6,encoding,1,yaml,1,1,1,1,0
sample_02173,aws_secret_access_key,T1.6,encoding,1,yaml,1,1,1,1,0
sample_02174,aws_secret_access_key,T1.6,encoding,1,yaml,1,1,1,1,0
sample_02175,aws_secret_access_key,T1.6,encoding,1,yaml,1,1,1,1,0
sample_02176,aws_secret_access_key,T1.6,encoding,1,yaml,1,1,1,1,0
sample_02177,aws_secret_access_key,T1.6,encoding,1,yaml,1,1,1,1,0
sample_02178,aws_secret_access_key,T1.6,encoding,1,yaml,1,1,1,1,0
sample_02179,aws_secret_access_key,T1.6,encoding,1,yaml,1,1,1,1,0
sample_02180,aws_secret_access_key,T1.6,encoding,1,yaml,1,1,1,1,0
sample_02181,aws_secret_access_key,T1.6,encoding,1,yaml,1,1,1,1,0
sample_02182,aws_secret_access_key,T1.6,encoding,1,yaml,1,1,1,1,0
sample_02183,aws_secret_access_key,T1.6,encoding,1,yaml,1,1,1,1,0
sample_02184,aws_secret_access_key,T1.6,encoding,1,yaml,1,1,1,1,0
sample_02185,aws_secret_access_key,T1.6,encoding,1,yaml,1,1,1,1,0
sample_02186,aws_secret_access_key,T1.6,encoding,1,yaml,1,1,1,1,0
sample_02187,aws_secret_access_key,T1.6,encoding,1,yaml,1,1,1,1,0
sample_02188,aws_secret_access_key,T1.6,encoding,1,yaml,1,1,1,1,0
sample_02189,aws_secret_access_key,T1.6,encoding,1,yaml,1,1,1,1,0
sample_02190,aws_secret_access_key,T1.6,encoding,1,yaml,1,1,1,1,0
sample_02191,aws_secret_access_key,T1.7,encoding,1,python,1,1,1,1,0
sample_02192,aws_secret_access_key,T1.7,encoding,1,python,1,1,1,1,0
sample_02193,aws_secret_access_key,T1.7,encoding,1,python,0,0,0,0,0
sample_02194,aws_secret_access_key,T1.7,encoding,1,python,1,1,1,1,0
sample_02195,aws_secret_access_key,T1.7,encoding,1,python,1,1,1,1,0
sample_02196,aws_secret_access_key,T1.7,encoding,1,python,0,0,0,0,0
sample_02197,aws_secret_access_key,T1.7,encoding,1,python,0,0,0,0,0
sample_02198,aws_secret_access_key,T1.7,encoding,1,python,1,1,1,1,0
sample_02199,aws_secret_access_key,T1.7,encoding,1,python,1,1,1,1,0
sample_02200,aws_secret_access_key,T1.7,encoding,1,python,1,1,1,1,0
sample_02201,aws_secret_access_key,T1.7,encoding,1,python,1,1,1,1,0
sample_02202,aws_secret_access_key,T1.7,encoding,1,python,1,1,1,1,0
sample_02203,aws_secret_access_key,T1.7,encoding,1,python,1,1,1,1,0
sample_02204,aws_secret_access_key,T1.7,encoding,1,python,1,1,1,1,0
sample_02205,aws_secret_access_key,T1.7,encoding,1,python,1,1,1,1,0
sample_02206,aws_secret_access_key,T1.7,encoding,1,python,1,1,1,1,0
sample_02207,aws_secret_access_key,T1.7,encoding,1,python,1,1,1,1,0
sample_02208,aws_secret_access_key,T1.7,encoding,1,python,1,1,1,1,0
sample_02209,aws_secret_access_key,T1.7,encoding,1,python,1,1,1,1,0
sample_02210,aws_secret_access_key,T1.7,encoding,1,python,1,1,1,1,0
sample_02211,aws_secret_access_key,T1.7,encoding,1,python,1,1,1,1,0
sample_02212,aws_secret_access_key,T1.7,encoding,1,python,0,0,0,0,0
sample_02213,aws_secret_access_key,T1.7,encoding,1,python,1,1,1,1,0
sample_02214,aws_secret_access_key,T1.7,encoding,1,python,1,1,1,1,0
sample_02215,aws_secret_access_key,T1.7,encoding,1,python,1,1,1,1,0
sample_02216,aws_secret_access_key,T1.7,encoding,1,python,1,1,1,1,0
sample_02217,aws_secret_access_key,T1.7,encoding,1,python,1,1,1,1,0
sample_02218,aws_secret_access_key,T1.7,encoding,1,python,1,1,1,1,0
sample_02219,aws_secret_access_key,T1.7,encoding,1,python,1,1,1,1,0
sample_02220,aws_secret_access_key,T1.7,encoding,1,python,1,1,1,1,0
sample_02221,aws_secret_access_key,T1.7,encoding,1,dotenv,1,1,1,1,0
sample_02222,aws_secret_access_key,T1.7,encoding,1,dotenv,1,1,1,1,0
sample_02223,aws_secret_access_key,T1.7,encoding,1,dotenv,1,1,1,1,0
sample_02224,aws_secret_access_key,T1.7,encoding,1,dotenv,1,1,1,1,0
sample_02225,aws_secret_access_key,T1.7,encoding,1,dotenv,1,1,1,1,0
sample_02226,aws_secret_access_key,T1.7,encoding,1,dotenv,1,1,1,1,0
sample_02227,aws_secret_access_key,T1.7,encoding,1,dotenv,1,1,1,1,0
sample_02228,aws_secret_access_key,T1.7,encoding,1,dotenv,1,1,1,1,0
sample_02229,aws_secret_access_key,T1.7,encoding,1,dotenv,1,1,1,1,0
sample_02230,aws_secret_access_key,T1.7,encoding,1,dotenv,1,1,1,1,0
sample_02231,aws_secret_access_key,T1.7,encoding,1,dotenv,1,1,1,1,0
sample_02232,aws_secret_access_key,T1.7,encoding,1,dotenv,1,1,1,1,0
sample_02233,aws_secret_access_key,T1.7,encoding,1,dotenv,1,1,1,1,0
sample_02234,aws_secret_access_key,T1.7,encoding,1,dotenv,1,1,1,1,0
sample_02235,aws_secret_access_key,T1.7,encoding,1,dotenv,1,1,1,1,0
sample_02236,aws_secret_access_key,T1.7,encoding,1,dotenv,1,1,1,1,0
sample_02237,aws_secret_access_key,T1.7,encoding,1,dotenv,1,1,1,1,0
sample_02238,aws_secret_access_key,T1.7,encoding,1,dotenv,1,1,1,1,0
sample_02239,aws_secret_access_key,T1.7,encoding,1,dotenv,1,1,1,1,0
sample_02240,aws_secret_access_key,T1.7,encoding,1,dotenv,1,1,1,1,0
sample_02241,aws_secret_access_key,T1.7,encoding,1,dotenv,1,1,1,1,0
sample_02242,aws_secret_access_key,T1.7,encoding,1,dotenv,1,1,1,1,0
sample_02243,aws_secret_access_key,T1.7,encoding,1,dotenv,1,1,1,1,0
sample_02244,aws_secret_access_key,T1.7,encoding,1,dotenv,1,1,1,1,0
sample_02245,aws_secret_access_key,T1.7,encoding,1,dotenv,1,1,1,1,0
sample_02246,aws_secret_access_key,T1.7,encoding,1,dotenv,1,1,1,1,0
sample_02247,aws_secret_access_key,T1.7,encoding,1,dotenv,0,0,0,0,0
sample_02248,aws_secret_access_key,T1.7,encoding,1,dotenv,1,1,1,1,0
sample_02249,aws_secret_access_key,T1.7,encoding,1,dotenv,1,1,1,1,0
sample_02250,aws_secret_access_key,T1.7,encoding,1,dotenv,1,1,1,1,0
sample_02251,aws_secret_access_key,T1.7,encoding,1,yaml,1,1,1,1,0
sample_02252,aws_secret_access_key,T1.7,encoding,1,yaml,1,1,1,1,0
sample_02253,aws_secret_access_key,T1.7,encoding,1,yaml,1,1,1,1,0
sample_02254,aws_secret_access_key,T1.7,encoding,1,yaml,1,1,1,1,0
sample_02255,aws_secret_access_key,T1.7,encoding,1,yaml,1,1,1,1,0
sample_02256,aws_secret_access_key,T1.7,encoding,1,yaml,1,1,1,1,0
sample_02257,aws_secret_access_key,T1.7,encoding,1,yaml,1,1,1,1,0
sample_02258,aws_secret_access_key,T1.7,encoding,1,yaml,1,1,1,1,0
sample_02259,aws_secret_access_key,T1.7,encoding,1,yaml,1,1,1,1,0
sample_02260,aws_secret_access_key,T1.7,encoding,1,yaml,1,1,1,1,0
sample_02261,aws_secret_access_key,T1.7,encoding,1,yaml,1,1,1,1,0
sample_02262,aws_secret_access_key,T1.7,encoding,1,yaml,1,1,1,1,0
sample_02263,aws_secret_access_key,T1.7,encoding,1,yaml,1,1,1,1,0
sample_02264,aws_secret_access_key,T1.7,encoding,1,yaml,1,1,1,1,0
sample_02265,aws_secret_access_key,T1.7,encoding,1,yaml,1,1,1,1,0
sample_02266,aws_secret_access_key,T1.7,encoding,1,yaml,0,0,0,0,0
sample_02267,aws_secret_access_key,T1.7,encoding,1,yaml,1,1,1,1,0
sample_02268,aws_secret_access_key,T1.7,encoding,1,yaml,1,1,1,1,0
sample_02269,aws_secret_access_key,T1.7,encoding,1,yaml,1,1,1,1,0
sample_02270,aws_secret_access_key,T1.7,encoding,1,yaml,1,1,1,1,0
sample_02271,aws_secret_access_key,T1.7,encoding,1,yaml,1,1,1,1,0
sample_02272,aws_secret_access_key,T1.7,encoding,1,yaml,1,1,1,1,0
sample_02273,aws_secret_access_key,T1.7,encoding,1,yaml,1,1,1,1,0
sample_02274,aws_secret_access_key,T1.7,encoding,1,yaml,1,1,1,1,0
sample_02275,aws_secret_access_key,T1.7,encoding,1,yaml,1,1,1,1,0
sample_02276,aws_secret_access_key,T1.7,encoding,1,yaml,1,1,1,1,0
sample_02277,aws_secret_access_key,T1.7,encoding,1,yaml,1,1,1,1,0
sample_02278,aws_secret_access_key,T1.7,encoding,1,yaml,1,1,1,1,0
sample_02279,aws_secret_access_key,T1.7,encoding,1,yaml,1,1,1,1,0
sample_02280,aws_secret_access_key,T1.7,encoding,1,yaml,1,1,1,1,0
sample_02281,aws_secret_access_key,T2.1,multi_encoding,2,python,1,1,1,1,0
sample_02282,aws_secret_access_key,T2.1,multi_encoding,2,python,1,1,1,1,0
sample_02283,aws_secret_access_key,T2.1,multi_encoding,2,python,1,1,1,1,0
sample_02284,aws_secret_access_key,T2.1,multi_encoding,2,python,1,1,1,1,0
sample_02285,aws_secret_access_key,T2.1,multi_encoding,2,python,1,1,1,1,0
sample_02286,aws_secret_access_key,T2.1,multi_encoding,2,python,1,1,1,1,0
sample_02287,aws_secret_access_key,T2.1,multi_encoding,2,python,1,1,1,1,0
sample_02288,aws_secret_access_key,T2.1,multi_encoding,2,python,1,1,1,1,0
sample_02289,aws_secret_access_key,T2.1,multi_encoding,2,python,1,1,1,1,0
sample_02290,aws_secret_access_key,T2.1,multi_encoding,2,python,1,1,1,1,0
sample_02291,aws_secret_access_key,T2.1,multi_encoding,2,python,1,1,1,1,0
sample_02292,aws_secret_access_key,T2.1,multi_encoding,2,python,1,1,1,1,0
sample_02293,aws_secret_access_key,T2.1,multi_encoding,2,python,1,1,1,1,0
sample_02294,aws_secret_access_key,T2.1,multi_encoding,2,python,1,1,1,1,0
sample_02295,aws_secret_access_key,T2.1,multi_encoding,2,python,1,1,1,1,0
sample_02296,aws_secret_access_key,T2.1,multi_encoding,2,python,1,1,1,1,0
sample_02297,aws_secret_access_key,T2.1,multi_encoding,2,python,1,1,1,1,0
sample_02298,aws_secret_access_key,T2.1,multi_encoding,2,python,1,1,1,1,0
sample_02299,aws_secret_access_key,T2.1,multi_encoding,2,python,1,1,1,1,0
sample_02300,aws_secret_access_key,T2.1,multi_encoding,2,python,1,1,1,1,0
sample_02301,aws_secret_access_key,T2.1,multi_encoding,2,python,1,1,1,1,0
sample_02302,aws_secret_access_key,T2.1,multi_encoding,2,python,1,1,1,1,0
sample_02303,aws_secret_access_key,T2.1,multi_encoding,2,python,1,1,1,1,0
sample_02304,aws_secret_access_key,T2.1,multi_encoding,2,python,1,1,1,1,0
sample_02305,aws_secret_access_key,T2.1,multi_encoding,2,python,1,1,1,1,0
sample_02306,aws_secret_access_key,T2.1,multi_encoding,2,python,1,1,1,1,0
sample_02307,aws_secret_access_key,T2.1,multi_encoding,2,python,1,1,1,1,0
sample_02308,aws_secret_access_key,T2.1,multi_encoding,2,python,1,1,1,1,0
sample_02309,aws_secret_access_key,T2.1,multi_encoding,2,python,1,1,1,1,0
sample_02310,aws_secret_access_key,T2.1,multi_encoding,2,python,1,1,1,1,0
sample_02311,aws_secret_access_key,T2.1,multi_encoding,2,dotenv,1,1,1,1,0
sample_02312,aws_secret_access_key,T2.1,multi_encoding,2,dotenv,1,1,1,1,0
sample_02313,aws_secret_access_key,T2.1,multi_encoding,2,dotenv,1,1,1,1,0
sample_02314,aws_secret_access_key,T2.1,multi_encoding,2,dotenv,1,1,1,1,0
sample_02315,aws_secret_access_key,T2.1,multi_encoding,2,dotenv,1,1,1,1,0
sample_02316,aws_secret_access_key,T2.1,multi_encoding,2,dotenv,1,1,1,1,0
sample_02317,aws_secret_access_key,T2.1,multi_encoding,2,dotenv,1,1,1,1,0
sample_02318,aws_secret_access_key,T2.1,multi_encoding,2,dotenv,1,1,1,1,0
sample_02319,aws_secret_access_key,T2.1,multi_encoding,2,dotenv,1,1,1,1,0
sample_02320,aws_secret_access_key,T2.1,multi_encoding,2,dotenv,1,1,1,1,0
sample_02321,aws_secret_access_key,T2.1,multi_encoding,2,dotenv,1,1,1,1,0
sample_02322,aws_secret_access_key,T2.1,multi_encoding,2,dotenv,1,1,1,1,0
sample_02323,aws_secret_access_key,T2.1,multi_encoding,2,dotenv,1,1,1,1,0
sample_02324,aws_secret_access_key,T2.1,multi_encoding,2,dotenv,1,1,1,1,0
sample_02325,aws_secret_access_key,T2.1,multi_encoding,2,dotenv,1,1,1,1,0
sample_02326,aws_secret_access_key,T2.1,multi_encoding,2,dotenv,1,1,1,1,0
sample_02327,aws_secret_access_key,T2.1,multi_encoding,2,dotenv,1,1,1,1,0
sample_02328,aws_secret_access_key,T2.1,multi_encoding,2,dotenv,1,1,1,1,0
sample_02329,aws_secret_access_key,T2.1,multi_encoding,2,dotenv,1,1,1,1,0
sample_02330,aws_secret_access_key,T2.1,multi_encoding,2,dotenv,1,1,1,1,0
sample_02331,aws_secret_access_key,T2.1,multi_encoding,2,dotenv,1,1,1,1,0
sample_02332,aws_secret_access_key,T2.1,multi_encoding,2,dotenv,1,1,1,1,0
sample_02333,aws_secret_access_key,T2.1,multi_encoding,2,dotenv,1,1,1,1,0
sample_02334,aws_secret_access_key,T2.1,multi_encoding,2,dotenv,1,1,1,1,0
sample_02335,aws_secret_access_key,T2.1,multi_encoding,2,dotenv,1,1,1,1,0
sample_02336,aws_secret_access_key,T2.1,multi_encoding,2,dotenv,1,1,1,1,0
sample_02337,aws_secret_access_key,T2.1,multi_encoding,2,dotenv,1,1,1,1,0
sample_02338,aws_secret_access_key,T2.1,multi_encoding,2,dotenv,1,1,1,1,0
sample_02339,aws_secret_access_key,T2.1,multi_encoding,2,dotenv,1,1,1,1,0
sample_02340,aws_secret_access_key,T2.1,multi_encoding,2,dotenv,1,1,1,1,0
sample_02341,aws_secret_access_key,T2.1,multi_encoding,2,yaml,1,1,1,1,0
sample_02342,aws_secret_access_key,T2.1,multi_encoding,2,yaml,1,1,1,1,0
sample_02343,aws_secret_access_key,T2.1,multi_encoding,2,yaml,1,1,1,1,0
sample_02344,aws_secret_access_key,T2.1,multi_encoding,2,yaml,1,1,1,1,0
sample_02345,aws_secret_access_key,T2.1,multi_encoding,2,yaml,1,1,1,1,0
sample_02346,aws_secret_access_key,T2.1,multi_encoding,2,yaml,1,1,1,1,0
sample_02347,aws_secret_access_key,T2.1,multi_encoding,2,yaml,1,1,1,1,0
sample_02348,aws_secret_access_key,T2.1,multi_encoding,2,yaml,1,1,1,1,0
sample_02349,aws_secret_access_key,T2.1,multi_encoding,2,yaml,1,1,1,1,0
sample_02350,aws_secret_access_key,T2.1,multi_encoding,2,yaml,1,1,1,1,0
sample_02351,aws_secret_access_key,T2.1,multi_encoding,2,yaml,1,1,1,1,0
sample_02352,aws_secret_access_key,T2.1,multi_encoding,2,yaml,1,1,1,1,0
sample_02353,aws_secret_access_key,T2.1,multi_encoding,2,yaml,1,1,1,1,0
sample_02354,aws_secret_access_key,T2.1,multi_encoding,2,yaml,1,1,1,1,0
sample_02355,aws_secret_access_key,T2.1,multi_encoding,2,yaml,1,1,1,1,0
sample_02356,aws_secret_access_key,T2.1,multi_encoding,2,yaml,1,1,1,1,0
sample_02357,aws_secret_access_key,T2.1,multi_encoding,2,yaml,1,1,1,1,0
sample_02358,aws_secret_access_key,T2.1,multi_encoding,2,yaml,1,1,1,1,0
sample_02359,aws_secret_access_key,T2.1,multi_encoding,2,yaml,1,1,1,1,0
sample_02360,aws_secret_access_key,T2.1,multi_encoding,2,yaml,1,1,1,1,0
sample_02361,aws_secret_access_key,T2.1,multi_encoding,2,yaml,1,1,1,1,0
sample_02362,aws_secret_access_key,T2.1,multi_encoding,2,yaml,1,1,1,1,0
sample_02363,aws_secret_access_key,T2.1,multi_encoding,2,yaml,1,1,1,1,0
sample_02364,aws_secret_access_key,T2.1,multi_encoding,2,yaml,1,1,1,1,0
sample_02365,aws_secret_access_key,T2.1,multi_encoding,2,yaml,1,1,1,1,0
sample_02366,aws_secret_access_key,T2.1,multi_encoding,2,yaml,1,1,1,1,0
sample_02367,aws_secret_access_key,T2.1,multi_encoding,2,yaml,1,1,1,1,0
sample_02368,aws_secret_access_key,T2.1,multi_encoding,2,yaml,1,1,1,1,0
sample_02369,aws_secret_access_key,T2.1,multi_encoding,2,yaml,1,1,1,1,0
sample_02370,aws_secret_access_key,T2.1,multi_encoding,2,yaml,1,1,1,1,0
sample_02371,aws_secret_access_key,T2.2,multi_encoding,3,python,0,1,0,1,0
sample_02372,aws_secret_access_key,T2.2,multi_encoding,3,python,1,1,1,1,0
sample_02373,aws_secret_access_key,T2.2,multi_encoding,3,python,1,1,1,1,0
sample_02374,aws_secret_access_key,T2.2,multi_encoding,3,python,1,1,1,1,0
sample_02375,aws_secret_access_key,T2.2,multi_encoding,3,python,1,1,1,1,0
sample_02376,aws_secret_access_key,T2.2,multi_encoding,3,python,1,1,1,1,0
sample_02377,aws_secret_access_key,T2.2,multi_encoding,3,python,1,1,1,1,0
sample_02378,aws_secret_access_key,T2.2,multi_encoding,3,python,1,1,1,1,0
sample_02379,aws_secret_access_key,T2.2,multi_encoding,3,python,1,1,1,1,0
sample_02380,aws_secret_access_key,T2.2,multi_encoding,3,python,1,1,1,1,0
sample_02381,aws_secret_access_key,T2.2,multi_encoding,3,python,1,1,1,1,0
sample_02382,aws_secret_access_key,T2.2,multi_encoding,3,python,1,1,1,1,0
sample_02383,aws_secret_access_key,T2.2,multi_encoding,3,python,1,1,1,1,0
sample_02384,aws_secret_access_key,T2.2,multi_encoding,3,python,1,1,1,1,0
sample_02385,aws_secret_access_key,T2.2,multi_encoding,3,python,1,1,1,1,0
sample_02386,aws_secret_access_key,T2.2,multi_encoding,3,python,1,1,1,1,0
sample_02387,aws_secret_access_key,T2.2,multi_encoding,3,python,1,1,1,1,0
sample_02388,aws_secret_access_key,T2.2,multi_encoding,3,python,1,1,1,1,0
sample_02389,aws_secret_access_key,T2.2,multi_encoding,3,python,1,1,1,1,0
sample_02390,aws_secret_access_key,T2.2,multi_encoding,3,python,1,1,1,1,0
sample_02391,aws_secret_access_key,T2.2,multi_encoding,3,python,1,1,1,1,0
sample_02392,aws_secret_access_key,T2.2,multi_encoding,3,python,1,1,1,1,0
sample_02393,aws_secret_access_key,T2.2,multi_encoding,3,python,1,1,1,1,0
sample_02394,aws_secret_access_key,T2.2,multi_encoding,3,python,1,1,1,1,0
sample_02395,aws_secret_access_key,T2.2,multi_encoding,3,python,1,1,1,1,0
sample_02396,aws_secret_access_key,T2.2,multi_encoding,3,python,1,1,1,1,0
sample_02397,aws_secret_access_key,T2.2,multi_encoding,3,python,1,1,1,1,0
sample_02398,aws_secret_access_key,T2.2,multi_encoding,3,python,1,1,1,1,0
sample_02399,aws_secret_access_key,T2.2,multi_encoding,3,python,1,1,1,1,0
sample_02400,aws_secret_access_key,T2.2,multi_encoding,3,python,1,1,1,1,0
sample_02401,aws_secret_access_key,T2.2,multi_encoding,3,dotenv,1,1,1,1,0
sample_02402,aws_secret_access_key,T2.2,multi_encoding,3,dotenv,1,1,1,1,0
sample_02403,aws_secret_access_key,T2.2,multi_encoding,3,dotenv,1,1,1,1,0
sample_02404,aws_secret_access_key,T2.2,multi_encoding,3,dotenv,1,1,1,1,0
sample_02405,aws_secret_access_key,T2.2,multi_encoding,3,dotenv,1,1,1,1,0
sample_02406,aws_secret_access_key,T2.2,multi_encoding,3,dotenv,1,1,1,1,0
sample_02407,aws_secret_access_key,T2.2,multi_encoding,3,dotenv,1,1,1,1,0
sample_02408,aws_secret_access_key,T2.2,multi_encoding,3,dotenv,1,1,1,1,0
sample_02409,aws_secret_access_key,T2.2,multi_encoding,3,dotenv,1,1,1,1,0
sample_02410,aws_secret_access_key,T2.2,multi_encoding,3,dotenv,1,1,1,1,0
sample_02411,aws_secret_access_key,T2.2,multi_encoding,3,dotenv,1,1,1,1,0
sample_02412,aws_secret_access_key,T2.2,multi_encoding,3,dotenv,1,1,1,1,0
sample_02413,aws_secret_access_key,T2.2,multi_encoding,3,dotenv,1,1,1,1,0
sample_02414,aws_secret_access_key,T2.2,multi_encoding,3,dotenv,1,1,1,1,0
sample_02415,aws_secret_access_key,T2.2,multi_encoding,3,dotenv,1,1,1,1,0
sample_02416,aws_secret_access_key,T2.2,multi_encoding,3,dotenv,1,1,1,1,0
sample_02417,aws_secret_access_key,T2.2,multi_encoding,3,dotenv,1,1,1,1,0
sample_02418,aws_secret_access_key,T2.2,multi_encoding,3,dotenv,1,1,1,1,0
sample_02419,aws_secret_access_key,T2.2,multi_encoding,3,dotenv,1,1,1,1,0
sample_02420,aws_secret_access_key,T2.2,multi_encoding,3,dotenv,1,1,1,1,0
sample_02421,aws_secret_access_key,T2.2,multi_encoding,3,dotenv,1,1,0,1,0
sample_02422,aws_secret_access_key,T2.2,multi_encoding,3,dotenv,1,1,1,1,0
sample_02423,aws_secret_access_key,T2.2,multi_encoding,3,dotenv,1,1,1,1,0
sample_02424,aws_secret_access_key,T2.2,multi_encoding,3,dotenv,1,1,1,1,0
sample_02425,aws_secret_access_key,T2.2,multi_encoding,3,dotenv,1,1,1,1,0
sample_02426,aws_secret_access_key,T2.2,multi_encoding,3,dotenv,1,1,1,1,0
sample_02427,aws_secret_access_key,T2.2,multi_encoding,3,dotenv,1,1,1,1,0
sample_02428,aws_secret_access_key,T2.2,multi_encoding,3,dotenv,1,1,1,1,0
sample_02429,aws_secret_access_key,T2.2,multi_encoding,3,dotenv,1,1,1,1,0
sample_02430,aws_secret_access_key,T2.2,multi_encoding,3,dotenv,1,1,1,1,0
sample_02431,aws_secret_access_key,T2.2,multi_encoding,3,yaml,1,1,1,1,0
sample_02432,aws_secret_access_key,T2.2,multi_encoding,3,yaml,1,1,1,1,0
sample_02433,aws_secret_access_key,T2.2,multi_encoding,3,yaml,1,1,1,1,0
sample_02434,aws_secret_access_key,T2.2,multi_encoding,3,yaml,1,1,1,1,0
sample_02435,aws_secret_access_key,T2.2,multi_encoding,3,yaml,1,1,1,1,0
sample_02436,aws_secret_access_key,T2.2,multi_encoding,3,yaml,1,1,1,1,0
sample_02437,aws_secret_access_key,T2.2,multi_encoding,3,yaml,1,1,1,1,0
sample_02438,aws_secret_access_key,T2.2,multi_encoding,3,yaml,1,1,1,1,0
sample_02439,aws_secret_access_key,T2.2,multi_encoding,3,yaml,1,1,1,1,0
sample_02440,aws_secret_access_key,T2.2,multi_encoding,3,yaml,1,1,1,1,0
sample_02441,aws_secret_access_key,T2.2,multi_encoding,3,yaml,1,1,1,1,0
sample_02442,aws_secret_access_key,T2.2,multi_encoding,3,yaml,1,1,1,1,0
sample_02443,aws_secret_access_key,T2.2,multi_encoding,3,yaml,1,1,1,1,0
sample_02444,aws_secret_access_key,T2.2,multi_encoding,3,yaml,1,1,1,1,0
sample_02445,aws_secret_access_key,T2.2,multi_encoding,3,yaml,1,1,1,1,0
sample_02446,aws_secret_access_key,T2.2,multi_encoding,3,yaml,1,1,1,1,0
sample_02447,aws_secret_access_key,T2.2,multi_encoding,3,yaml,1,1,1,1,0
sample_02448,aws_secret_access_key,T2.2,multi_encoding,3,yaml,1,1,1,1,0
sample_02449,aws_secret_access_key,T2.2,multi_encoding,3,yaml,0,1,0,1,0
sample_02450,aws_secret_access_key,T2.2,multi_encoding,3,yaml,1,1,1,1,0
sample_02451,aws_secret_access_key,T2.2,multi_encoding,3,yaml,1,1,1,1,0
sample_02452,aws_secret_access_key,T2.2,multi_encoding,3,yaml,1,1,1,1,0
sample_02453,aws_secret_access_key,T2.2,multi_encoding,3,yaml,1,1,1,1,0
sample_02454,aws_secret_access_key,T2.2,multi_encoding,3,yaml,1,1,1,1,0
sample_02455,aws_secret_access_key,T2.2,multi_encoding,3,yaml,1,1,1,1,0
sample_02456,aws_secret_access_key,T2.2,multi_encoding,3,yaml,1,1,1,1,0
sample_02457,aws_secret_access_key,T2.2,multi_encoding,3,yaml,1,1,1,1,0
sample_02458,aws_secret_access_key,T2.2,multi_encoding,3,yaml,1,1,1,1,0
sample_02459,aws_secret_access_key,T2.2,multi_encoding,3,yaml,1,1,1,1,0
sample_02460,aws_secret_access_key,T2.2,multi_encoding,3,yaml,1,1,1,1,0
sample_02461,aws_secret_access_key,T2.3,multi_encoding,2,python,1,1,1,1,0
sample_02462,aws_secret_access_key,T2.3,multi_encoding,2,python,0,1,0,1,0
sample_02463,aws_secret_access_key,T2.3,multi_encoding,2,python,0,1,0,1,0
sample_02464,aws_secret_access_key,T2.3,multi_encoding,2,python,0,1,0,1,0
sample_02465,aws_secret_access_key,T2.3,multi_encoding,2,python,0,1,0,1,0
sample_02466,aws_secret_access_key,T2.3,multi_encoding,2,python,0,1,0,1,0
sample_02467,aws_secret_access_key,T2.3,multi_encoding,2,python,0,1,0,1,0
sample_02468,aws_secret_access_key,T2.3,multi_encoding,2,python,0,1,0,1,0
sample_02469,aws_secret_access_key,T2.3,multi_encoding,2,python,0,1,0,1,0
sample_02470,aws_secret_access_key,T2.3,multi_encoding,2,python,0,1,0,1,0
sample_02471,aws_secret_access_key,T2.3,multi_encoding,2,python,0,1,0,1,0
sample_02472,aws_secret_access_key,T2.3,multi_encoding,2,python,0,1,0,1,0
sample_02473,aws_secret_access_key,T2.3,multi_encoding,2,python,0,1,0,1,0
sample_02474,aws_secret_access_key,T2.3,multi_encoding,2,python,0,1,0,1,0
sample_02475,aws_secret_access_key,T2.3,multi_encoding,2,python,0,1,0,1,0
sample_02476,aws_secret_access_key,T2.3,multi_encoding,2,python,0,1,0,1,0
sample_02477,aws_secret_access_key,T2.3,multi_encoding,2,python,0,1,0,1,0
sample_02478,aws_secret_access_key,T2.3,multi_encoding,2,python,0,1,0,1,0
sample_02479,aws_secret_access_key,T2.3,multi_encoding,2,python,0,1,0,1,0
sample_02480,aws_secret_access_key,T2.3,multi_encoding,2,python,0,1,0,1,0
sample_02481,aws_secret_access_key,T2.3,multi_encoding,2,python,0,1,0,1,0
sample_02482,aws_secret_access_key,T2.3,multi_encoding,2,python,0,1,0,1,0
sample_02483,aws_secret_access_key,T2.3,multi_encoding,2,python,0,1,0,1,0
sample_02484,aws_secret_access_key,T2.3,multi_encoding,2,python,0,1,0,1,0
sample_02485,aws_secret_access_key,T2.3,multi_encoding,2,python,0,1,0,1,0
sample_02486,aws_secret_access_key,T2.3,multi_encoding,2,python,0,1,0,1,0
sample_02487,aws_secret_access_key,T2.3,multi_encoding,2,python,0,1,0,1,0
sample_02488,aws_secret_access_key,T2.3,multi_encoding,2,python,0,1,0,1,0
sample_02489,aws_secret_access_key,T2.3,multi_encoding,2,python,0,1,0,1,0
sample_02490,aws_secret_access_key,T2.3,multi_encoding,2,python,0,1,0,1,0
sample_02491,aws_secret_access_key,T2.3,multi_encoding,2,dotenv,0,1,0,1,0
sample_02492,aws_secret_access_key,T2.3,multi_encoding,2,dotenv,0,1,0,1,0
sample_02493,aws_secret_access_key,T2.3,multi_encoding,2,dotenv,0,1,0,1,0
sample_02494,aws_secret_access_key,T2.3,multi_encoding,2,dotenv,0,1,0,1,0
sample_02495,aws_secret_access_key,T2.3,multi_encoding,2,dotenv,0,1,0,1,0
sample_02496,aws_secret_access_key,T2.3,multi_encoding,2,dotenv,0,1,0,1,0
sample_02497,aws_secret_access_key,T2.3,multi_encoding,2,dotenv,0,1,0,1,0
sample_02498,aws_secret_access_key,T2.3,multi_encoding,2,dotenv,0,1,0,1,0
sample_02499,aws_secret_access_key,T2.3,multi_encoding,2,dotenv,1,1,1,1,0
sample_02500,aws_secret_access_key,T2.3,multi_encoding,2,dotenv,0,1,0,1,0
sample_02501,aws_secret_access_key,T2.3,multi_encoding,2,dotenv,0,1,0,1,0
sample_02502,aws_secret_access_key,T2.3,multi_encoding,2,dotenv,0,1,0,1,0
sample_02503,aws_secret_access_key,T2.3,multi_encoding,2,dotenv,0,1,0,1,0
sample_02504,aws_secret_access_key,T2.3,multi_encoding,2,dotenv,0,1,0,1,0
sample_02505,aws_secret_access_key,T2.3,multi_encoding,2,dotenv,0,1,0,1,0
sample_02506,aws_secret_access_key,T2.3,multi_encoding,2,dotenv,0,1,0,1,0
sample_02507,aws_secret_access_key,T2.3,multi_encoding,2,dotenv,0,1,0,1,0
sample_02508,aws_secret_access_key,T2.3,multi_encoding,2,dotenv,0,1,0,1,0
sample_02509,aws_secret_access_key,T2.3,multi_encoding,2,dotenv,0,1,0,1,0
sample_02510,aws_secret_access_key,T2.3,multi_encoding,2,dotenv,0,1,0,1,0
sample_02511,aws_secret_access_key,T2.3,multi_encoding,2,dotenv,0,1,0,1,0
sample_02512,aws_secret_access_key,T2.3,multi_encoding,2,dotenv,0,1,0,1,0
sample_02513,aws_secret_access_key,T2.3,multi_encoding,2,dotenv,0,1,0,1,0
sample_02514,aws_secret_access_key,T2.3,multi_encoding,2,dotenv,1,1,1,1,0
sample_02515,aws_secret_access_key,T2.3,multi_encoding,2,dotenv,0,1,0,1,0
sample_02516,aws_secret_access_key,T2.3,multi_encoding,2,dotenv,0,1,0,1,0
sample_02517,aws_secret_access_key,T2.3,multi_encoding,2,dotenv,0,1,0,1,0
sample_02518,aws_secret_access_key,T2.3,multi_encoding,2,dotenv,0,1,0,1,0
sample_02519,aws_secret_access_key,T2.3,multi_encoding,2,dotenv,0,1,0,1,0
sample_02520,aws_secret_access_key,T2.3,multi_encoding,2,dotenv,1,1,1,1,0
sample_02521,aws_secret_access_key,T2.3,multi_encoding,2,yaml,0,1,0,1,0
sample_02522,aws_secret_access_key,T2.3,multi_encoding,2,yaml,0,1,0,1,0
sample_02523,aws_secret_access_key,T2.3,multi_encoding,2,yaml,0,1,0,1,0
sample_02524,aws_secret_access_key,T2.3,multi_encoding,2,yaml,1,1,1,1,0
sample_02525,aws_secret_access_key,T2.3,multi_encoding,2,yaml,1,1,1,1,0
sample_02526,aws_secret_access_key,T2.3,multi_encoding,2,yaml,0,1,0,1,0
sample_02527,aws_secret_access_key,T2.3,multi_encoding,2,yaml,0,1,0,1,0
sample_02528,aws_secret_access_key,T2.3,multi_encoding,2,yaml,0,1,0,1,0
sample_02529,aws_secret_access_key,T2.3,multi_encoding,2,yaml,0,1,0,1,0
sample_02530,aws_secret_access_key,T2.3,multi_encoding,2,yaml,0,1,0,1,0
sample_02531,aws_secret_access_key,T2.3,multi_encoding,2,yaml,0,1,0,1,0
sample_02532,aws_secret_access_key,T2.3,multi_encoding,2,yaml,0,1,0,1,0
sample_02533,aws_secret_access_key,T2.3,multi_encoding,2,yaml,0,1,0,1,0
sample_02534,aws_secret_access_key,T2.3,multi_encoding,2,yaml,0,1,0,1,0
sample_02535,aws_secret_access_key,T2.3,multi_encoding,2,yaml,1,1,1,1,0
sample_02536,aws_secret_access_key,T2.3,multi_encoding,2,yaml,0,1,0,1,0
sample_02537,aws_secret_access_key,T2.3,multi_encoding,2,yaml,0,1,0,1,0
sample_02538,aws_secret_access_key,T2.3,multi_encoding,2,yaml,0,1,0,1,0
sample_02539,aws_secret_access_key,T2.3,multi_encoding,2,yaml,0,1,0,1,0
sample_02540,aws_secret_access_key,T2.3,multi_encoding,2,yaml,1,1,1,1,0
sample_02541,aws_secret_access_key,T2.3,multi_encoding,2,yaml,0,1,0,1,0
sample_02542,aws_secret_access_key,T2.3,multi_encoding,2,yaml,0,1,0,1,0
sample_02543,aws_secret_access_key,T2.3,multi_encoding,2,yaml,1,1,1,1,0
sample_02544,aws_secret_access_key,T2.3,multi_encoding,2,yaml,0,1,0,1,0
sample_02545,aws_secret_access_key,T2.3,multi_encoding,2,yaml,0,1,0,1,0
sample_02546,aws_secret_access_key,T2.3,multi_encoding,2,yaml,0,1,0,1,0
sample_02547,aws_secret_access_key,T2.3,multi_encoding,2,yaml,0,1,0,1,0
sample_02548,aws_secret_access_key,T2.3,multi_encoding,2,yaml,0,1,0,1,0
sample_02549,aws_secret_access_key,T2.3,multi_encoding,2,yaml,0,1,0,1,0
sample_02550,aws_secret_access_key,T2.3,multi_encoding,2,yaml,0,1,0,1,0
sample_02551,aws_secret_access_key,T3.1,splitting,1,python,0,0,0,0,0
sample_02552,aws_secret_access_key,T3.1,splitting,1,python,0,0,0,0,0
sample_02553,aws_secret_access_key,T3.1,splitting,1,python,0,0,0,0,0
sample_02554,aws_secret_access_key,T3.1,splitting,1,python,0,0,0,0,0
sample_02555,aws_secret_access_key,T3.1,splitting,1,python,0,0,0,0,0
sample_02556,aws_secret_access_key,T3.1,splitting,1,python,1,1,1,1,0
sample_02557,aws_secret_access_key,T3.1,splitting,1,python,0,0,0,0,0
sample_02558,aws_secret_access_key,T3.1,splitting,1,python,0,0,0,0,0
sample_02559,aws_secret_access_key,T3.1,splitting,1,python,0,0,0,0,0
sample_02560,aws_secret_access_key,T3.1,splitting,1,python,0,0,0,0,0
sample_02561,aws_secret_access_key,T3.1,splitting,1,python,1,1,1,1,0
sample_02562,aws_secret_access_key,T3.1,splitting,1,python,0,0,0,0,0
sample_02563,aws_secret_access_key,T3.1,splitting,1,python,1,1,1,1,0
sample_02564,aws_secret_access_key,T3.1,splitting,1,python,1,1,1,1,0
sample_02565,aws_secret_access_key,T3.1,splitting,1,python,1,1,1,1,0
sample_02566,aws_secret_access_key,T3.1,splitting,1,python,0,0,0,0,0
sample_02567,aws_secret_access_key,T3.1,splitting,1,python,1,1,1,1,0
sample_02568,aws_secret_access_key,T3.1,splitting,1,python,1,1,1,1,0
sample_02569,aws_secret_access_key,T3.1,splitting,1,python,1,1,1,1,0
sample_02570,aws_secret_access_key,T3.1,splitting,1,python,1,1,1,1,0
sample_02571,aws_secret_access_key,T3.1,splitting,1,python,0,0,0,0,0
sample_02572,aws_secret_access_key,T3.1,splitting,1,python,0,0,0,0,0
sample_02573,aws_secret_access_key,T3.1,splitting,1,python,1,1,1,1,0
sample_02574,aws_secret_access_key,T3.1,splitting,1,python,0,0,0,0,0
sample_02575,aws_secret_access_key,T3.1,splitting,1,python,1,1,1,1,0
sample_02576,aws_secret_access_key,T3.1,splitting,1,python,0,0,0,0,0
sample_02577,aws_secret_access_key,T3.1,splitting,1,python,1,1,1,1,0
sample_02578,aws_secret_access_key,T3.1,splitting,1,python,1,1,1,1,0
sample_02579,aws_secret_access_key,T3.1,splitting,1,python,0,0,0,0,0
sample_02580,aws_secret_access_key,T3.1,splitting,1,python,1,1,1,1,0
sample_02581,aws_secret_access_key,T3.2,splitting,1,python,0,0,0,0,0
sample_02582,aws_secret_access_key,T3.2,splitting,1,python,0,0,0,0,0
sample_02583,aws_secret_access_key,T3.2,splitting,1,python,0,0,0,0,0
sample_02584,aws_secret_access_key,T3.2,splitting,1,python,0,0,0,0,0
sample_02585,aws_secret_access_key,T3.2,splitting,1,python,0,0,0,0,0
sample_02586,aws_secret_access_key,T3.2,splitting,1,python,0,0,0,0,0
sample_02587,aws_secret_access_key,T3.2,splitting,1,python,0,0,0,0,0
sample_02588,aws_secret_access_key,T3.2,splitting,1,python,0,0,0,0,0
sample_02589,aws_secret_access_key,T3.2,splitting,1,python,0,0,0,0,0
sample_02590,aws_secret_access_key,T3.2,splitting,1,python,0,0,0,0,0
sample_02591,aws_secret_access_key,T3.2,splitting,1,python,0,0,0,0,0
sample_02592,aws_secret_access_key,T3.2,splitting,1,python,0,0,0,0,0
sample_02593,aws_secret_access_key,T3.2,splitting,1,python,0,0,0,0,0
sample_02594,aws_secret_access_key,T3.2,splitting,1,python,0,0,0,0,0
sample_02595,aws_secret_access_key,T3.2,splitting,1,python,0,0,0,0,0
sample_02596,aws_secret_access_key,T3.2,splitting,1,python,0,0,0,0,0
sample_02597,aws_secret_access_key,T3.2,splitting,1,python,0,0,0,0,0
sample_02598,aws_secret_access_key,T3.2,splitting,1,python,0,0,0,0,0
sample_02599,aws_secret_access_key,T3.2,splitting,1,python,0,0,0,0,0
sample_02600,aws_secret_access_key,T3.2,splitting,1,python,0,0,0,0,0
sample_02601,aws_secret_access_key,T3.2,splitting,1,python,0,0,0,0,0
sample_02602,aws_secret_access_key,T3.2,splitting,1,python,0,0,0,0,0
sample_02603,aws_secret_access_key,T3.2,splitting,1,python,0,0,0,0,0
sample_02604,aws_secret_access_key,T3.2,splitting,1,python,0,0,0,0,0
sample_02605,aws_secret_access_key,T3.2,splitting,1,python,0,0,0,0,0
sample_02606,aws_secret_access_key,T3.2,splitting,1,python,0,0,0,0,0
sample_02607,aws_secret_access_key,T3.2,splitting,1,python,0,0,0,0,0
sample_02608,aws_secret_access_key,T3.2,splitting,1,python,0,0,0,0,0
sample_02609,aws_secret_access_key,T3.2,splitting,1,python,0,0,0,0,0
sample_02610,aws_secret_access_key,T3.2,splitting,1,python,0,0,0,0,0
sample_02611,aws_secret_access_key,T3.3,splitting,1,python,0,0,0,0,0
sample_02612,aws_secret_access_key,T3.3,splitting,1,python,0,0,0,0,0
sample_02613,aws_secret_access_key,T3.3,splitting,1,python,0,0,0,0,0
sample_02614,aws_secret_access_key,T3.3,splitting,1,python,0,0,0,0,0
sample_02615,aws_secret_access_key,T3.3,splitting,1,python,0,0,0,0,0
sample_02616,aws_secret_access_key,T3.3,splitting,1,python,0,0,0,0,0
sample_02617,aws_secret_access_key,T3.3,splitting,1,python,0,0,0,0,0
sample_02618,aws_secret_access_key,T3.3,splitting,1,python,0,0,0,0,0
sample_02619,aws_secret_access_key,T3.3,splitting,1,python,0,0,0,0,0
sample_02620,aws_secret_access_key,T3.3,splitting,1,python,0,0,0,0,0
sample_02621,aws_secret_access_key,T3.3,splitting,1,python,0,0,0,0,0
sample_02622,aws_secret_access_key,T3.3,splitting,1,python,0,0,0,0,0
sample_02623,aws_secret_access_key,T3.3,splitting,1,python,0,0,0,0,0
sample_02624,aws_secret_access_key,T3.3,splitting,1,python,0,0,0,0,0
sample_02625,aws_secret_access_key,T3.3,splitting,1,python,0,0,0,0,0
sample_02626,aws_secret_access_key,T3.3,splitting,1,python,0,0,0,0,0
sample_02627,aws_secret_access_key,T3.3,splitting,1,python,0,0,0,0,0
sample_02628,aws_secret_access_key,T3.3,splitting,1,python,0,0,0,0,0
sample_02629,aws_secret_access_key,T3.3,splitting,1,python,0,0,0,0,0
sample_02630,aws_secret_access_key,T3.3,splitting,1,python,0,0,0,0,0
sample_02631,aws_secret_access_key,T3.3,splitting,1,python,0,0,0,0,0
sample_02632,aws_secret_access_key,T3.3,splitting,1,python,0,0,0,0,0
sample_02633,aws_secret_access_key,T3.3,splitting,1,python,0,0,0,0,0
sample_02634,aws_secret_access_key,T3.3,splitting,1,python,0,0,0,0,0
sample_02635,aws_secret_access_key,T3.3,splitting,1,python,0,0,0,0,0
sample_02636,aws_secret_access_key,T3.3,splitting,1,python,0,0,0,0,0
sample_02637,aws_secret_access_key,T3.3,splitting,1,python,0,0,0,0,0
sample_02638,aws_secret_access_key,T3.3,splitting,1,python,0,0,0,0,0
sample_02639,aws_secret_access_key,T3.3,splitting,1,python,0,0,0,0,0
sample_02640,aws_secret_access_key,T3.3,splitting,1,python,0,0,0,0,0
sample_02641,aws_secret_access_key,T3.4,splitting,1,python,0,0,0,0,0
sample_02642,aws_secret_access_key,T3.4,splitting,1,python,0,0,0,0,0
sample_02643,aws_secret_access_key,T3.4,splitting,1,python,0,0,0,0,0
sample_02644,aws_secret_access_key,T3.4,splitting,1,python,0,0,0,0,0
sample_02645,aws_secret_access_key,T3.4,splitting,1,python,0,0,0,0,0
sample_02646,aws_secret_access_key,T3.4,splitting,1,python,0,0,0,0,0
sample_02647,aws_secret_access_key,T3.4,splitting,1,python,0,0,0,0,0
sample_02648,aws_secret_access_key,T3.4,splitting,1,python,0,0,0,0,0
sample_02649,aws_secret_access_key,T3.4,splitting,1,python,0,0,0,0,0
sample_02650,aws_secret_access_key,T3.4,splitting,1,python,0,0,0,0,0
sample_02651,aws_secret_access_key,T3.4,splitting,1,python,0,0,0,0,0
sample_02652,aws_secret_access_key,T3.4,splitting,1,python,0,0,0,0,0
sample_02653,aws_secret_access_key,T3.4,splitting,1,python,0,0,0,0,0
sample_02654,aws_secret_access_key,T3.4,splitting,1,python,0,0,0,0,0
sample_02655,aws_secret_access_key,T3.4,splitting,1,python,0,0,0,0,0
sample_02656,aws_secret_access_key,T3.4,splitting,1,python,0,0,0,0,0
sample_02657,aws_secret_access_key,T3.4,splitting,1,python,0,0,0,0,0
sample_02658,aws_secret_access_key,T3.4,splitting,1,python,0,0,0,0,0
sample_02659,aws_secret_access_key,T3.4,splitting,1,python,0,0,0,0,0
sample_02660,aws_secret_access_key,T3.4,splitting,1,python,0,0,0,0,0
sample_02661,aws_secret_access_key,T3.4,splitting,1,python,0,0,0,0,0
sample_02662,aws_secret_access_key,T3.4,splitting,1,python,0,0,0,0,0
sample_02663,aws_secret_access_key,T3.4,splitting,1,python,0,0,0,0,0
sample_02664,aws_secret_access_key,T3.4,splitting,1,python,0,0,0,0,0
sample_02665,aws_secret_access_key,T3.4,splitting,1,python,0,0,0,0,0
sample_02666,aws_secret_access_key,T3.4,splitting,1,python,0,0,0,0,0
sample_02667,aws_secret_access_key,T3.4,splitting,1,python,0,0,0,0,0
sample_02668,aws_secret_access_key,T3.4,splitting,1,python,0,0,0,0,0
sample_02669,aws_secret_access_key,T3.4,splitting,1,python,0,0,0,0,0
sample_02670,aws_secret_access_key,T3.4,splitting,1,python,0,0,0,0,0
sample_02671,aws_secret_access_key,T3.5,splitting,1,python,0,0,0,0,0
sample_02672,aws_secret_access_key,T3.5,splitting,1,python,0,0,0,0,0
sample_02673,aws_secret_access_key,T3.5,splitting,1,python,0,0,0,0,0
sample_02674,aws_secret_access_key,T3.5,splitting,1,python,0,0,0,0,0
sample_02675,aws_secret_access_key,T3.5,splitting,1,python,0,0,0,0,0
sample_02676,aws_secret_access_key,T3.5,splitting,1,python,0,0,0,0,0
sample_02677,aws_secret_access_key,T3.5,splitting,1,python,0,0,0,0,0
sample_02678,aws_secret_access_key,T3.5,splitting,1,python,0,0,0,0,0
sample_02679,aws_secret_access_key,T3.5,splitting,1,python,0,0,0,0,0
sample_02680,aws_secret_access_key,T3.5,splitting,1,python,0,0,0,0,0
sample_02681,aws_secret_access_key,T3.5,splitting,1,python,0,0,0,0,0
sample_02682,aws_secret_access_key,T3.5,splitting,1,python,0,0,0,0,0
sample_02683,aws_secret_access_key,T3.5,splitting,1,python,0,0,0,0,0
sample_02684,aws_secret_access_key,T3.5,splitting,1,python,0,0,0,0,0
sample_02685,aws_secret_access_key,T3.5,splitting,1,python,0,0,0,0,0
sample_02686,aws_secret_access_key,T3.5,splitting,1,python,0,0,0,0,0
sample_02687,aws_secret_access_key,T3.5,splitting,1,python,0,0,0,0,0
sample_02688,aws_secret_access_key,T3.5,splitting,1,python,0,0,0,0,0
sample_02689,aws_secret_access_key,T3.5,splitting,1,python,0,0,0,0,0
sample_02690,aws_secret_access_key,T3.5,splitting,1,python,0,0,0,0,0
sample_02691,aws_secret_access_key,T3.5,splitting,1,python,0,0,0,0,0
sample_02692,aws_secret_access_key,T3.5,splitting,1,python,0,0,0,0,0
sample_02693,aws_secret_access_key,T3.5,splitting,1,python,0,0,0,0,0
sample_02694,aws_secret_access_key,T3.5,splitting,1,python,0,0,0,0,0
sample_02695,aws_secret_access_key,T3.5,splitting,1,python,0,0,0,0,0
sample_02696,aws_secret_access_key,T3.5,splitting,1,python,0,0,0,0,0
sample_02697,aws_secret_access_key,T3.5,splitting,1,python,0,0,0,0,0
sample_02698,aws_secret_access_key,T3.5,splitting,1,python,0,0,0,0,0
sample_02699,aws_secret_access_key,T3.5,splitting,1,python,0,0,0,0,0
sample_02700,aws_secret_access_key,T3.5,splitting,1,python,0,0,0,0,0
sample_02701,aws_secret_access_key,T4.3,char_format,1,python,0,0,0,0,0
sample_02702,aws_secret_access_key,T4.3,char_format,1,python,0,0,0,0,0
sample_02703,aws_secret_access_key,T4.3,char_format,1,python,0,0,0,0,0
sample_02704,aws_secret_access_key,T4.3,char_format,1,python,0,0,0,0,0
sample_02705,aws_secret_access_key,T4.3,char_format,1,python,0,0,0,0,0
sample_02706,aws_secret_access_key,T4.3,char_format,1,python,0,0,0,0,0
sample_02707,aws_secret_access_key,T4.3,char_format,1,python,0,0,0,0,0
sample_02708,aws_secret_access_key,T4.3,char_format,1,python,0,0,0,0,0
sample_02709,aws_secret_access_key,T4.3,char_format,1,python,0,0,0,0,0
sample_02710,aws_secret_access_key,T4.3,char_format,1,python,0,0,0,0,0
sample_02711,aws_secret_access_key,T4.3,char_format,1,python,0,0,0,0,0
sample_02712,aws_secret_access_key,T4.3,char_format,1,python,0,0,0,0,0
sample_02713,aws_secret_access_key,T4.3,char_format,1,python,0,0,0,0,0
sample_02714,aws_secret_access_key,T4.3,char_format,1,python,0,0,0,0,0
sample_02715,aws_secret_access_key,T4.3,char_format,1,python,0,0,0,0,0
sample_02716,aws_secret_access_key,T4.3,char_format,1,python,0,0,0,0,0
sample_02717,aws_secret_access_key,T4.3,char_format,1,python,0,0,0,0,0
sample_02718,aws_secret_access_key,T4.3,char_format,1,python,0,0,0,0,0
sample_02719,aws_secret_access_key,T4.3,char_format,1,python,0,0,0,0,0
sample_02720,aws_secret_access_key,T4.3,char_format,1,python,0,0,0,0,0
sample_02721,aws_secret_access_key,T4.3,char_format,1,python,0,0,0,0,0
sample_02722,aws_secret_access_key,T4.3,char_format,1,python,0,0,0,0,0
sample_02723,aws_secret_access_key,T4.3,char_format,1,python,0,0,0,0,0
sample_02724,aws_secret_access_key,T4.3,char_format,1,python,0,0,0,0,0
sample_02725,aws_secret_access_key,T4.3,char_format,1,python,0,0,0,0,0
sample_02726,aws_secret_access_key,T4.3,char_format,1,python,0,0,0,0,0
sample_02727,aws_secret_access_key,T4.3,char_format,1,python,0,0,0,0,0
sample_02728,aws_secret_access_key,T4.3,char_format,1,python,0,0,0,0,0
sample_02729,aws_secret_access_key,T4.3,char_format,1,python,0,0,0,0,0
sample_02730,aws_secret_access_key,T4.3,char_format,1,python,0,0,0,0,0
sample_02731,aws_secret_access_key,T4.5,char_format,1,python,0,0,0,0,0
sample_02732,aws_secret_access_key,T4.5,char_format,1,python,0,0,0,0,0
sample_02733,aws_secret_access_key,T4.5,char_format,1,python,0,0,0,0,0
sample_02734,aws_secret_access_key,T4.5,char_format,1,python,0,0,0,0,0
sample_02735,aws_secret_access_key,T4.5,char_format,1,python,0,0,0,0,0
sample_02736,aws_secret_access_key,T4.5,char_format,1,python,0,0,0,0,0
sample_02737,aws_secret_access_key,T4.5,char_format,1,python,0,0,0,0,0
sample_02738,aws_secret_access_key,T4.5,char_format,1,python,0,0,0,0,0
sample_02739,aws_secret_access_key,T4.5,char_format,1,python,0,0,0,0,0
sample_02740,aws_secret_access_key,T4.5,char_format,1,python,0,0,0,0,0
sample_02741,aws_secret_access_key,T4.5,char_format,1,python,0,0,0,0,0
sample_02742,aws_secret_access_key,T4.5,char_format,1,python,0,0,0,0,0
sample_02743,aws_secret_access_key,T4.5,char_format,1,python,0,0,0,0,0
sample_02744,aws_secret_access_key,T4.5,char_format,1,python,0,0,0,0,0
sample_02745,aws_secret_access_key,T4.5,char_format,1,python,0,0,0,0,0
sample_02746,aws_secret_access_key,T4.5,char_format,1,python,0,0,0,0,0
sample_02747,aws_secret_access_key,T4.5,char_format,1,python,0,0,0,0,0
sample_02748,aws_secret_access_key,T4.5,char_format,1,python,0,0,0,0,0
sample_02749,aws_secret_access_key,T4.5,char_format,1,python,0,0,0,0,0
sample_02750,aws_secret_access_key,T4.5,char_format,1,python,0,0,0,0,0
sample_02751,aws_secret_access_key,T4.5,char_format,1,python,0,0,0,0,0
sample_02752,aws_secret_access_key,T4.5,char_format,1,python,0,0,0,0,0
sample_02753,aws_secret_access_key,T4.5,char_format,1,python,0,0,0,0,0
sample_02754,aws_secret_access_key,T4.5,char_format,1,python,0,0,0,0,0
sample_02755,aws_secret_access_key,T4.5,char_format,1,python,0,0,0,0,0
sample_02756,aws_secret_access_key,T4.5,char_format,1,python,0,0,0,0,0
sample_02757,aws_secret_access_key,T4.5,char_format,1,python,0,0,0,0,0
sample_02758,aws_secret_access_key,T4.5,char_format,1,python,0,0,0,0,0
sample_02759,aws_secret_access_key,T4.5,char_format,1,python,0,0,0,0,0
sample_02760,aws_secret_access_key,T4.5,char_format,1,python,0,0,0,0,0
sample_02761,aws_secret_access_key,T4.5,char_format,1,dotenv,0,0,0,0,0
sample_02762,aws_secret_access_key,T4.5,char_format,1,dotenv,0,0,0,0,0
sample_02763,aws_secret_access_key,T4.5,char_format,1,dotenv,0,0,0,0,0
sample_02764,aws_secret_access_key,T4.5,char_format,1,dotenv,0,0,0,0,0
sample_02765,aws_secret_access_key,T4.5,char_format,1,dotenv,0,0,0,0,0
sample_02766,aws_secret_access_key,T4.5,char_format,1,dotenv,0,0,0,0,0
sample_02767,aws_secret_access_key,T4.5,char_format,1,dotenv,0,0,0,0,0
sample_02768,aws_secret_access_key,T4.5,char_format,1,dotenv,0,0,0,0,0
sample_02769,aws_secret_access_key,T4.5,char_format,1,dotenv,0,0,0,0,0
sample_02770,aws_secret_access_key,T4.5,char_format,1,dotenv,0,0,0,0,0
sample_02771,aws_secret_access_key,T4.5,char_format,1,dotenv,0,0,0,0,0
sample_02772,aws_secret_access_key,T4.5,char_format,1,dotenv,0,0,0,0,0
sample_02773,aws_secret_access_key,T4.5,char_format,1,dotenv,0,0,0,0,0
sample_02774,aws_secret_access_key,T4.5,char_format,1,dotenv,0,0,0,0,0
sample_02775,aws_secret_access_key,T4.5,char_format,1,dotenv,0,0,0,0,0
sample_02776,aws_secret_access_key,T4.5,char_format,1,dotenv,0,0,0,0,0
sample_02777,aws_secret_access_key,T4.5,char_format,1,dotenv,0,0,0,0,0
sample_02778,aws_secret_access_key,T4.5,char_format,1,dotenv,0,0,0,0,0
sample_02779,aws_secret_access_key,T4.5,char_format,1,dotenv,0,0,0,0,0
sample_02780,aws_secret_access_key,T4.5,char_format,1,dotenv,0,0,0,0,0
sample_02781,aws_secret_access_key,T4.5,char_format,1,dotenv,0,0,0,0,0
sample_02782,aws_secret_access_key,T4.5,char_format,1,dotenv,0,0,0,0,0
sample_02783,aws_secret_access_key,T4.5,char_format,1,dotenv,0,0,0,0,0
sample_02784,aws_secret_access_key,T4.5,char_format,1,dotenv,0,0,0,0,0
sample_02785,aws_secret_access_key,T4.5,char_format,1,dotenv,0,0,0,0,0
sample_02786,aws_secret_access_key,T4.5,char_format,1,dotenv,0,0,0,0,0
sample_02787,aws_secret_access_key,T4.5,char_format,1,dotenv,0,0,0,0,0
sample_02788,aws_secret_access_key,T4.5,char_format,1,dotenv,0,0,0,0,0
sample_02789,aws_secret_access_key,T4.5,char_format,1,dotenv,0,0,0,0,0
sample_02790,aws_secret_access_key,T4.5,char_format,1,dotenv,0,0,0,0,0
sample_02791,aws_secret_access_key,T4.5,char_format,1,yaml,0,0,0,0,0
sample_02792,aws_secret_access_key,T4.5,char_format,1,yaml,0,0,0,0,0
sample_02793,aws_secret_access_key,T4.5,char_format,1,yaml,0,0,0,0,0
sample_02794,aws_secret_access_key,T4.5,char_format,1,yaml,0,0,0,0,0
sample_02795,aws_secret_access_key,T4.5,char_format,1,yaml,0,0,0,0,0
sample_02796,aws_secret_access_key,T4.5,char_format,1,yaml,0,0,0,0,0
sample_02797,aws_secret_access_key,T4.5,char_format,1,yaml,0,0,0,0,0
sample_02798,aws_secret_access_key,T4.5,char_format,1,yaml,0,0,0,0,0
sample_02799,aws_secret_access_key,T4.5,char_format,1,yaml,0,0,0,0,0
sample_02800,aws_secret_access_key,T4.5,char_format,1,yaml,0,0,0,0,0
sample_02801,aws_secret_access_key,T4.5,char_format,1,yaml,0,0,0,0,0
sample_02802,aws_secret_access_key,T4.5,char_format,1,yaml,0,0,0,0,0
sample_02803,aws_secret_access_key,T4.5,char_format,1,yaml,0,0,0,0,0
sample_02804,aws_secret_access_key,T4.5,char_format,1,yaml,0,0,0,0,0
sample_02805,aws_secret_access_key,T4.5,char_format,1,yaml,0,0,0,0,0
sample_02806,aws_secret_access_key,T4.5,char_format,1,yaml,0,0,0,0,0
sample_02807,aws_secret_access_key,T4.5,char_format,1,yaml,0,0,0,0,0
sample_02808,aws_secret_access_key,T4.5,char_format,1,yaml,0,0,0,0,0
sample_02809,aws_secret_access_key,T4.5,char_format,1,yaml,0,0,0,0,0
sample_02810,aws_secret_access_key,T4.5,char_format,1,yaml,0,0,0,0,0
sample_02811,aws_secret_access_key,T4.5,char_format,1,yaml,0,0,0,0,0
sample_02812,aws_secret_access_key,T4.5,char_format,1,yaml,0,0,0,0,0
sample_02813,aws_secret_access_key,T4.5,char_format,1,yaml,0,0,0,0,0
sample_02814,aws_secret_access_key,T4.5,char_format,1,yaml,0,0,0,0,0
sample_02815,aws_secret_access_key,T4.5,char_format,1,yaml,0,0,0,0,0
sample_02816,aws_secret_access_key,T4.5,char_format,1,yaml,0,0,0,0,0
sample_02817,aws_secret_access_key,T4.5,char_format,1,yaml,0,0,0,0,0
sample_02818,aws_secret_access_key,T4.5,char_format,1,yaml,0,0,0,0,0
sample_02819,aws_secret_access_key,T4.5,char_format,1,yaml,0,0,0,0,0
sample_02820,aws_secret_access_key,T4.5,char_format,1,yaml,0,0,0,0,0
sample_02821,aws_secret_access_key,T5.1,indirection,1,python,1,1,1,1,0
sample_02822,aws_secret_access_key,T5.1,indirection,1,python,1,1,1,1,0
sample_02823,aws_secret_access_key,T5.1,indirection,1,python,1,1,1,1,0
sample_02824,aws_secret_access_key,T5.1,indirection,1,python,1,1,1,1,0
sample_02825,aws_secret_access_key,T5.1,indirection,1,python,1,1,1,1,0
sample_02826,aws_secret_access_key,T5.1,indirection,1,python,1,1,1,1,0
sample_02827,aws_secret_access_key,T5.1,indirection,1,python,1,1,1,1,0
sample_02828,aws_secret_access_key,T5.1,indirection,1,python,1,1,1,1,0
sample_02829,aws_secret_access_key,T5.1,indirection,1,python,1,1,1,1,0
sample_02830,aws_secret_access_key,T5.1,indirection,1,python,1,1,1,1,0
sample_02831,aws_secret_access_key,T5.1,indirection,1,python,1,1,1,1,0
sample_02832,aws_secret_access_key,T5.1,indirection,1,python,1,1,1,1,0
sample_02833,aws_secret_access_key,T5.1,indirection,1,python,1,1,1,1,0
sample_02834,aws_secret_access_key,T5.1,indirection,1,python,1,1,1,1,0
sample_02835,aws_secret_access_key,T5.1,indirection,1,python,1,1,1,1,0
sample_02836,aws_secret_access_key,T5.1,indirection,1,python,1,1,1,1,0
sample_02837,aws_secret_access_key,T5.1,indirection,1,python,1,1,1,1,0
sample_02838,aws_secret_access_key,T5.1,indirection,1,python,1,1,1,1,0
sample_02839,aws_secret_access_key,T5.1,indirection,1,python,1,1,1,1,0
sample_02840,aws_secret_access_key,T5.1,indirection,1,python,1,1,1,1,0
sample_02841,aws_secret_access_key,T5.1,indirection,1,python,1,1,1,1,0
sample_02842,aws_secret_access_key,T5.1,indirection,1,python,1,1,1,1,0
sample_02843,aws_secret_access_key,T5.1,indirection,1,python,1,1,1,1,0
sample_02844,aws_secret_access_key,T5.1,indirection,1,python,1,1,1,1,0
sample_02845,aws_secret_access_key,T5.1,indirection,1,python,1,1,1,1,0
sample_02846,aws_secret_access_key,T5.1,indirection,1,python,1,1,1,1,0
sample_02847,aws_secret_access_key,T5.1,indirection,1,python,1,1,1,1,0
sample_02848,aws_secret_access_key,T5.1,indirection,1,python,1,1,1,1,0
sample_02849,aws_secret_access_key,T5.1,indirection,1,python,1,1,1,1,0
sample_02850,aws_secret_access_key,T5.1,indirection,1,python,1,1,1,1,0
sample_02851,aws_secret_access_key,T5.2,indirection,1,python,0,0,0,0,0
sample_02852,aws_secret_access_key,T5.2,indirection,1,python,0,0,0,0,0
sample_02853,aws_secret_access_key,T5.2,indirection,1,python,0,0,0,0,0
sample_02854,aws_secret_access_key,T5.2,indirection,1,python,0,0,0,0,0
sample_02855,aws_secret_access_key,T5.2,indirection,1,python,0,0,0,0,0
sample_02856,aws_secret_access_key,T5.2,indirection,1,python,0,0,0,0,0
sample_02857,aws_secret_access_key,T5.2,indirection,1,python,0,0,0,0,0
sample_02858,aws_secret_access_key,T5.2,indirection,1,python,0,0,0,0,0
sample_02859,aws_secret_access_key,T5.2,indirection,1,python,0,0,0,0,0
sample_02860,aws_secret_access_key,T5.2,indirection,1,python,0,0,0,0,0
sample_02861,aws_secret_access_key,T5.2,indirection,1,python,0,0,0,0,0
sample_02862,aws_secret_access_key,T5.2,indirection,1,python,0,0,0,0,0
sample_02863,aws_secret_access_key,T5.2,indirection,1,python,0,0,0,0,0
sample_02864,aws_secret_access_key,T5.2,indirection,1,python,0,0,0,0,0
sample_02865,aws_secret_access_key,T5.2,indirection,1,python,0,0,0,0,0
sample_02866,aws_secret_access_key,T5.2,indirection,1,python,0,0,0,0,0
sample_02867,aws_secret_access_key,T5.2,indirection,1,python,0,0,0,0,0
sample_02868,aws_secret_access_key,T5.2,indirection,1,python,0,0,0,0,0
sample_02869,aws_secret_access_key,T5.2,indirection,1,python,0,0,0,0,0
sample_02870,aws_secret_access_key,T5.2,indirection,1,python,0,0,0,0,0
sample_02871,aws_secret_access_key,T5.2,indirection,1,python,0,0,0,0,0
sample_02872,aws_secret_access_key,T5.2,indirection,1,python,0,0,0,0,0
sample_02873,aws_secret_access_key,T5.2,indirection,1,python,0,0,0,0,0
sample_02874,aws_secret_access_key,T5.2,indirection,1,python,0,0,0,0,0
sample_02875,aws_secret_access_key,T5.2,indirection,1,python,0,0,0,0,0
sample_02876,aws_secret_access_key,T5.2,indirection,1,python,0,0,0,0,0
sample_02877,aws_secret_access_key,T5.2,indirection,1,python,0,0,0,0,0
sample_02878,aws_secret_access_key,T5.2,indirection,1,python,0,0,0,0,0
sample_02879,aws_secret_access_key,T5.2,indirection,1,python,0,0,0,0,0
sample_02880,aws_secret_access_key,T5.2,indirection,1,python,0,0,0,0,0
sample_02881,aws_secret_access_key,T6.1,contextual,1,python,0,0,0,0,0
sample_02882,aws_secret_access_key,T6.1,contextual,1,python,0,0,0,0,0
sample_02883,aws_secret_access_key,T6.1,contextual,1,python,0,0,0,0,0
sample_02884,aws_secret_access_key,T6.1,contextual,1,python,0,0,0,0,0
sample_02885,aws_secret_access_key,T6.1,contextual,1,python,0,0,0,0,0
sample_02886,aws_secret_access_key,T6.1,contextual,1,python,0,0,0,0,0
sample_02887,aws_secret_access_key,T6.1,contextual,1,python,0,0,0,0,0
sample_02888,aws_secret_access_key,T6.1,contextual,1,python,0,0,0,0,0
sample_02889,aws_secret_access_key,T6.1,contextual,1,python,0,0,0,0,0
sample_02890,aws_secret_access_key,T6.1,contextual,1,python,0,0,0,0,0
sample_02891,aws_secret_access_key,T6.1,contextual,1,python,0,0,0,0,0
sample_02892,aws_secret_access_key,T6.1,contextual,1,python,0,0,0,0,0
sample_02893,aws_secret_access_key,T6.1,contextual,1,python,0,0,0,0,0
sample_02894,aws_secret_access_key,T6.1,contextual,1,python,0,0,0,0,0
sample_02895,aws_secret_access_key,T6.1,contextual,1,python,0,0,0,0,0
sample_02896,aws_secret_access_key,T6.1,contextual,1,python,0,0,0,0,0
sample_02897,aws_secret_access_key,T6.1,contextual,1,python,0,0,0,0,0
sample_02898,aws_secret_access_key,T6.1,contextual,1,python,0,0,0,0,0
sample_02899,aws_secret_access_key,T6.1,contextual,1,python,0,0,0,0,0
sample_02900,aws_secret_access_key,T6.1,contextual,1,python,0,0,0,0,0
sample_02901,aws_secret_access_key,T6.1,contextual,1,python,0,0,0,0,0
sample_02902,aws_secret_access_key,T6.1,contextual,1,python,0,0,0,0,0
sample_02903,aws_secret_access_key,T6.1,contextual,1,python,0,0,0,0,0
sample_02904,aws_secret_access_key,T6.1,contextual,1,python,0,0,0,0,0
sample_02905,aws_secret_access_key,T6.1,contextual,1,python,0,0,0,0,0
sample_02906,aws_secret_access_key,T6.1,contextual,1,python,0,0,0,0,0
sample_02907,aws_secret_access_key,T6.1,contextual,1,python,0,0,0,0,0
sample_02908,aws_secret_access_key,T6.1,contextual,1,python,0,0,0,0,0
sample_02909,aws_secret_access_key,T6.1,contextual,1,python,0,0,0,0,0
sample_02910,aws_secret_access_key,T6.1,contextual,1,python,0,0,0,0,0
sample_02911,aws_secret_access_key,T6.1,contextual,1,dotenv,0,0,0,0,0
sample_02912,aws_secret_access_key,T6.1,contextual,1,dotenv,0,0,0,0,0
sample_02913,aws_secret_access_key,T6.1,contextual,1,dotenv,0,0,0,0,0
sample_02914,aws_secret_access_key,T6.1,contextual,1,dotenv,0,0,0,0,0
sample_02915,aws_secret_access_key,T6.1,contextual,1,dotenv,0,0,0,0,0
sample_02916,aws_secret_access_key,T6.1,contextual,1,dotenv,0,0,0,0,0
sample_02917,aws_secret_access_key,T6.1,contextual,1,dotenv,0,0,0,0,0
sample_02918,aws_secret_access_key,T6.1,contextual,1,dotenv,0,0,0,0,0
sample_02919,aws_secret_access_key,T6.1,contextual,1,dotenv,0,0,0,0,0
sample_02920,aws_secret_access_key,T6.1,contextual,1,dotenv,0,0,0,0,0
sample_02921,aws_secret_access_key,T6.1,contextual,1,dotenv,0,0,0,0,0
sample_02922,aws_secret_access_key,T6.1,contextual,1,dotenv,0,0,0,0,0
sample_02923,aws_secret_access_key,T6.1,contextual,1,dotenv,0,0,0,0,0
sample_02924,aws_secret_access_key,T6.1,contextual,1,dotenv,0,0,0,0,0
sample_02925,aws_secret_access_key,T6.1,contextual,1,dotenv,0,0,0,0,0
sample_02926,aws_secret_access_key,T6.1,contextual,1,dotenv,0,0,0,0,0
sample_02927,aws_secret_access_key,T6.1,contextual,1,dotenv,0,0,0,0,0
sample_02928,aws_secret_access_key,T6.1,contextual,1,dotenv,0,0,0,0,0
sample_02929,aws_secret_access_key,T6.1,contextual,1,dotenv,0,0,0,0,0
sample_02930,aws_secret_access_key,T6.1,contextual,1,dotenv,0,0,0,0,0
sample_02931,aws_secret_access_key,T6.1,contextual,1,dotenv,0,0,0,0,0
sample_02932,aws_secret_access_key,T6.1,contextual,1,dotenv,0,0,0,0,0
sample_02933,aws_secret_access_key,T6.1,contextual,1,dotenv,0,0,0,0,0
sample_02934,aws_secret_access_key,T6.1,contextual,1,dotenv,0,0,0,0,0
sample_02935,aws_secret_access_key,T6.1,contextual,1,dotenv,0,0,0,0,0
sample_02936,aws_secret_access_key,T6.1,contextual,1,dotenv,0,0,0,0,0
sample_02937,aws_secret_access_key,T6.1,contextual,1,dotenv,0,0,0,0,0
sample_02938,aws_secret_access_key,T6.1,contextual,1,dotenv,0,0,0,0,0
sample_02939,aws_secret_access_key,T6.1,contextual,1,dotenv,0,0,0,0,0
sample_02940,aws_secret_access_key,T6.1,contextual,1,dotenv,0,0,0,0,0
sample_02941,aws_secret_access_key,T6.1,contextual,1,yaml,0,0,0,0,0
sample_02942,aws_secret_access_key,T6.1,contextual,1,yaml,0,0,0,0,0
sample_02943,aws_secret_access_key,T6.1,contextual,1,yaml,0,0,0,0,0
sample_02944,aws_secret_access_key,T6.1,contextual,1,yaml,0,0,0,0,0
sample_02945,aws_secret_access_key,T6.1,contextual,1,yaml,0,0,0,0,0
sample_02946,aws_secret_access_key,T6.1,contextual,1,yaml,0,0,0,0,0
sample_02947,aws_secret_access_key,T6.1,contextual,1,yaml,0,0,0,0,0
sample_02948,aws_secret_access_key,T6.1,contextual,1,yaml,0,0,0,0,0
sample_02949,aws_secret_access_key,T6.1,contextual,1,yaml,0,0,0,0,0
sample_02950,aws_secret_access_key,T6.1,contextual,1,yaml,0,0,0,0,0
sample_02951,aws_secret_access_key,T6.1,contextual,1,yaml,0,0,0,0,0
sample_02952,aws_secret_access_key,T6.1,contextual,1,yaml,0,0,0,0,0
sample_02953,aws_secret_access_key,T6.1,contextual,1,yaml,0,0,0,0,0
sample_02954,aws_secret_access_key,T6.1,contextual,1,yaml,0,0,0,0,0
sample_02955,aws_secret_access_key,T6.1,contextual,1,yaml,0,0,0,0,0
sample_02956,aws_secret_access_key,T6.1,contextual,1,yaml,0,0,0,0,0
sample_02957,aws_secret_access_key,T6.1,contextual,1,yaml,0,0,0,0,0
sample_02958,aws_secret_access_key,T6.1,contextual,1,yaml,0,0,0,0,0
sample_02959,aws_secret_access_key,T6.1,contextual,1,yaml,0,0,0,0,0
sample_02960,aws_secret_access_key,T6.1,contextual,1,yaml,0,0,0,0,0
sample_02961,aws_secret_access_key,T6.1,contextual,1,yaml,0,0,0,0,0
sample_02962,aws_secret_access_key,T6.1,contextual,1,yaml,0,0,0,0,0
sample_02963,aws_secret_access_key,T6.1,contextual,1,yaml,0,0,0,0,0
sample_02964,aws_secret_access_key,T6.1,contextual,1,yaml,0,0,0,0,0
sample_02965,aws_secret_access_key,T6.1,contextual,1,yaml,0,0,0,0,0
sample_02966,aws_secret_access_key,T6.1,contextual,1,yaml,0,0,0,0,0
sample_02967,aws_secret_access_key,T6.1,contextual,1,yaml,0,0,0,0,0
sample_02968,aws_secret_access_key,T6.1,contextual,1,yaml,0,0,0,0,0
sample_02969,aws_secret_access_key,T6.1,contextual,1,yaml,0,0,0,0,0
sample_02970,aws_secret_access_key,T6.1,contextual,1,yaml,0,0,0,0,0
sample_02971,aws_secret_access_key,T6.4,contextual,1,python,0,0,0,0,0
sample_02972,aws_secret_access_key,T6.4,contextual,1,python,0,0,0,0,0
sample_02973,aws_secret_access_key,T6.4,contextual,1,python,0,0,0,0,0
sample_02974,aws_secret_access_key,T6.4,contextual,1,python,0,0,0,0,0
sample_02975,aws_secret_access_key,T6.4,contextual,1,python,0,0,0,0,0
sample_02976,aws_secret_access_key,T6.4,contextual,1,python,0,0,0,0,0
sample_02977,aws_secret_access_key,T6.4,contextual,1,python,0,0,0,0,0
sample_02978,aws_secret_access_key,T6.4,contextual,1,python,0,0,0,0,0
sample_02979,aws_secret_access_key,T6.4,contextual,1,python,0,0,0,0,0
sample_02980,aws_secret_access_key,T6.4,contextual,1,python,0,0,0,0,0
sample_02981,aws_secret_access_key,T6.4,contextual,1,python,0,0,0,0,0
sample_02982,aws_secret_access_key,T6.4,contextual,1,python,0,0,0,0,0
sample_02983,aws_secret_access_key,T6.4,contextual,1,python,0,0,0,0,0
sample_02984,aws_secret_access_key,T6.4,contextual,1,python,0,0,0,0,0
sample_02985,aws_secret_access_key,T6.4,contextual,1,python,0,0,0,0,0
sample_02986,aws_secret_access_key,T6.4,contextual,1,python,0,0,0,0,0
sample_02987,aws_secret_access_key,T6.4,contextual,1,python,0,0,0,0,0
sample_02988,aws_secret_access_key,T6.4,contextual,1,python,0,0,0,0,0
sample_02989,aws_secret_access_key,T6.4,contextual,1,python,0,0,0,0,0
sample_02990,aws_secret_access_key,T6.4,contextual,1,python,0,0,0,0,0
sample_02991,aws_secret_access_key,T6.4,contextual,1,python,0,0,0,0,0
sample_02992,aws_secret_access_key,T6.4,contextual,1,python,0,0,0,0,0
sample_02993,aws_secret_access_key,T6.4,contextual,1,python,0,0,0,0,0
sample_02994,aws_secret_access_key,T6.4,contextual,1,python,0,0,0,0,0
sample_02995,aws_secret_access_key,T6.4,contextual,1,python,0,0,0,0,0
sample_02996,aws_secret_access_key,T6.4,contextual,1,python,0,0,0,0,0
sample_02997,aws_secret_access_key,T6.4,contextual,1,python,0,0,0,0,0
sample_02998,aws_secret_access_key,T6.4,contextual,1,python,0,0,0,0,0
sample_02999,aws_secret_access_key,T6.4,contextual,1,python,0,0,0,0,0
sample_03000,aws_secret_access_key,T6.4,contextual,1,python,0,0,0,0,0
sample_03001,aws_secret_access_key,T6.4,contextual,1,dotenv,0,0,0,0,0
sample_03002,aws_secret_access_key,T6.4,contextual,1,dotenv,0,0,0,0,0
sample_03003,aws_secret_access_key,T6.4,contextual,1,dotenv,0,0,0,0,0
sample_03004,aws_secret_access_key,T6.4,contextual,1,dotenv,0,0,0,0,0
sample_03005,aws_secret_access_key,T6.4,contextual,1,dotenv,0,0,0,0,0
sample_03006,aws_secret_access_key,T6.4,contextual,1,dotenv,0,0,0,0,0
sample_03007,aws_secret_access_key,T6.4,contextual,1,dotenv,0,0,0,0,0
sample_03008,aws_secret_access_key,T6.4,contextual,1,dotenv,0,0,0,0,0
sample_03009,aws_secret_access_key,T6.4,contextual,1,dotenv,0,0,0,0,0
sample_03010,aws_secret_access_key,T6.4,contextual,1,dotenv,0,0,0,0,0
sample_03011,aws_secret_access_key,T6.4,contextual,1,dotenv,0,0,0,0,0
sample_03012,aws_secret_access_key,T6.4,contextual,1,dotenv,0,0,0,0,0
sample_03013,aws_secret_access_key,T6.4,contextual,1,dotenv,0,0,0,0,0
sample_03014,aws_secret_access_key,T6.4,contextual,1,dotenv,0,0,0,0,0
sample_03015,aws_secret_access_key,T6.4,contextual,1,dotenv,0,0,0,0,0
sample_03016,aws_secret_access_key,T6.4,contextual,1,dotenv,0,0,0,0,0
sample_03017,aws_secret_access_key,T6.4,contextual,1,dotenv,0,0,0,0,0
sample_03018,aws_secret_access_key,T6.4,contextual,1,dotenv,0,0,0,0,0
sample_03019,aws_secret_access_key,T6.4,contextual,1,dotenv,0,0,0,0,0
sample_03020,aws_secret_access_key,T6.4,contextual,1,dotenv,0,0,0,0,0
sample_03021,aws_secret_access_key,T6.4,contextual,1,dotenv,0,0,0,0,0
sample_03022,aws_secret_access_key,T6.4,contextual,1,dotenv,0,0,0,0,0
sample_03023,aws_secret_access_key,T6.4,contextual,1,dotenv,0,0,0,0,0
sample_03024,aws_secret_access_key,T6.4,contextual,1,dotenv,0,0,0,0,0
sample_03025,aws_secret_access_key,T6.4,contextual,1,dotenv,0,0,0,0,0
sample_03026,aws_secret_access_key,T6.4,contextual,1,dotenv,0,0,0,0,0
sample_03027,aws_secret_access_key,T6.4,contextual,1,dotenv,0,0,0,0,0
sample_03028,aws_secret_access_key,T6.4,contextual,1,dotenv,0,0,0,0,0
sample_03029,aws_secret_access_key,T6.4,contextual,1,dotenv,0,0,0,0,0
sample_03030,aws_secret_access_key,T6.4,contextual,1,dotenv,0,0,0,0,0
sample_03031,aws_secret_access_key,T6.4,contextual,1,yaml,0,0,0,0,0
sample_03032,aws_secret_access_key,T6.4,contextual,1,yaml,0,0,0,0,0
sample_03033,aws_secret_access_key,T6.4,contextual,1,yaml,0,0,0,0,0
sample_03034,aws_secret_access_key,T6.4,contextual,1,yaml,0,0,0,0,0
sample_03035,aws_secret_access_key,T6.4,contextual,1,yaml,0,0,0,0,0
sample_03036,aws_secret_access_key,T6.4,contextual,1,yaml,0,0,0,0,0
sample_03037,aws_secret_access_key,T6.4,contextual,1,yaml,0,0,0,0,0
sample_03038,aws_secret_access_key,T6.4,contextual,1,yaml,0,0,0,0,0
sample_03039,aws_secret_access_key,T6.4,contextual,1,yaml,0,0,0,0,0
sample_03040,aws_secret_access_key,T6.4,contextual,1,yaml,0,0,0,0,0
sample_03041,aws_secret_access_key,T6.4,contextual,1,yaml,0,0,0,0,0
sample_03042,aws_secret_access_key,T6.4,contextual,1,yaml,0,0,0,0,0
sample_03043,aws_secret_access_key,T6.4,contextual,1,yaml,0,0,0,0,0
sample_03044,aws_secret_access_key,T6.4,contextual,1,yaml,0,0,0,0,0
sample_03045,aws_secret_access_key,T6.4,contextual,1,yaml,0,0,0,0,0
sample_03046,aws_secret_access_key,T6.4,contextual,1,yaml,0,0,0,0,0
sample_03047,aws_secret_access_key,T6.4,contextual,1,yaml,0,0,0,0,0
sample_03048,aws_secret_access_key,T6.4,contextual,1,yaml,0,0,0,0,0
sample_03049,aws_secret_access_key,T6.4,contextual,1,yaml,0,0,0,0,0
sample_03050,aws_secret_access_key,T6.4,contextual,1,yaml,0,0,0,0,0
sample_03051,aws_secret_access_key,T6.4,contextual,1,yaml,0,0,0,0,0
sample_03052,aws_secret_access_key,T6.4,contextual,1,yaml,0,0,0,0,0
sample_03053,aws_secret_access_key,T6.4,contextual,1,yaml,0,0,0,0,0
sample_03054,aws_secret_access_key,T6.4,contextual,1,yaml,0,0,0,0,0
sample_03055,aws_secret_access_key,T6.4,contextual,1,yaml,0,0,0,0,0
sample_03056,aws_secret_access_key,T6.4,contextual,1,yaml,0,0,0,0,0
sample_03057,aws_secret_access_key,T6.4,contextual,1,yaml,0,0,0,0,0
sample_03058,aws_secret_access_key,T6.4,contextual,1,yaml,0,0,0,0,0
sample_03059,aws_secret_access_key,T6.4,contextual,1,yaml,0,0,0,0,0
sample_03060,aws_secret_access_key,T6.4,contextual,1,yaml,0,0,0,0,0
sample_03061,aws_secret_access_key,T7.1,composition,2,python,0,0,0,0,0
sample_03062,aws_secret_access_key,T7.1,composition,2,python,0,0,0,0,0
sample_03063,aws_secret_access_key,T7.1,composition,2,python,0,0,0,0,0
sample_03064,aws_secret_access_key,T7.1,composition,2,python,0,0,0,0,0
sample_03065,aws_secret_access_key,T7.1,composition,2,python,0,0,0,0,0
sample_03066,aws_secret_access_key,T7.1,composition,2,python,0,0,0,0,0
sample_03067,aws_secret_access_key,T7.1,composition,2,python,0,0,0,0,0
sample_03068,aws_secret_access_key,T7.1,composition,2,python,0,0,0,0,0
sample_03069,aws_secret_access_key,T7.1,composition,2,python,0,0,0,0,0
sample_03070,aws_secret_access_key,T7.1,composition,2,python,0,0,0,0,0
sample_03071,aws_secret_access_key,T7.1,composition,2,python,0,0,0,0,0
sample_03072,aws_secret_access_key,T7.1,composition,2,python,0,0,0,0,0
sample_03073,aws_secret_access_key,T7.1,composition,2,python,0,0,0,0,0
sample_03074,aws_secret_access_key,T7.1,composition,2,python,0,0,0,0,0
sample_03075,aws_secret_access_key,T7.1,composition,2,python,0,0,0,0,0
sample_03076,aws_secret_access_key,T7.1,composition,2,python,0,0,0,0,0
sample_03077,aws_secret_access_key,T7.1,composition,2,python,0,0,0,0,0
sample_03078,aws_secret_access_key,T7.1,composition,2,python,0,0,0,0,0
sample_03079,aws_secret_access_key,T7.1,composition,2,python,0,0,0,0,0
sample_03080,aws_secret_access_key,T7.1,composition,2,python,0,0,0,0,0
sample_03081,aws_secret_access_key,T7.1,composition,2,python,0,0,0,0,0
sample_03082,aws_secret_access_key,T7.1,composition,2,python,0,0,0,0,0
sample_03083,aws_secret_access_key,T7.1,composition,2,python,0,0,0,0,0
sample_03084,aws_secret_access_key,T7.1,composition,2,python,0,0,0,0,0
sample_03085,aws_secret_access_key,T7.1,composition,2,python,0,0,0,0,0
sample_03086,aws_secret_access_key,T7.1,composition,2,python,0,0,0,0,0
sample_03087,aws_secret_access_key,T7.1,composition,2,python,0,0,0,0,0
sample_03088,aws_secret_access_key,T7.1,composition,2,python,0,0,0,0,0
sample_03089,aws_secret_access_key,T7.1,composition,2,python,0,0,0,0,0
sample_03090,aws_secret_access_key,T7.1,composition,2,python,0,0,0,0,0
sample_03091,aws_secret_access_key,T7.2,composition,2,python,0,0,0,0,0
sample_03092,aws_secret_access_key,T7.2,composition,2,python,0,0,0,0,0
sample_03093,aws_secret_access_key,T7.2,composition,2,python,0,0,0,0,0
sample_03094,aws_secret_access_key,T7.2,composition,2,python,0,0,0,0,0
sample_03095,aws_secret_access_key,T7.2,composition,2,python,0,0,0,0,0
sample_03096,aws_secret_access_key,T7.2,composition,2,python,0,0,0,0,0
sample_03097,aws_secret_access_key,T7.2,composition,2,python,0,0,0,0,0
sample_03098,aws_secret_access_key,T7.2,composition,2,python,0,0,0,0,0
sample_03099,aws_secret_access_key,T7.2,composition,2,python,0,0,0,0,0
sample_03100,aws_secret_access_key,T7.2,composition,2,python,0,0,0,0,0
sample_03101,aws_secret_access_key,T7.2,composition,2,python,0,0,0,0,0
sample_03102,aws_secret_access_key,T7.2,composition,2,python,0,0,0,0,0
sample_03103,aws_secret_access_key,T7.2,composition,2,python,0,0,0,0,0
sample_03104,aws_secret_access_key,T7.2,composition,2,python,0,0,0,0,0
sample_03105,aws_secret_access_key,T7.2,composition,2,python,0,0,0,0,0
sample_03106,aws_secret_access_key,T7.2,composition,2,python,0,0,0,0,0
sample_03107,aws_secret_access_key,T7.2,composition,2,python,0,0,0,0,0
sample_03108,aws_secret_access_key,T7.2,composition,2,python,0,0,0,0,0
sample_03109,aws_secret_access_key,T7.2,composition,2,python,0,0,0,0,0
sample_03110,aws_secret_access_key,T7.2,composition,2,python,0,0,0,0,0
sample_03111,aws_secret_access_key,T7.2,composition,2,python,0,0,0,0,0
sample_03112,aws_secret_access_key,T7.2,composition,2,python,0,0,0,0,0
sample_03113,aws_secret_access_key,T7.2,composition,2,python,0,0,0,0,0
sample_03114,aws_secret_access_key,T7.2,composition,2,python,0,0,0,0,0
sample_03115,aws_secret_access_key,T7.2,composition,2,python,0,0,0,0,0
sample_03116,aws_secret_access_key,T7.2,composition,2,python,0,0,0,0,0
sample_03117,aws_secret_access_key,T7.2,composition,2,python,0,0,0,0,0
sample_03118,aws_secret_access_key,T7.2,composition,2,python,0,0,0,0,0
sample_03119,aws_secret_access_key,T7.2,composition,2,python,0,0,0,0,0
sample_03120,aws_secret_access_key,T7.2,composition,2,python,0,0,0,0,0
sample_03121,github_pat,T0.0,control,1,python,1,1,1,1,1
sample_03122,github_pat,T0.0,control,1,python,1,1,1,1,1
sample_03123,github_pat,T0.0,control,1,python,1,1,1,1,1
sample_03124,github_pat,T0.0,control,1,python,1,1,1,1,1
sample_03125,github_pat,T0.0,control,1,python,1,1,1,1,1
sample_03126,github_pat,T0.0,control,1,python,1,1,1,1,1
sample_03127,github_pat,T0.0,control,1,python,1,1,1,1,1
sample_03128,github_pat,T0.0,control,1,python,1,1,1,1,1
sample_03129,github_pat,T0.0,control,1,python,1,1,1,1,1
sample_03130,github_pat,T0.0,control,1,python,1,1,1,1,1
sample_03131,github_pat,T0.0,control,1,python,1,1,1,1,1
sample_03132,github_pat,T0.0,control,1,python,1,1,1,1,1
sample_03133,github_pat,T0.0,control,1,python,1,1,1,1,1
sample_03134,github_pat,T0.0,control,1,python,1,1,1,1,1
sample_03135,github_pat,T0.0,control,1,python,1,1,1,1,1
sample_03136,github_pat,T0.0,control,1,python,1,1,1,1,1
sample_03137,github_pat,T0.0,control,1,python,1,1,1,1,1
sample_03138,github_pat,T0.0,control,1,python,1,1,1,1,1
sample_03139,github_pat,T0.0,control,1,python,1,1,1,1,1
sample_03140,github_pat,T0.0,control,1,python,1,1,1,1,1
sample_03141,github_pat,T0.0,control,1,python,1,1,1,1,1
sample_03142,github_pat,T0.0,control,1,python,1,1,1,1,1
sample_03143,github_pat,T0.0,control,1,python,1,1,1,1,1
sample_03144,github_pat,T0.0,control,1,python,1,1,1,1,1
sample_03145,github_pat,T0.0,control,1,python,1,1,1,1,1
sample_03146,github_pat,T0.0,control,1,python,1,1,1,1,1
sample_03147,github_pat,T0.0,control,1,python,1,1,1,1,1
sample_03148,github_pat,T0.0,control,1,python,1,1,1,1,1
sample_03149,github_pat,T0.0,control,1,python,1,1,1,1,1
sample_03150,github_pat,T0.0,control,1,python,1,1,1,1,1
sample_03151,github_pat,T0.0,control,1,dotenv,1,1,1,1,1
sample_03152,github_pat,T0.0,control,1,dotenv,1,1,1,1,1
sample_03153,github_pat,T0.0,control,1,dotenv,1,1,1,1,1
sample_03154,github_pat,T0.0,control,1,dotenv,1,1,1,1,1
sample_03155,github_pat,T0.0,control,1,dotenv,1,1,1,1,1
sample_03156,github_pat,T0.0,control,1,dotenv,1,1,1,1,1
sample_03157,github_pat,T0.0,control,1,dotenv,1,1,1,1,1
sample_03158,github_pat,T0.0,control,1,dotenv,1,1,1,1,1
sample_03159,github_pat,T0.0,control,1,dotenv,1,1,1,1,1
sample_03160,github_pat,T0.0,control,1,dotenv,1,1,1,1,1
sample_03161,github_pat,T0.0,control,1,dotenv,1,1,1,1,1
sample_03162,github_pat,T0.0,control,1,dotenv,1,1,1,1,1
sample_03163,github_pat,T0.0,control,1,dotenv,1,1,1,1,1
sample_03164,github_pat,T0.0,control,1,dotenv,1,1,1,1,1
sample_03165,github_pat,T0.0,control,1,dotenv,1,1,1,1,1
sample_03166,github_pat,T0.0,control,1,dotenv,1,1,1,1,1
sample_03167,github_pat,T0.0,control,1,dotenv,1,1,1,1,1
sample_03168,github_pat,T0.0,control,1,dotenv,1,1,1,1,1
sample_03169,github_pat,T0.0,control,1,dotenv,1,1,1,1,1
sample_03170,github_pat,T0.0,control,1,dotenv,1,1,1,1,1
sample_03171,github_pat,T0.0,control,1,dotenv,1,1,1,1,1
sample_03172,github_pat,T0.0,control,1,dotenv,1,1,1,1,1
sample_03173,github_pat,T0.0,control,1,dotenv,1,1,1,1,1
sample_03174,github_pat,T0.0,control,1,dotenv,1,1,1,1,1
sample_03175,github_pat,T0.0,control,1,dotenv,1,1,1,1,1
sample_03176,github_pat,T0.0,control,1,dotenv,1,1,1,1,1
sample_03177,github_pat,T0.0,control,1,dotenv,1,1,1,1,1
sample_03178,github_pat,T0.0,control,1,dotenv,1,1,1,1,1
sample_03179,github_pat,T0.0,control,1,dotenv,1,1,1,1,1
sample_03180,github_pat,T0.0,control,1,dotenv,1,1,1,1,1
sample_03181,github_pat,T0.0,control,1,yaml,1,1,1,1,1
sample_03182,github_pat,T0.0,control,1,yaml,1,1,1,1,1
sample_03183,github_pat,T0.0,control,1,yaml,1,1,1,1,1
sample_03184,github_pat,T0.0,control,1,yaml,1,1,1,1,1
sample_03185,github_pat,T0.0,control,1,yaml,1,1,1,1,1
sample_03186,github_pat,T0.0,control,1,yaml,1,1,1,1,1
sample_03187,github_pat,T0.0,control,1,yaml,1,1,1,1,1
sample_03188,github_pat,T0.0,control,1,yaml,1,1,1,1,1
sample_03189,github_pat,T0.0,control,1,yaml,1,1,1,1,1
sample_03190,github_pat,T0.0,control,1,yaml,1,1,1,1,1
sample_03191,github_pat,T0.0,control,1,yaml,1,1,1,1,1
sample_03192,github_pat,T0.0,control,1,yaml,1,1,1,1,1
sample_03193,github_pat,T0.0,control,1,yaml,1,1,1,1,1
sample_03194,github_pat,T0.0,control,1,yaml,1,1,1,1,1
sample_03195,github_pat,T0.0,control,1,yaml,1,1,1,1,1
sample_03196,github_pat,T0.0,control,1,yaml,1,1,1,1,1
sample_03197,github_pat,T0.0,control,1,yaml,1,1,1,1,1
sample_03198,github_pat,T0.0,control,1,yaml,1,1,1,1,1
sample_03199,github_pat,T0.0,control,1,yaml,1,1,1,1,1
sample_03200,github_pat,T0.0,control,1,yaml,1,1,1,1,1
sample_03201,github_pat,T0.0,control,1,yaml,1,1,1,1,1
sample_03202,github_pat,T0.0,control,1,yaml,1,1,1,1,1
sample_03203,github_pat,T0.0,control,1,yaml,1,1,1,1,1
sample_03204,github_pat,T0.0,control,1,yaml,1,1,1,1,1
sample_03205,github_pat,T0.0,control,1,yaml,1,1,1,1,1
sample_03206,github_pat,T0.0,control,1,yaml,1,1,1,1,1
sample_03207,github_pat,T0.0,control,1,yaml,1,1,1,1,1
sample_03208,github_pat,T0.0,control,1,yaml,1,1,1,1,1
sample_03209,github_pat,T0.0,control,1,yaml,1,1,1,1,1
sample_03210,github_pat,T0.0,control,1,yaml,1,1,1,1,1
sample_03211,github_pat,T1.1,encoding,1,python,0,1,0,1,1
sample_03212,github_pat,T1.1,encoding,1,python,0,1,0,1,1
sample_03213,github_pat,T1.1,encoding,1,python,0,1,0,1,1
sample_03214,github_pat,T1.1,encoding,1,python,0,1,0,1,1
sample_03215,github_pat,T1.1,encoding,1,python,0,1,0,1,1
sample_03216,github_pat,T1.1,encoding,1,python,0,1,0,1,1
sample_03217,github_pat,T1.1,encoding,1,python,0,1,0,1,1
sample_03218,github_pat,T1.1,encoding,1,python,0,1,0,1,1
sample_03219,github_pat,T1.1,encoding,1,python,0,1,0,1,1
sample_03220,github_pat,T1.1,encoding,1,python,0,1,0,1,1
sample_03221,github_pat,T1.1,encoding,1,python,0,1,0,1,1
sample_03222,github_pat,T1.1,encoding,1,python,0,1,0,1,1
sample_03223,github_pat,T1.1,encoding,1,python,0,1,0,1,1
sample_03224,github_pat,T1.1,encoding,1,python,0,1,0,1,1
sample_03225,github_pat,T1.1,encoding,1,python,0,1,0,1,1
sample_03226,github_pat,T1.1,encoding,1,python,0,1,0,1,1
sample_03227,github_pat,T1.1,encoding,1,python,0,1,0,1,1
sample_03228,github_pat,T1.1,encoding,1,python,0,1,0,1,1
sample_03229,github_pat,T1.1,encoding,1,python,0,1,0,1,1
sample_03230,github_pat,T1.1,encoding,1,python,0,1,0,1,1
sample_03231,github_pat,T1.1,encoding,1,python,0,1,0,1,1
sample_03232,github_pat,T1.1,encoding,1,python,0,1,0,1,1
sample_03233,github_pat,T1.1,encoding,1,python,0,1,0,1,1
sample_03234,github_pat,T1.1,encoding,1,python,0,1,0,1,1
sample_03235,github_pat,T1.1,encoding,1,python,0,1,0,1,1
sample_03236,github_pat,T1.1,encoding,1,python,0,1,0,1,1
sample_03237,github_pat,T1.1,encoding,1,python,0,1,0,1,1
sample_03238,github_pat,T1.1,encoding,1,python,0,1,0,1,1
sample_03239,github_pat,T1.1,encoding,1,python,0,1,0,1,1
sample_03240,github_pat,T1.1,encoding,1,python,0,1,0,1,1
sample_03241,github_pat,T1.1,encoding,1,dotenv,0,1,0,1,1
sample_03242,github_pat,T1.1,encoding,1,dotenv,0,1,0,1,1
sample_03243,github_pat,T1.1,encoding,1,dotenv,0,1,0,1,1
sample_03244,github_pat,T1.1,encoding,1,dotenv,0,1,0,1,1
sample_03245,github_pat,T1.1,encoding,1,dotenv,0,1,0,1,1
sample_03246,github_pat,T1.1,encoding,1,dotenv,0,1,0,1,1
sample_03247,github_pat,T1.1,encoding,1,dotenv,0,1,0,1,1
sample_03248,github_pat,T1.1,encoding,1,dotenv,0,1,0,1,1
sample_03249,github_pat,T1.1,encoding,1,dotenv,0,1,0,1,1
sample_03250,github_pat,T1.1,encoding,1,dotenv,0,1,0,1,1
sample_03251,github_pat,T1.1,encoding,1,dotenv,0,1,0,1,1
sample_03252,github_pat,T1.1,encoding,1,dotenv,0,1,0,1,1
sample_03253,github_pat,T1.1,encoding,1,dotenv,0,1,0,1,1
sample_03254,github_pat,T1.1,encoding,1,dotenv,0,1,0,1,1
sample_03255,github_pat,T1.1,encoding,1,dotenv,0,1,0,1,1
sample_03256,github_pat,T1.1,encoding,1,dotenv,0,1,0,1,1
sample_03257,github_pat,T1.1,encoding,1,dotenv,0,1,0,1,1
sample_03258,github_pat,T1.1,encoding,1,dotenv,0,1,0,1,1
sample_03259,github_pat,T1.1,encoding,1,dotenv,0,1,0,1,1
sample_03260,github_pat,T1.1,encoding,1,dotenv,0,1,0,1,1
sample_03261,github_pat,T1.1,encoding,1,dotenv,0,1,0,1,1
sample_03262,github_pat,T1.1,encoding,1,dotenv,0,1,0,1,1
sample_03263,github_pat,T1.1,encoding,1,dotenv,0,1,0,1,1
sample_03264,github_pat,T1.1,encoding,1,dotenv,0,1,0,1,1
sample_03265,github_pat,T1.1,encoding,1,dotenv,0,1,0,1,1
sample_03266,github_pat,T1.1,encoding,1,dotenv,0,1,0,1,1
sample_03267,github_pat,T1.1,encoding,1,dotenv,0,1,0,1,1
sample_03268,github_pat,T1.1,encoding,1,dotenv,0,1,0,1,1
sample_03269,github_pat,T1.1,encoding,1,dotenv,0,1,0,1,1
sample_03270,github_pat,T1.1,encoding,1,dotenv,0,1,0,1,1
sample_03271,github_pat,T1.1,encoding,1,yaml,0,1,0,1,1
sample_03272,github_pat,T1.1,encoding,1,yaml,0,1,0,1,1
sample_03273,github_pat,T1.1,encoding,1,yaml,0,1,0,1,1
sample_03274,github_pat,T1.1,encoding,1,yaml,0,1,0,1,1
sample_03275,github_pat,T1.1,encoding,1,yaml,0,1,0,1,1
sample_03276,github_pat,T1.1,encoding,1,yaml,0,1,0,1,1
sample_03277,github_pat,T1.1,encoding,1,yaml,0,1,0,1,1
sample_03278,github_pat,T1.1,encoding,1,yaml,0,1,0,1,1
sample_03279,github_pat,T1.1,encoding,1,yaml,0,1,0,1,1
sample_03280,github_pat,T1.1,encoding,1,yaml,0,1,0,1,1
sample_03281,github_pat,T1.1,encoding,1,yaml,0,1,0,1,1
sample_03282,github_pat,T1.1,encoding,1,yaml,0,1,0,1,1
sample_03283,github_pat,T1.1,encoding,1,yaml,0,1,0,1,1
sample_03284,github_pat,T1.1,encoding,1,yaml,0,1,0,1,1
sample_03285,github_pat,T1.1,encoding,1,yaml,0,1,0,1,1
sample_03286,github_pat,T1.1,encoding,1,yaml,0,1,0,1,1
sample_03287,github_pat,T1.1,encoding,1,yaml,0,1,0,1,1
sample_03288,github_pat,T1.1,encoding,1,yaml,0,1,0,1,1
sample_03289,github_pat,T1.1,encoding,1,yaml,0,1,0,1,1
sample_03290,github_pat,T1.1,encoding,1,yaml,0,1,0,1,1
sample_03291,github_pat,T1.1,encoding,1,yaml,0,1,0,1,1
sample_03292,github_pat,T1.1,encoding,1,yaml,0,1,0,1,1
sample_03293,github_pat,T1.1,encoding,1,yaml,0,1,0,1,1
sample_03294,github_pat,T1.1,encoding,1,yaml,0,1,0,1,1
sample_03295,github_pat,T1.1,encoding,1,yaml,0,1,0,1,1
sample_03296,github_pat,T1.1,encoding,1,yaml,0,1,0,1,1
sample_03297,github_pat,T1.1,encoding,1,yaml,0,1,0,1,1
sample_03298,github_pat,T1.1,encoding,1,yaml,0,1,0,1,1
sample_03299,github_pat,T1.1,encoding,1,yaml,0,1,0,1,1
sample_03300,github_pat,T1.1,encoding,1,yaml,0,1,0,1,1
sample_03301,github_pat,T1.2,encoding,1,python,0,0,0,0,0
sample_03302,github_pat,T1.2,encoding,1,python,0,0,0,0,0
sample_03303,github_pat,T1.2,encoding,1,python,0,0,0,0,0
sample_03304,github_pat,T1.2,encoding,1,python,0,0,0,0,0
sample_03305,github_pat,T1.2,encoding,1,python,0,0,0,0,0
sample_03306,github_pat,T1.2,encoding,1,python,0,0,0,0,0
sample_03307,github_pat,T1.2,encoding,1,python,0,0,0,0,0
sample_03308,github_pat,T1.2,encoding,1,python,0,0,0,0,0
sample_03309,github_pat,T1.2,encoding,1,python,0,0,0,0,0
sample_03310,github_pat,T1.2,encoding,1,python,0,0,0,0,0
sample_03311,github_pat,T1.2,encoding,1,python,0,0,0,0,0
sample_03312,github_pat,T1.2,encoding,1,python,0,0,0,0,0
sample_03313,github_pat,T1.2,encoding,1,python,0,0,0,0,0
sample_03314,github_pat,T1.2,encoding,1,python,0,0,0,0,0
sample_03315,github_pat,T1.2,encoding,1,python,0,0,0,0,0
sample_03316,github_pat,T1.2,encoding,1,python,0,0,0,0,0
sample_03317,github_pat,T1.2,encoding,1,python,0,0,0,0,0
sample_03318,github_pat,T1.2,encoding,1,python,0,0,0,0,0
sample_03319,github_pat,T1.2,encoding,1,python,0,0,0,0,0
sample_03320,github_pat,T1.2,encoding,1,python,0,0,0,0,0
sample_03321,github_pat,T1.2,encoding,1,python,0,0,0,0,0
sample_03322,github_pat,T1.2,encoding,1,python,0,0,0,0,0
sample_03323,github_pat,T1.2,encoding,1,python,0,0,0,0,0
sample_03324,github_pat,T1.2,encoding,1,python,0,0,0,0,0
sample_03325,github_pat,T1.2,encoding,1,python,0,0,0,0,0
sample_03326,github_pat,T1.2,encoding,1,python,0,0,0,0,0
sample_03327,github_pat,T1.2,encoding,1,python,0,0,0,0,0
sample_03328,github_pat,T1.2,encoding,1,python,0,0,0,0,0
sample_03329,github_pat,T1.2,encoding,1,python,0,0,0,0,0
sample_03330,github_pat,T1.2,encoding,1,python,0,0,0,0,0
sample_03331,github_pat,T1.2,encoding,1,dotenv,0,0,0,0,0
sample_03332,github_pat,T1.2,encoding,1,dotenv,0,0,0,0,0
sample_03333,github_pat,T1.2,encoding,1,dotenv,0,0,0,0,0
sample_03334,github_pat,T1.2,encoding,1,dotenv,0,0,0,0,0
sample_03335,github_pat,T1.2,encoding,1,dotenv,0,0,0,0,0
sample_03336,github_pat,T1.2,encoding,1,dotenv,0,0,0,0,0
sample_03337,github_pat,T1.2,encoding,1,dotenv,0,0,0,0,0
sample_03338,github_pat,T1.2,encoding,1,dotenv,0,0,0,0,0
sample_03339,github_pat,T1.2,encoding,1,dotenv,0,0,0,0,0
sample_03340,github_pat,T1.2,encoding,1,dotenv,0,0,0,0,0
sample_03341,github_pat,T1.2,encoding,1,dotenv,0,0,0,0,0
sample_03342,github_pat,T1.2,encoding,1,dotenv,0,0,0,0,0
sample_03343,github_pat,T1.2,encoding,1,dotenv,0,0,0,0,0
sample_03344,github_pat,T1.2,encoding,1,dotenv,0,0,0,0,0
sample_03345,github_pat,T1.2,encoding,1,dotenv,0,0,0,0,0
sample_03346,github_pat,T1.2,encoding,1,dotenv,0,0,0,0,0
sample_03347,github_pat,T1.2,encoding,1,dotenv,0,0,0,0,0
sample_03348,github_pat,T1.2,encoding,1,dotenv,0,0,0,0,0
sample_03349,github_pat,T1.2,encoding,1,dotenv,0,0,0,0,0
sample_03350,github_pat,T1.2,encoding,1,dotenv,0,0,0,0,0
sample_03351,github_pat,T1.2,encoding,1,dotenv,0,0,0,0,0
sample_03352,github_pat,T1.2,encoding,1,dotenv,0,0,0,0,0
sample_03353,github_pat,T1.2,encoding,1,dotenv,0,0,0,0,0
sample_03354,github_pat,T1.2,encoding,1,dotenv,0,0,0,0,0
sample_03355,github_pat,T1.2,encoding,1,dotenv,0,0,0,0,0
sample_03356,github_pat,T1.2,encoding,1,dotenv,0,0,0,0,0
sample_03357,github_pat,T1.2,encoding,1,dotenv,0,0,0,0,0
sample_03358,github_pat,T1.2,encoding,1,dotenv,0,0,0,0,0
sample_03359,github_pat,T1.2,encoding,1,dotenv,0,0,0,0,0
sample_03360,github_pat,T1.2,encoding,1,dotenv,0,0,0,0,0
sample_03361,github_pat,T1.2,encoding,1,yaml,0,0,0,0,0
sample_03362,github_pat,T1.2,encoding,1,yaml,0,0,0,0,0
sample_03363,github_pat,T1.2,encoding,1,yaml,0,0,0,0,0
sample_03364,github_pat,T1.2,encoding,1,yaml,0,0,0,0,0
sample_03365,github_pat,T1.2,encoding,1,yaml,0,0,0,0,0
sample_03366,github_pat,T1.2,encoding,1,yaml,0,0,0,0,0
sample_03367,github_pat,T1.2,encoding,1,yaml,0,0,0,0,0
sample_03368,github_pat,T1.2,encoding,1,yaml,0,0,0,0,0
sample_03369,github_pat,T1.2,encoding,1,yaml,0,0,0,0,0
sample_03370,github_pat,T1.2,encoding,1,yaml,0,0,0,0,0
sample_03371,github_pat,T1.2,encoding,1,yaml,0,0,0,0,0
sample_03372,github_pat,T1.2,encoding,1,yaml,0,0,0,0,0
sample_03373,github_pat,T1.2,encoding,1,yaml,0,0,0,0,0
sample_03374,github_pat,T1.2,encoding,1,yaml,0,0,0,0,0
sample_03375,github_pat,T1.2,encoding,1,yaml,0,0,0,0,0
sample_03376,github_pat,T1.2,encoding,1,yaml,0,0,0,0,0
sample_03377,github_pat,T1.2,encoding,1,yaml,0,0,0,0,0
sample_03378,github_pat,T1.2,encoding,1,yaml,0,0,0,0,0
sample_03379,github_pat,T1.2,encoding,1,yaml,0,0,0,0,0
sample_03380,github_pat,T1.2,encoding,1,yaml,0,0,0,0,0
sample_03381,github_pat,T1.2,encoding,1,yaml,0,0,0,0,0
sample_03382,github_pat,T1.2,encoding,1,yaml,0,0,0,0,0
sample_03383,github_pat,T1.2,encoding,1,yaml,0,0,0,0,0
sample_03384,github_pat,T1.2,encoding,1,yaml,0,0,0,0,0
sample_03385,github_pat,T1.2,encoding,1,yaml,0,0,0,0,0
sample_03386,github_pat,T1.2,encoding,1,yaml,0,0,0,0,0
sample_03387,github_pat,T1.2,encoding,1,yaml,0,0,0,0,0
sample_03388,github_pat,T1.2,encoding,1,yaml,0,0,0,0,0
sample_03389,github_pat,T1.2,encoding,1,yaml,0,0,0,0,0
sample_03390,github_pat,T1.2,encoding,1,yaml,0,0,0,0,0
sample_03391,github_pat,T1.3,encoding,1,python,0,0,0,0,0
sample_03392,github_pat,T1.3,encoding,1,python,0,0,0,0,0
sample_03393,github_pat,T1.3,encoding,1,python,0,0,0,0,0
sample_03394,github_pat,T1.3,encoding,1,python,0,0,0,0,0
sample_03395,github_pat,T1.3,encoding,1,python,0,0,0,0,0
sample_03396,github_pat,T1.3,encoding,1,python,0,0,0,0,0
sample_03397,github_pat,T1.3,encoding,1,python,0,0,0,0,0
sample_03398,github_pat,T1.3,encoding,1,python,0,0,0,0,0
sample_03399,github_pat,T1.3,encoding,1,python,0,0,0,0,0
sample_03400,github_pat,T1.3,encoding,1,python,0,0,0,0,0
sample_03401,github_pat,T1.3,encoding,1,python,0,0,0,0,0
sample_03402,github_pat,T1.3,encoding,1,python,0,0,0,0,0
sample_03403,github_pat,T1.3,encoding,1,python,0,0,0,0,0
sample_03404,github_pat,T1.3,encoding,1,python,0,0,0,0,0
sample_03405,github_pat,T1.3,encoding,1,python,0,0,0,0,0
sample_03406,github_pat,T1.3,encoding,1,python,0,0,0,0,0
sample_03407,github_pat,T1.3,encoding,1,python,0,0,0,0,0
sample_03408,github_pat,T1.3,encoding,1,python,0,0,0,0,0
sample_03409,github_pat,T1.3,encoding,1,python,0,0,0,0,0
sample_03410,github_pat,T1.3,encoding,1,python,0,0,0,0,0
sample_03411,github_pat,T1.3,encoding,1,python,0,0,0,0,0
sample_03412,github_pat,T1.3,encoding,1,python,0,0,0,0,0
sample_03413,github_pat,T1.3,encoding,1,python,0,0,0,0,0
sample_03414,github_pat,T1.3,encoding,1,python,0,0,0,0,0
sample_03415,github_pat,T1.3,encoding,1,python,0,0,0,0,0
sample_03416,github_pat,T1.3,encoding,1,python,0,0,0,0,0
sample_03417,github_pat,T1.3,encoding,1,python,0,0,0,0,0
sample_03418,github_pat,T1.3,encoding,1,python,0,0,0,0,0
sample_03419,github_pat,T1.3,encoding,1,python,0,0,0,0,0
sample_03420,github_pat,T1.3,encoding,1,python,0,0,0,0,0
sample_03421,github_pat,T1.3,encoding,1,dotenv,0,0,0,0,0
sample_03422,github_pat,T1.3,encoding,1,dotenv,0,0,0,0,0
sample_03423,github_pat,T1.3,encoding,1,dotenv,0,0,0,0,0
sample_03424,github_pat,T1.3,encoding,1,dotenv,0,0,0,0,0
sample_03425,github_pat,T1.3,encoding,1,dotenv,0,0,0,0,0
sample_03426,github_pat,T1.3,encoding,1,dotenv,0,0,0,0,0
sample_03427,github_pat,T1.3,encoding,1,dotenv,0,0,0,0,0
sample_03428,github_pat,T1.3,encoding,1,dotenv,0,0,0,0,0
sample_03429,github_pat,T1.3,encoding,1,dotenv,0,0,0,0,0
sample_03430,github_pat,T1.3,encoding,1,dotenv,0,0,0,0,0
sample_03431,github_pat,T1.3,encoding,1,dotenv,0,0,0,0,0
sample_03432,github_pat,T1.3,encoding,1,dotenv,0,0,0,0,0
sample_03433,github_pat,T1.3,encoding,1,dotenv,0,0,0,0,0
sample_03434,github_pat,T1.3,encoding,1,dotenv,0,0,0,0,0
sample_03435,github_pat,T1.3,encoding,1,dotenv,0,0,0,0,0
sample_03436,github_pat,T1.3,encoding,1,dotenv,0,0,0,0,0
sample_03437,github_pat,T1.3,encoding,1,dotenv,0,0,0,0,0
sample_03438,github_pat,T1.3,encoding,1,dotenv,0,0,0,0,0
sample_03439,github_pat,T1.3,encoding,1,dotenv,0,0,0,0,0
sample_03440,github_pat,T1.3,encoding,1,dotenv,0,0,0,0,0
sample_03441,github_pat,T1.3,encoding,1,dotenv,0,0,0,0,0
sample_03442,github_pat,T1.3,encoding,1,dotenv,0,0,0,0,0
sample_03443,github_pat,T1.3,encoding,1,dotenv,0,0,0,0,0
sample_03444,github_pat,T1.3,encoding,1,dotenv,0,0,0,0,0
sample_03445,github_pat,T1.3,encoding,1,dotenv,0,0,0,0,0
sample_03446,github_pat,T1.3,encoding,1,dotenv,0,0,0,0,0
sample_03447,github_pat,T1.3,encoding,1,dotenv,0,0,0,0,0
sample_03448,github_pat,T1.3,encoding,1,dotenv,0,0,0,0,0
sample_03449,github_pat,T1.3,encoding,1,dotenv,0,0,0,0,0
sample_03450,github_pat,T1.3,encoding,1,dotenv,0,0,0,0,0
sample_03451,github_pat,T1.3,encoding,1,yaml,0,0,0,0,0
sample_03452,github_pat,T1.3,encoding,1,yaml,0,0,0,0,0
sample_03453,github_pat,T1.3,encoding,1,yaml,0,0,0,0,0
sample_03454,github_pat,T1.3,encoding,1,yaml,0,0,0,0,0
sample_03455,github_pat,T1.3,encoding,1,yaml,0,0,0,0,0
sample_03456,github_pat,T1.3,encoding,1,yaml,0,0,0,0,0
sample_03457,github_pat,T1.3,encoding,1,yaml,0,0,0,0,0
sample_03458,github_pat,T1.3,encoding,1,yaml,0,0,0,0,0
sample_03459,github_pat,T1.3,encoding,1,yaml,0,0,0,0,0
sample_03460,github_pat,T1.3,encoding,1,yaml,0,0,0,0,0
sample_03461,github_pat,T1.3,encoding,1,yaml,0,0,0,0,0
sample_03462,github_pat,T1.3,encoding,1,yaml,0,0,0,0,0
sample_03463,github_pat,T1.3,encoding,1,yaml,0,0,0,0,0
sample_03464,github_pat,T1.3,encoding,1,yaml,0,0,0,0,0
sample_03465,github_pat,T1.3,encoding,1,yaml,0,0,0,0,0
sample_03466,github_pat,T1.3,encoding,1,yaml,0,0,0,0,0
sample_03467,github_pat,T1.3,encoding,1,yaml,0,0,0,0,0
sample_03468,github_pat,T1.3,encoding,1,yaml,0,0,0,0,0
sample_03469,github_pat,T1.3,encoding,1,yaml,0,0,0,0,0
sample_03470,github_pat,T1.3,encoding,1,yaml,0,0,0,0,0
sample_03471,github_pat,T1.3,encoding,1,yaml,0,0,0,0,0
sample_03472,github_pat,T1.3,encoding,1,yaml,0,0,0,0,0
sample_03473,github_pat,T1.3,encoding,1,yaml,0,0,0,0,0
sample_03474,github_pat,T1.3,encoding,1,yaml,0,0,0,0,0
sample_03475,github_pat,T1.3,encoding,1,yaml,0,0,0,0,0
sample_03476,github_pat,T1.3,encoding,1,yaml,0,0,0,0,0
sample_03477,github_pat,T1.3,encoding,1,yaml,0,0,0,0,0
sample_03478,github_pat,T1.3,encoding,1,yaml,0,0,0,0,0
sample_03479,github_pat,T1.3,encoding,1,yaml,0,0,0,0,0
sample_03480,github_pat,T1.3,encoding,1,yaml,0,0,0,0,0
sample_03481,github_pat,T1.4,encoding,1,python,0,1,0,1,0
sample_03482,github_pat,T1.4,encoding,1,python,0,1,0,1,0
sample_03483,github_pat,T1.4,encoding,1,python,0,1,0,1,0
sample_03484,github_pat,T1.4,encoding,1,python,0,1,0,1,0
sample_03485,github_pat,T1.4,encoding,1,python,0,1,0,1,0
sample_03486,github_pat,T1.4,encoding,1,python,0,1,0,1,0
sample_03487,github_pat,T1.4,encoding,1,python,0,1,0,1,0
sample_03488,github_pat,T1.4,encoding,1,python,0,1,0,1,0
sample_03489,github_pat,T1.4,encoding,1,python,0,1,0,1,0
sample_03490,github_pat,T1.4,encoding,1,python,0,1,0,1,0
sample_03491,github_pat,T1.4,encoding,1,python,0,1,0,1,0
sample_03492,github_pat,T1.4,encoding,1,python,0,1,0,1,0
sample_03493,github_pat,T1.4,encoding,1,python,0,1,0,1,0
sample_03494,github_pat,T1.4,encoding,1,python,0,1,0,1,0
sample_03495,github_pat,T1.4,encoding,1,python,0,1,0,1,0
sample_03496,github_pat,T1.4,encoding,1,python,0,1,0,1,0
sample_03497,github_pat,T1.4,encoding,1,python,0,1,0,1,0
sample_03498,github_pat,T1.4,encoding,1,python,0,1,0,1,0
sample_03499,github_pat,T1.4,encoding,1,python,0,1,0,1,0
sample_03500,github_pat,T1.4,encoding,1,python,0,1,0,1,0
sample_03501,github_pat,T1.4,encoding,1,python,0,1,0,1,0
sample_03502,github_pat,T1.4,encoding,1,python,0,1,0,1,0
sample_03503,github_pat,T1.4,encoding,1,python,0,1,0,1,0
sample_03504,github_pat,T1.4,encoding,1,python,0,1,0,1,0
sample_03505,github_pat,T1.4,encoding,1,python,0,1,0,1,0
sample_03506,github_pat,T1.4,encoding,1,python,0,1,0,1,0
sample_03507,github_pat,T1.4,encoding,1,python,0,1,0,1,0
sample_03508,github_pat,T1.4,encoding,1,python,0,1,0,1,0
sample_03509,github_pat,T1.4,encoding,1,python,0,1,0,1,0
sample_03510,github_pat,T1.4,encoding,1,python,0,1,0,1,0
sample_03511,github_pat,T1.4,encoding,1,dotenv,0,1,0,1,0
sample_03512,github_pat,T1.4,encoding,1,dotenv,0,1,0,1,0
sample_03513,github_pat,T1.4,encoding,1,dotenv,0,1,0,1,0
sample_03514,github_pat,T1.4,encoding,1,dotenv,0,1,0,1,0
sample_03515,github_pat,T1.4,encoding,1,dotenv,0,1,0,1,0
sample_03516,github_pat,T1.4,encoding,1,dotenv,0,1,0,1,0
sample_03517,github_pat,T1.4,encoding,1,dotenv,0,1,0,1,0
sample_03518,github_pat,T1.4,encoding,1,dotenv,0,1,0,1,0
sample_03519,github_pat,T1.4,encoding,1,dotenv,0,1,0,1,0
sample_03520,github_pat,T1.4,encoding,1,dotenv,0,1,0,1,0
sample_03521,github_pat,T1.4,encoding,1,dotenv,0,1,0,1,0
sample_03522,github_pat,T1.4,encoding,1,dotenv,0,1,0,1,0
sample_03523,github_pat,T1.4,encoding,1,dotenv,0,1,0,1,0
sample_03524,github_pat,T1.4,encoding,1,dotenv,0,1,0,1,0
sample_03525,github_pat,T1.4,encoding,1,dotenv,0,1,0,1,0
sample_03526,github_pat,T1.4,encoding,1,dotenv,0,1,0,1,0
sample_03527,github_pat,T1.4,encoding,1,dotenv,0,1,0,1,0
sample_03528,github_pat,T1.4,encoding,1,dotenv,0,1,0,1,0
sample_03529,github_pat,T1.4,encoding,1,dotenv,0,1,0,1,0
sample_03530,github_pat,T1.4,encoding,1,dotenv,0,1,0,1,0
sample_03531,github_pat,T1.4,encoding,1,dotenv,0,1,0,1,0
sample_03532,github_pat,T1.4,encoding,1,dotenv,0,1,0,1,0
sample_03533,github_pat,T1.4,encoding,1,dotenv,0,1,0,1,0
sample_03534,github_pat,T1.4,encoding,1,dotenv,0,1,0,1,0
sample_03535,github_pat,T1.4,encoding,1,dotenv,0,1,0,1,0
sample_03536,github_pat,T1.4,encoding,1,dotenv,0,1,0,1,0
sample_03537,github_pat,T1.4,encoding,1,dotenv,0,1,0,1,0
sample_03538,github_pat,T1.4,encoding,1,dotenv,0,1,0,1,0
sample_03539,github_pat,T1.4,encoding,1,dotenv,0,1,0,1,0
sample_03540,github_pat,T1.4,encoding,1,dotenv,0,1,0,1,0
sample_03541,github_pat,T1.4,encoding,1,yaml,0,1,0,1,0
sample_03542,github_pat,T1.4,encoding,1,yaml,0,1,0,1,0
sample_03543,github_pat,T1.4,encoding,1,yaml,0,1,0,1,0
sample_03544,github_pat,T1.4,encoding,1,yaml,0,1,0,1,0
sample_03545,github_pat,T1.4,encoding,1,yaml,0,1,0,1,0
sample_03546,github_pat,T1.4,encoding,1,yaml,0,1,0,1,0
sample_03547,github_pat,T1.4,encoding,1,yaml,0,1,0,1,0
sample_03548,github_pat,T1.4,encoding,1,yaml,0,1,0,1,0
sample_03549,github_pat,T1.4,encoding,1,yaml,0,1,0,1,0
sample_03550,github_pat,T1.4,encoding,1,yaml,0,1,0,1,0
sample_03551,github_pat,T1.4,encoding,1,yaml,0,1,0,1,0
sample_03552,github_pat,T1.4,encoding,1,yaml,0,1,0,1,0
sample_03553,github_pat,T1.4,encoding,1,yaml,0,1,0,1,0
sample_03554,github_pat,T1.4,encoding,1,yaml,0,1,0,1,0
sample_03555,github_pat,T1.4,encoding,1,yaml,0,1,0,1,0
sample_03556,github_pat,T1.4,encoding,1,yaml,0,1,0,1,0
sample_03557,github_pat,T1.4,encoding,1,yaml,0,1,0,1,0
sample_03558,github_pat,T1.4,encoding,1,yaml,0,1,0,1,0
sample_03559,github_pat,T1.4,encoding,1,yaml,0,1,0,1,0
sample_03560,github_pat,T1.4,encoding,1,yaml,0,1,0,1,0
sample_03561,github_pat,T1.4,encoding,1,yaml,0,1,0,1,0
sample_03562,github_pat,T1.4,encoding,1,yaml,0,1,0,1,0
sample_03563,github_pat,T1.4,encoding,1,yaml,0,1,0,1,0
sample_03564,github_pat,T1.4,encoding,1,yaml,0,1,0,1,0
sample_03565,github_pat,T1.4,encoding,1,yaml,0,1,0,1,0
sample_03566,github_pat,T1.4,encoding,1,yaml,0,1,0,1,0
sample_03567,github_pat,T1.4,encoding,1,yaml,0,1,0,1,0
sample_03568,github_pat,T1.4,encoding,1,yaml,0,1,0,1,0
sample_03569,github_pat,T1.4,encoding,1,yaml,0,1,0,1,0
sample_03570,github_pat,T1.4,encoding,1,yaml,0,1,0,1,0
sample_03571,github_pat,T1.5,encoding,1,python,1,1,1,1,1
sample_03572,github_pat,T1.5,encoding,1,python,1,1,1,1,1
sample_03573,github_pat,T1.5,encoding,1,python,1,1,1,1,1
sample_03574,github_pat,T1.5,encoding,1,python,1,1,1,1,1
sample_03575,github_pat,T1.5,encoding,1,python,1,1,1,1,1
sample_03576,github_pat,T1.5,encoding,1,python,1,1,1,1,1
sample_03577,github_pat,T1.5,encoding,1,python,1,1,1,1,1
sample_03578,github_pat,T1.5,encoding,1,python,1,1,1,1,1
sample_03579,github_pat,T1.5,encoding,1,python,1,1,1,1,1
sample_03580,github_pat,T1.5,encoding,1,python,1,1,1,1,1
sample_03581,github_pat,T1.5,encoding,1,python,1,1,1,1,1
sample_03582,github_pat,T1.5,encoding,1,python,1,1,1,1,1
sample_03583,github_pat,T1.5,encoding,1,python,1,1,1,1,1
sample_03584,github_pat,T1.5,encoding,1,python,1,1,1,1,1
sample_03585,github_pat,T1.5,encoding,1,python,1,1,1,1,1
sample_03586,github_pat,T1.5,encoding,1,python,1,1,1,1,1
sample_03587,github_pat,T1.5,encoding,1,python,1,1,1,1,1
sample_03588,github_pat,T1.5,encoding,1,python,1,1,1,1,1
sample_03589,github_pat,T1.5,encoding,1,python,1,1,1,1,1
sample_03590,github_pat,T1.5,encoding,1,python,1,1,1,1,1
sample_03591,github_pat,T1.5,encoding,1,python,1,1,1,1,1
sample_03592,github_pat,T1.5,encoding,1,python,1,1,1,1,1
sample_03593,github_pat,T1.5,encoding,1,python,1,1,1,1,1
sample_03594,github_pat,T1.5,encoding,1,python,1,1,1,1,1
sample_03595,github_pat,T1.5,encoding,1,python,1,1,1,1,1
sample_03596,github_pat,T1.5,encoding,1,python,1,1,1,1,1
sample_03597,github_pat,T1.5,encoding,1,python,1,1,1,1,1
sample_03598,github_pat,T1.5,encoding,1,python,1,1,1,1,1
sample_03599,github_pat,T1.5,encoding,1,python,1,1,1,1,1
sample_03600,github_pat,T1.5,encoding,1,python,1,1,1,1,1
sample_03601,github_pat,T1.5,encoding,1,dotenv,1,1,1,1,1
sample_03602,github_pat,T1.5,encoding,1,dotenv,1,1,1,1,1
sample_03603,github_pat,T1.5,encoding,1,dotenv,1,1,1,1,1
sample_03604,github_pat,T1.5,encoding,1,dotenv,1,1,1,1,1
sample_03605,github_pat,T1.5,encoding,1,dotenv,1,1,1,1,1
sample_03606,github_pat,T1.5,encoding,1,dotenv,1,1,1,1,1
sample_03607,github_pat,T1.5,encoding,1,dotenv,1,1,1,1,1
sample_03608,github_pat,T1.5,encoding,1,dotenv,1,1,1,1,1
sample_03609,github_pat,T1.5,encoding,1,dotenv,1,1,1,1,1
sample_03610,github_pat,T1.5,encoding,1,dotenv,1,1,1,1,1
sample_03611,github_pat,T1.5,encoding,1,dotenv,1,1,1,1,1
sample_03612,github_pat,T1.5,encoding,1,dotenv,1,1,1,1,1
sample_03613,github_pat,T1.5,encoding,1,dotenv,1,1,1,1,1
sample_03614,github_pat,T1.5,encoding,1,dotenv,1,1,1,1,1
sample_03615,github_pat,T1.5,encoding,1,dotenv,1,1,1,1,1
sample_03616,github_pat,T1.5,encoding,1,dotenv,1,1,1,1,1
sample_03617,github_pat,T1.5,encoding,1,dotenv,1,1,1,1,1
sample_03618,github_pat,T1.5,encoding,1,dotenv,1,1,1,1,1
sample_03619,github_pat,T1.5,encoding,1,dotenv,1,1,1,1,1
sample_03620,github_pat,T1.5,encoding,1,dotenv,1,1,1,1,1
sample_03621,github_pat,T1.5,encoding,1,dotenv,1,1,1,1,1
sample_03622,github_pat,T1.5,encoding,1,dotenv,1,1,1,1,1
sample_03623,github_pat,T1.5,encoding,1,dotenv,1,1,1,1,1
sample_03624,github_pat,T1.5,encoding,1,dotenv,1,1,1,1,1
sample_03625,github_pat,T1.5,encoding,1,dotenv,1,1,1,1,1
sample_03626,github_pat,T1.5,encoding,1,dotenv,1,1,1,1,1
sample_03627,github_pat,T1.5,encoding,1,dotenv,1,1,1,1,1
sample_03628,github_pat,T1.5,encoding,1,dotenv,1,1,1,1,1
sample_03629,github_pat,T1.5,encoding,1,dotenv,1,1,1,1,1
sample_03630,github_pat,T1.5,encoding,1,dotenv,1,1,1,1,1
sample_03631,github_pat,T1.5,encoding,1,yaml,1,1,1,1,1
sample_03632,github_pat,T1.5,encoding,1,yaml,1,1,1,1,1
sample_03633,github_pat,T1.5,encoding,1,yaml,1,1,1,1,1
sample_03634,github_pat,T1.5,encoding,1,yaml,1,1,1,1,1
sample_03635,github_pat,T1.5,encoding,1,yaml,1,1,1,1,1
sample_03636,github_pat,T1.5,encoding,1,yaml,1,1,1,1,1
sample_03637,github_pat,T1.5,encoding,1,yaml,1,1,1,1,1
sample_03638,github_pat,T1.5,encoding,1,yaml,1,1,1,1,1
sample_03639,github_pat,T1.5,encoding,1,yaml,1,1,1,1,1
sample_03640,github_pat,T1.5,encoding,1,yaml,1,1,1,1,1
sample_03641,github_pat,T1.5,encoding,1,yaml,1,1,1,1,1
sample_03642,github_pat,T1.5,encoding,1,yaml,1,1,1,1,1
sample_03643,github_pat,T1.5,encoding,1,yaml,1,1,1,1,1
sample_03644,github_pat,T1.5,encoding,1,yaml,1,1,1,1,1
sample_03645,github_pat,T1.5,encoding,1,yaml,1,1,1,1,1
sample_03646,github_pat,T1.5,encoding,1,yaml,1,1,1,1,1
sample_03647,github_pat,T1.5,encoding,1,yaml,1,1,1,1,1
sample_03648,github_pat,T1.5,encoding,1,yaml,1,1,1,1,1
sample_03649,github_pat,T1.5,encoding,1,yaml,1,1,1,1,1
sample_03650,github_pat,T1.5,encoding,1,yaml,1,1,1,1,1
sample_03651,github_pat,T1.5,encoding,1,yaml,1,1,1,1,1
sample_03652,github_pat,T1.5,encoding,1,yaml,1,1,1,1,1
sample_03653,github_pat,T1.5,encoding,1,yaml,1,1,1,1,1
sample_03654,github_pat,T1.5,encoding,1,yaml,1,1,1,1,1
sample_03655,github_pat,T1.5,encoding,1,yaml,1,1,1,1,1
sample_03656,github_pat,T1.5,encoding,1,yaml,1,1,1,1,1
sample_03657,github_pat,T1.5,encoding,1,yaml,1,1,1,1,1
sample_03658,github_pat,T1.5,encoding,1,yaml,1,1,1,1,1
sample_03659,github_pat,T1.5,encoding,1,yaml,1,1,1,1,1
sample_03660,github_pat,T1.5,encoding,1,yaml,1,1,1,1,1
sample_03661,github_pat,T1.6,encoding,1,python,0,0,0,0,0
sample_03662,github_pat,T1.6,encoding,1,python,0,0,0,0,0
sample_03663,github_pat,T1.6,encoding,1,python,0,0,0,0,0
sample_03664,github_pat,T1.6,encoding,1,python,0,0,0,0,0
sample_03665,github_pat,T1.6,encoding,1,python,0,0,0,0,0
sample_03666,github_pat,T1.6,encoding,1,python,0,0,0,0,0
sample_03667,github_pat,T1.6,encoding,1,python,0,0,0,0,0
sample_03668,github_pat,T1.6,encoding,1,python,0,0,0,0,0
sample_03669,github_pat,T1.6,encoding,1,python,0,0,0,0,0
sample_03670,github_pat,T1.6,encoding,1,python,0,0,0,0,0
sample_03671,github_pat,T1.6,encoding,1,python,0,0,0,0,0
sample_03672,github_pat,T1.6,encoding,1,python,0,0,0,0,0
sample_03673,github_pat,T1.6,encoding,1,python,0,0,0,0,0
sample_03674,github_pat,T1.6,encoding,1,python,0,0,0,0,0
sample_03675,github_pat,T1.6,encoding,1,python,0,0,0,0,0
sample_03676,github_pat,T1.6,encoding,1,python,0,0,0,0,0
sample_03677,github_pat,T1.6,encoding,1,python,0,0,0,0,0
sample_03678,github_pat,T1.6,encoding,1,python,0,0,0,0,0
sample_03679,github_pat,T1.6,encoding,1,python,0,0,0,0,0
sample_03680,github_pat,T1.6,encoding,1,python,0,0,0,0,0
sample_03681,github_pat,T1.6,encoding,1,python,0,0,0,0,0
sample_03682,github_pat,T1.6,encoding,1,python,0,0,0,0,0
sample_03683,github_pat,T1.6,encoding,1,python,0,0,0,0,0
sample_03684,github_pat,T1.6,encoding,1,python,0,0,0,0,0
sample_03685,github_pat,T1.6,encoding,1,python,0,0,0,0,0
sample_03686,github_pat,T1.6,encoding,1,python,0,0,0,0,0
sample_03687,github_pat,T1.6,encoding,1,python,0,0,0,0,0
sample_03688,github_pat,T1.6,encoding,1,python,0,0,0,0,0
sample_03689,github_pat,T1.6,encoding,1,python,0,0,0,0,0
sample_03690,github_pat,T1.6,encoding,1,python,0,0,0,0,0
sample_03691,github_pat,T1.6,encoding,1,dotenv,0,0,0,0,0
sample_03692,github_pat,T1.6,encoding,1,dotenv,0,0,0,0,0
sample_03693,github_pat,T1.6,encoding,1,dotenv,0,0,0,0,0
sample_03694,github_pat,T1.6,encoding,1,dotenv,0,0,0,0,0
sample_03695,github_pat,T1.6,encoding,1,dotenv,0,0,0,0,0
sample_03696,github_pat,T1.6,encoding,1,dotenv,0,0,0,0,0
sample_03697,github_pat,T1.6,encoding,1,dotenv,0,0,0,0,0
sample_03698,github_pat,T1.6,encoding,1,dotenv,0,0,0,0,0
sample_03699,github_pat,T1.6,encoding,1,dotenv,0,0,0,0,0
sample_03700,github_pat,T1.6,encoding,1,dotenv,0,0,0,0,0
sample_03701,github_pat,T1.6,encoding,1,dotenv,0,0,0,0,0
sample_03702,github_pat,T1.6,encoding,1,dotenv,0,0,0,0,0
sample_03703,github_pat,T1.6,encoding,1,dotenv,0,0,0,0,0
sample_03704,github_pat,T1.6,encoding,1,dotenv,0,0,0,0,0
sample_03705,github_pat,T1.6,encoding,1,dotenv,0,0,0,0,0
sample_03706,github_pat,T1.6,encoding,1,dotenv,0,0,0,0,0
sample_03707,github_pat,T1.6,encoding,1,dotenv,0,0,0,0,0
sample_03708,github_pat,T1.6,encoding,1,dotenv,0,0,0,0,0
sample_03709,github_pat,T1.6,encoding,1,dotenv,0,0,0,0,0
sample_03710,github_pat,T1.6,encoding,1,dotenv,0,0,0,0,0
sample_03711,github_pat,T1.6,encoding,1,dotenv,0,0,0,0,0
sample_03712,github_pat,T1.6,encoding,1,dotenv,0,0,0,0,0
sample_03713,github_pat,T1.6,encoding,1,dotenv,0,0,0,0,0
sample_03714,github_pat,T1.6,encoding,1,dotenv,0,0,0,0,0
sample_03715,github_pat,T1.6,encoding,1,dotenv,0,0,0,0,0
sample_03716,github_pat,T1.6,encoding,1,dotenv,0,0,0,0,0
sample_03717,github_pat,T1.6,encoding,1,dotenv,0,0,0,0,0
sample_03718,github_pat,T1.6,encoding,1,dotenv,0,0,0,0,0
sample_03719,github_pat,T1.6,encoding,1,dotenv,0,0,0,0,0
sample_03720,github_pat,T1.6,encoding,1,dotenv,0,0,0,0,0
sample_03721,github_pat,T1.6,encoding,1,yaml,0,0,0,0,0
sample_03722,github_pat,T1.6,encoding,1,yaml,0,0,0,0,0
sample_03723,github_pat,T1.6,encoding,1,yaml,0,0,0,0,0
sample_03724,github_pat,T1.6,encoding,1,yaml,0,0,0,0,0
sample_03725,github_pat,T1.6,encoding,1,yaml,0,0,0,0,0
sample_03726,github_pat,T1.6,encoding,1,yaml,0,0,0,0,0
sample_03727,github_pat,T1.6,encoding,1,yaml,0,0,0,0,0
sample_03728,github_pat,T1.6,encoding,1,yaml,0,0,0,0,0
sample_03729,github_pat,T1.6,encoding,1,yaml,0,0,0,0,0
sample_03730,github_pat,T1.6,encoding,1,yaml,0,0,0,0,0
sample_03731,github_pat,T1.6,encoding,1,yaml,0,0,0,0,0
sample_03732,github_pat,T1.6,encoding,1,yaml,0,0,0,0,0
sample_03733,github_pat,T1.6,encoding,1,yaml,0,0,0,0,0
sample_03734,github_pat,T1.6,encoding,1,yaml,0,0,0,0,0
sample_03735,github_pat,T1.6,encoding,1,yaml,0,0,0,0,0
sample_03736,github_pat,T1.6,encoding,1,yaml,0,0,0,0,0
sample_03737,github_pat,T1.6,encoding,1,yaml,0,0,0,0,0
sample_03738,github_pat,T1.6,encoding,1,yaml,0,0,0,0,0
sample_03739,github_pat,T1.6,encoding,1,yaml,0,0,0,0,0
sample_03740,github_pat,T1.6,encoding,1,yaml,0,0,0,0,0
sample_03741,github_pat,T1.6,encoding,1,yaml,0,0,0,0,0
sample_03742,github_pat,T1.6,encoding,1,yaml,0,0,0,0,0
sample_03743,github_pat,T1.6,encoding,1,yaml,0,0,0,0,0
sample_03744,github_pat,T1.6,encoding,1,yaml,0,0,0,0,0
sample_03745,github_pat,T1.6,encoding,1,yaml,0,0,0,0,0
sample_03746,github_pat,T1.6,encoding,1,yaml,0,0,0,0,0
sample_03747,github_pat,T1.6,encoding,1,yaml,0,0,0,0,0
sample_03748,github_pat,T1.6,encoding,1,yaml,0,0,0,0,0
sample_03749,github_pat,T1.6,encoding,1,yaml,0,0,0,0,0
sample_03750,github_pat,T1.6,encoding,1,yaml,0,0,0,0,0
sample_03751,github_pat,T1.7,encoding,1,python,0,0,0,0,0
sample_03752,github_pat,T1.7,encoding,1,python,0,0,0,0,0
sample_03753,github_pat,T1.7,encoding,1,python,0,0,0,0,0
sample_03754,github_pat,T1.7,encoding,1,python,0,0,0,0,0
sample_03755,github_pat,T1.7,encoding,1,python,0,0,0,0,0
sample_03756,github_pat,T1.7,encoding,1,python,0,0,0,0,0
sample_03757,github_pat,T1.7,encoding,1,python,0,0,0,0,0
sample_03758,github_pat,T1.7,encoding,1,python,0,0,0,0,0
sample_03759,github_pat,T1.7,encoding,1,python,0,0,0,0,0
sample_03760,github_pat,T1.7,encoding,1,python,0,0,0,0,0
sample_03761,github_pat,T1.7,encoding,1,python,0,0,0,0,0
sample_03762,github_pat,T1.7,encoding,1,python,0,0,0,0,0
sample_03763,github_pat,T1.7,encoding,1,python,0,0,0,0,0
sample_03764,github_pat,T1.7,encoding,1,python,0,0,0,0,0
sample_03765,github_pat,T1.7,encoding,1,python,0,0,0,0,0
sample_03766,github_pat,T1.7,encoding,1,python,0,0,0,0,0
sample_03767,github_pat,T1.7,encoding,1,python,0,0,0,0,0
sample_03768,github_pat,T1.7,encoding,1,python,0,0,0,0,0
sample_03769,github_pat,T1.7,encoding,1,python,0,0,0,0,0
sample_03770,github_pat,T1.7,encoding,1,python,0,0,0,0,0
sample_03771,github_pat,T1.7,encoding,1,python,0,0,0,0,0
sample_03772,github_pat,T1.7,encoding,1,python,0,0,0,0,0
sample_03773,github_pat,T1.7,encoding,1,python,0,0,0,0,0
sample_03774,github_pat,T1.7,encoding,1,python,0,0,0,0,0
sample_03775,github_pat,T1.7,encoding,1,python,0,0,0,0,0
sample_03776,github_pat,T1.7,encoding,1,python,0,0,0,0,0
sample_03777,github_pat,T1.7,encoding,1,python,0,0,0,0,0
sample_03778,github_pat,T1.7,encoding,1,python,0,0,0,0,0
sample_03779,github_pat,T1.7,encoding,1,python,0,0,0,0,0
sample_03780,github_pat,T1.7,encoding,1,python,0,0,0,0,0
sample_03781,github_pat,T1.7,encoding,1,dotenv,0,0,0,0,0
sample_03782,github_pat,T1.7,encoding,1,dotenv,0,0,0,0,0
sample_03783,github_pat,T1.7,encoding,1,dotenv,0,0,0,0,0
sample_03784,github_pat,T1.7,encoding,1,dotenv,0,0,0,0,0
sample_03785,github_pat,T1.7,encoding,1,dotenv,0,0,0,0,0
sample_03786,github_pat,T1.7,encoding,1,dotenv,0,0,0,0,0
sample_03787,github_pat,T1.7,encoding,1,dotenv,0,0,0,0,0
sample_03788,github_pat,T1.7,encoding,1,dotenv,0,0,0,0,0
sample_03789,github_pat,T1.7,encoding,1,dotenv,0,0,0,0,0
sample_03790,github_pat,T1.7,encoding,1,dotenv,0,0,0,0,0
sample_03791,github_pat,T1.7,encoding,1,dotenv,0,0,0,0,0
sample_03792,github_pat,T1.7,encoding,1,dotenv,0,0,0,0,0
sample_03793,github_pat,T1.7,encoding,1,dotenv,0,0,0,0,0
sample_03794,github_pat,T1.7,encoding,1,dotenv,0,0,0,0,0
sample_03795,github_pat,T1.7,encoding,1,dotenv,0,0,0,0,0
sample_03796,github_pat,T1.7,encoding,1,dotenv,0,0,0,0,0
sample_03797,github_pat,T1.7,encoding,1,dotenv,0,0,0,0,0
sample_03798,github_pat,T1.7,encoding,1,dotenv,0,0,0,0,0
sample_03799,github_pat,T1.7,encoding,1,dotenv,0,0,0,0,0
sample_03800,github_pat,T1.7,encoding,1,dotenv,0,0,0,0,0
sample_03801,github_pat,T1.7,encoding,1,dotenv,0,0,0,0,0
sample_03802,github_pat,T1.7,encoding,1,dotenv,0,0,0,0,0
sample_03803,github_pat,T1.7,encoding,1,dotenv,0,0,0,0,0
sample_03804,github_pat,T1.7,encoding,1,dotenv,0,0,0,0,0
sample_03805,github_pat,T1.7,encoding,1,dotenv,0,0,0,0,0
sample_03806,github_pat,T1.7,encoding,1,dotenv,0,0,0,0,0
sample_03807,github_pat,T1.7,encoding,1,dotenv,0,0,0,0,0
sample_03808,github_pat,T1.7,encoding,1,dotenv,0,0,0,0,0
sample_03809,github_pat,T1.7,encoding,1,dotenv,0,0,0,0,0
sample_03810,github_pat,T1.7,encoding,1,dotenv,0,0,0,0,0
sample_03811,github_pat,T1.7,encoding,1,yaml,0,0,0,0,0
sample_03812,github_pat,T1.7,encoding,1,yaml,0,0,0,0,0
sample_03813,github_pat,T1.7,encoding,1,yaml,0,0,0,0,0
sample_03814,github_pat,T1.7,encoding,1,yaml,0,0,0,0,0
sample_03815,github_pat,T1.7,encoding,1,yaml,0,0,0,0,0
sample_03816,github_pat,T1.7,encoding,1,yaml,0,0,0,0,0
sample_03817,github_pat,T1.7,encoding,1,yaml,0,0,0,0,0
sample_03818,github_pat,T1.7,encoding,1,yaml,0,0,0,0,0
sample_03819,github_pat,T1.7,encoding,1,yaml,0,0,0,0,0
sample_03820,github_pat,T1.7,encoding,1,yaml,0,0,0,0,0
sample_03821,github_pat,T1.7,encoding,1,yaml,0,0,0,0,0
sample_03822,github_pat,T1.7,encoding,1,yaml,0,0,0,0,0
sample_03823,github_pat,T1.7,encoding,1,yaml,0,0,0,0,0
sample_03824,github_pat,T1.7,encoding,1,yaml,0,0,0,0,0
sample_03825,github_pat,T1.7,encoding,1,yaml,0,0,0,0,0
sample_03826,github_pat,T1.7,encoding,1,yaml,0,0,0,0,0
sample_03827,github_pat,T1.7,encoding,1,yaml,0,0,0,0,0
sample_03828,github_pat,T1.7,encoding,1,yaml,0,0,0,0,0
sample_03829,github_pat,T1.7,encoding,1,yaml,0,0,0,0,0
sample_03830,github_pat,T1.7,encoding,1,yaml,0,0,0,0,0
sample_03831,github_pat,T1.7,encoding,1,yaml,0,0,0,0,0
sample_03832,github_pat,T1.7,encoding,1,yaml,0,0,0,0,0
sample_03833,github_pat,T1.7,encoding,1,yaml,0,0,0,0,0
sample_03834,github_pat,T1.7,encoding,1,yaml,0,0,0,0,0
sample_03835,github_pat,T1.7,encoding,1,yaml,0,0,0,0,0
sample_03836,github_pat,T1.7,encoding,1,yaml,0,0,0,0,0
sample_03837,github_pat,T1.7,encoding,1,yaml,0,0,0,0,0
sample_03838,github_pat,T1.7,encoding,1,yaml,0,0,0,0,0
sample_03839,github_pat,T1.7,encoding,1,yaml,0,0,0,0,0
sample_03840,github_pat,T1.7,encoding,1,yaml,0,0,0,0,0
sample_03841,github_pat,T2.1,multi_encoding,2,python,0,1,0,1,1
sample_03842,github_pat,T2.1,multi_encoding,2,python,0,1,0,1,1
sample_03843,github_pat,T2.1,multi_encoding,2,python,0,1,0,1,1
sample_03844,github_pat,T2.1,multi_encoding,2,python,0,1,0,1,1
sample_03845,github_pat,T2.1,multi_encoding,2,python,0,1,0,1,1
sample_03846,github_pat,T2.1,multi_encoding,2,python,0,1,0,1,1
sample_03847,github_pat,T2.1,multi_encoding,2,python,0,1,0,1,1
sample_03848,github_pat,T2.1,multi_encoding,2,python,0,1,0,1,1
sample_03849,github_pat,T2.1,multi_encoding,2,python,0,1,0,1,1
sample_03850,github_pat,T2.1,multi_encoding,2,python,0,1,0,1,1
sample_03851,github_pat,T2.1,multi_encoding,2,python,0,1,0,1,1
sample_03852,github_pat,T2.1,multi_encoding,2,python,0,1,0,1,1
sample_03853,github_pat,T2.1,multi_encoding,2,python,0,1,0,1,1
sample_03854,github_pat,T2.1,multi_encoding,2,python,0,1,0,1,1
sample_03855,github_pat,T2.1,multi_encoding,2,python,0,1,0,1,1
sample_03856,github_pat,T2.1,multi_encoding,2,python,0,1,0,1,1
sample_03857,github_pat,T2.1,multi_encoding,2,python,0,1,0,1,1
sample_03858,github_pat,T2.1,multi_encoding,2,python,0,1,0,1,1
sample_03859,github_pat,T2.1,multi_encoding,2,python,0,1,0,1,1
sample_03860,github_pat,T2.1,multi_encoding,2,python,0,1,0,1,1
sample_03861,github_pat,T2.1,multi_encoding,2,python,0,1,0,1,1
sample_03862,github_pat,T2.1,multi_encoding,2,python,0,1,0,1,1
sample_03863,github_pat,T2.1,multi_encoding,2,python,0,1,0,1,1
sample_03864,github_pat,T2.1,multi_encoding,2,python,0,1,0,1,1
sample_03865,github_pat,T2.1,multi_encoding,2,python,0,1,0,1,1
sample_03866,github_pat,T2.1,multi_encoding,2,python,0,1,0,1,1
sample_03867,github_pat,T2.1,multi_encoding,2,python,0,1,0,1,1
sample_03868,github_pat,T2.1,multi_encoding,2,python,0,1,0,1,1
sample_03869,github_pat,T2.1,multi_encoding,2,python,0,1,0,1,1
sample_03870,github_pat,T2.1,multi_encoding,2,python,0,1,0,1,1
sample_03871,github_pat,T2.1,multi_encoding,2,dotenv,0,1,0,1,1
sample_03872,github_pat,T2.1,multi_encoding,2,dotenv,0,1,0,1,1
sample_03873,github_pat,T2.1,multi_encoding,2,dotenv,0,1,0,1,1
sample_03874,github_pat,T2.1,multi_encoding,2,dotenv,0,1,0,1,1
sample_03875,github_pat,T2.1,multi_encoding,2,dotenv,0,1,0,1,1
sample_03876,github_pat,T2.1,multi_encoding,2,dotenv,0,1,0,1,1
sample_03877,github_pat,T2.1,multi_encoding,2,dotenv,0,1,0,1,1
sample_03878,github_pat,T2.1,multi_encoding,2,dotenv,0,1,0,1,1
sample_03879,github_pat,T2.1,multi_encoding,2,dotenv,0,1,0,1,1
sample_03880,github_pat,T2.1,multi_encoding,2,dotenv,0,1,0,1,1
sample_03881,github_pat,T2.1,multi_encoding,2,dotenv,0,1,0,1,1
sample_03882,github_pat,T2.1,multi_encoding,2,dotenv,0,1,0,1,1
sample_03883,github_pat,T2.1,multi_encoding,2,dotenv,0,1,0,1,1
sample_03884,github_pat,T2.1,multi_encoding,2,dotenv,0,1,0,1,1
sample_03885,github_pat,T2.1,multi_encoding,2,dotenv,0,1,0,1,1
sample_03886,github_pat,T2.1,multi_encoding,2,dotenv,0,1,0,1,1
sample_03887,github_pat,T2.1,multi_encoding,2,dotenv,0,1,0,1,1
sample_03888,github_pat,T2.1,multi_encoding,2,dotenv,0,1,0,1,1
sample_03889,github_pat,T2.1,multi_encoding,2,dotenv,0,1,0,1,1
sample_03890,github_pat,T2.1,multi_encoding,2,dotenv,0,1,0,1,1
sample_03891,github_pat,T2.1,multi_encoding,2,dotenv,0,1,0,1,1
sample_03892,github_pat,T2.1,multi_encoding,2,dotenv,0,1,0,1,1
sample_03893,github_pat,T2.1,multi_encoding,2,dotenv,0,1,0,1,1
sample_03894,github_pat,T2.1,multi_encoding,2,dotenv,0,1,0,1,1
sample_03895,github_pat,T2.1,multi_encoding,2,dotenv,0,1,0,1,1
sample_03896,github_pat,T2.1,multi_encoding,2,dotenv,0,1,0,1,1
sample_03897,github_pat,T2.1,multi_encoding,2,dotenv,0,1,0,1,1
sample_03898,github_pat,T2.1,multi_encoding,2,dotenv,0,1,0,1,1
sample_03899,github_pat,T2.1,multi_encoding,2,dotenv,0,1,0,1,1
sample_03900,github_pat,T2.1,multi_encoding,2,dotenv,0,1,0,1,1
sample_03901,github_pat,T2.1,multi_encoding,2,yaml,0,1,0,1,1
sample_03902,github_pat,T2.1,multi_encoding,2,yaml,0,1,0,1,1
sample_03903,github_pat,T2.1,multi_encoding,2,yaml,0,1,0,1,1
sample_03904,github_pat,T2.1,multi_encoding,2,yaml,0,1,0,1,1
sample_03905,github_pat,T2.1,multi_encoding,2,yaml,0,1,0,1,0
sample_03906,github_pat,T2.1,multi_encoding,2,yaml,0,1,0,1,1
sample_03907,github_pat,T2.1,multi_encoding,2,yaml,0,1,0,1,1
sample_03908,github_pat,T2.1,multi_encoding,2,yaml,0,1,0,1,1
sample_03909,github_pat,T2.1,multi_encoding,2,yaml,0,1,0,1,1
sample_03910,github_pat,T2.1,multi_encoding,2,yaml,0,1,0,1,1
sample_03911,github_pat,T2.1,multi_encoding,2,yaml,0,1,0,1,1
sample_03912,github_pat,T2.1,multi_encoding,2,yaml,0,1,0,1,1
sample_03913,github_pat,T2.1,multi_encoding,2,yaml,0,1,0,1,1
sample_03914,github_pat,T2.1,multi_encoding,2,yaml,0,1,0,1,1
sample_03915,github_pat,T2.1,multi_encoding,2,yaml,0,1,0,1,1
sample_03916,github_pat,T2.1,multi_encoding,2,yaml,0,1,0,1,1
sample_03917,github_pat,T2.1,multi_encoding,2,yaml,0,1,0,1,1
sample_03918,github_pat,T2.1,multi_encoding,2,yaml,0,1,0,1,1
sample_03919,github_pat,T2.1,multi_encoding,2,yaml,0,1,0,1,1
sample_03920,github_pat,T2.1,multi_encoding,2,yaml,0,1,0,1,1
sample_03921,github_pat,T2.1,multi_encoding,2,yaml,0,1,0,1,1
sample_03922,github_pat,T2.1,multi_encoding,2,yaml,0,1,0,1,1
sample_03923,github_pat,T2.1,multi_encoding,2,yaml,0,1,0,1,1
sample_03924,github_pat,T2.1,multi_encoding,2,yaml,0,1,0,1,1
sample_03925,github_pat,T2.1,multi_encoding,2,yaml,0,1,0,1,1
sample_03926,github_pat,T2.1,multi_encoding,2,yaml,0,1,0,1,1
sample_03927,github_pat,T2.1,multi_encoding,2,yaml,0,1,0,1,1
sample_03928,github_pat,T2.1,multi_encoding,2,yaml,0,1,0,1,1
sample_03929,github_pat,T2.1,multi_encoding,2,yaml,0,1,0,1,1
sample_03930,github_pat,T2.1,multi_encoding,2,yaml,0,1,0,1,1
sample_03931,github_pat,T2.2,multi_encoding,3,python,0,1,0,1,1
sample_03932,github_pat,T2.2,multi_encoding,3,python,0,1,0,1,1
sample_03933,github_pat,T2.2,multi_encoding,3,python,0,1,0,1,1
sample_03934,github_pat,T2.2,multi_encoding,3,python,0,1,0,1,1
sample_03935,github_pat,T2.2,multi_encoding,3,python,0,1,0,1,1
sample_03936,github_pat,T2.2,multi_encoding,3,python,0,1,0,1,1
sample_03937,github_pat,T2.2,multi_encoding,3,python,0,1,0,1,1
sample_03938,github_pat,T2.2,multi_encoding,3,python,0,1,0,1,1
sample_03939,github_pat,T2.2,multi_encoding,3,python,0,1,0,1,1
sample_03940,github_pat,T2.2,multi_encoding,3,python,0,1,0,1,1
sample_03941,github_pat,T2.2,multi_encoding,3,python,0,1,0,1,1
sample_03942,github_pat,T2.2,multi_encoding,3,python,0,1,0,1,1
sample_03943,github_pat,T2.2,multi_encoding,3,python,0,1,0,1,1
sample_03944,github_pat,T2.2,multi_encoding,3,python,0,1,0,1,1
sample_03945,github_pat,T2.2,multi_encoding,3,python,0,1,0,1,1
sample_03946,github_pat,T2.2,multi_encoding,3,python,0,1,0,1,1
sample_03947,github_pat,T2.2,multi_encoding,3,python,0,1,0,1,1
sample_03948,github_pat,T2.2,multi_encoding,3,python,0,1,0,1,1
sample_03949,github_pat,T2.2,multi_encoding,3,python,0,1,0,1,1
sample_03950,github_pat,T2.2,multi_encoding,3,python,0,1,0,1,1
sample_03951,github_pat,T2.2,multi_encoding,3,python,0,1,0,1,1
sample_03952,github_pat,T2.2,multi_encoding,3,python,0,1,0,1,1
sample_03953,github_pat,T2.2,multi_encoding,3,python,0,1,0,1,1
sample_03954,github_pat,T2.2,multi_encoding,3,python,0,1,0,1,1
sample_03955,github_pat,T2.2,multi_encoding,3,python,0,1,0,1,1
sample_03956,github_pat,T2.2,multi_encoding,3,python,0,1,0,1,1
sample_03957,github_pat,T2.2,multi_encoding,3,python,0,1,0,1,1
sample_03958,github_pat,T2.2,multi_encoding,3,python,0,1,0,1,1
sample_03959,github_pat,T2.2,multi_encoding,3,python,0,1,0,1,1
sample_03960,github_pat,T2.2,multi_encoding,3,python,0,1,0,1,1
sample_03961,github_pat,T2.2,multi_encoding,3,dotenv,0,1,0,1,1
sample_03962,github_pat,T2.2,multi_encoding,3,dotenv,0,1,0,1,1
sample_03963,github_pat,T2.2,multi_encoding,3,dotenv,0,1,0,1,1
sample_03964,github_pat,T2.2,multi_encoding,3,dotenv,0,1,0,1,1
sample_03965,github_pat,T2.2,multi_encoding,3,dotenv,0,1,0,1,1
sample_03966,github_pat,T2.2,multi_encoding,3,dotenv,0,1,0,1,1
sample_03967,github_pat,T2.2,multi_encoding,3,dotenv,0,1,0,1,1
sample_03968,github_pat,T2.2,multi_encoding,3,dotenv,0,1,0,1,1
sample_03969,github_pat,T2.2,multi_encoding,3,dotenv,0,1,0,1,1
sample_03970,github_pat,T2.2,multi_encoding,3,dotenv,0,1,0,1,1
sample_03971,github_pat,T2.2,multi_encoding,3,dotenv,0,1,0,1,1
sample_03972,github_pat,T2.2,multi_encoding,3,dotenv,0,1,0,1,1
sample_03973,github_pat,T2.2,multi_encoding,3,dotenv,0,1,0,1,1
sample_03974,github_pat,T2.2,multi_encoding,3,dotenv,0,1,0,1,1
sample_03975,github_pat,T2.2,multi_encoding,3,dotenv,0,1,0,1,1
sample_03976,github_pat,T2.2,multi_encoding,3,dotenv,0,1,0,1,1
sample_03977,github_pat,T2.2,multi_encoding,3,dotenv,0,1,0,1,1
sample_03978,github_pat,T2.2,multi_encoding,3,dotenv,0,1,0,1,1
sample_03979,github_pat,T2.2,multi_encoding,3,dotenv,0,1,0,1,1
sample_03980,github_pat,T2.2,multi_encoding,3,dotenv,0,1,0,1,1
sample_03981,github_pat,T2.2,multi_encoding,3,dotenv,0,1,0,1,1
sample_03982,github_pat,T2.2,multi_encoding,3,dotenv,0,1,0,1,1
sample_03983,github_pat,T2.2,multi_encoding,3,dotenv,0,1,0,1,1
sample_03984,github_pat,T2.2,multi_encoding,3,dotenv,0,1,0,1,1
sample_03985,github_pat,T2.2,multi_encoding,3,dotenv,0,1,0,1,1
sample_03986,github_pat,T2.2,multi_encoding,3,dotenv,0,1,0,1,1
sample_03987,github_pat,T2.2,multi_encoding,3,dotenv,0,1,0,1,1
sample_03988,github_pat,T2.2,multi_encoding,3,dotenv,0,1,0,1,1
sample_03989,github_pat,T2.2,multi_encoding,3,dotenv,0,1,0,1,1
sample_03990,github_pat,T2.2,multi_encoding,3,dotenv,0,1,0,1,1
sample_03991,github_pat,T2.2,multi_encoding,3,yaml,0,1,0,1,1
sample_03992,github_pat,T2.2,multi_encoding,3,yaml,0,1,0,1,1
sample_03993,github_pat,T2.2,multi_encoding,3,yaml,0,1,0,1,1
sample_03994,github_pat,T2.2,multi_encoding,3,yaml,0,1,0,1,1
sample_03995,github_pat,T2.2,multi_encoding,3,yaml,0,1,0,1,1
sample_03996,github_pat,T2.2,multi_encoding,3,yaml,0,1,0,1,1
sample_03997,github_pat,T2.2,multi_encoding,3,yaml,0,1,0,1,1
sample_03998,github_pat,T2.2,multi_encoding,3,yaml,0,1,0,1,1
sample_03999,github_pat,T2.2,multi_encoding,3,yaml,0,1,0,1,1
sample_04000,github_pat,T2.2,multi_encoding,3,yaml,0,1,0,1,1
sample_04001,github_pat,T2.2,multi_encoding,3,yaml,0,1,0,1,1
sample_04002,github_pat,T2.2,multi_encoding,3,yaml,0,1,0,1,1
sample_04003,github_pat,T2.2,multi_encoding,3,yaml,0,1,0,1,1
sample_04004,github_pat,T2.2,multi_encoding,3,yaml,0,1,0,1,1
sample_04005,github_pat,T2.2,multi_encoding,3,yaml,0,1,0,1,1
sample_04006,github_pat,T2.2,multi_encoding,3,yaml,0,1,0,1,0
sample_04007,github_pat,T2.2,multi_encoding,3,yaml,0,1,0,1,1
sample_04008,github_pat,T2.2,multi_encoding,3,yaml,0,1,0,1,1
sample_04009,github_pat,T2.2,multi_encoding,3,yaml,0,1,0,1,0
sample_04010,github_pat,T2.2,multi_encoding,3,yaml,0,1,0,1,1
sample_04011,github_pat,T2.2,multi_encoding,3,yaml,0,1,0,1,1
sample_04012,github_pat,T2.2,multi_encoding,3,yaml,0,1,0,1,1
sample_04013,github_pat,T2.2,multi_encoding,3,yaml,0,1,0,1,1
sample_04014,github_pat,T2.2,multi_encoding,3,yaml,0,1,0,1,1
sample_04015,github_pat,T2.2,multi_encoding,3,yaml,0,1,0,1,1
sample_04016,github_pat,T2.2,multi_encoding,3,yaml,0,1,0,1,1
sample_04017,github_pat,T2.2,multi_encoding,3,yaml,0,1,0,1,1
sample_04018,github_pat,T2.2,multi_encoding,3,yaml,0,1,0,1,1
sample_04019,github_pat,T2.2,multi_encoding,3,yaml,0,1,0,1,1
sample_04020,github_pat,T2.2,multi_encoding,3,yaml,0,1,0,1,1
sample_04021,github_pat,T2.3,multi_encoding,2,python,0,1,0,1,0
sample_04022,github_pat,T2.3,multi_encoding,2,python,0,1,0,1,0
sample_04023,github_pat,T2.3,multi_encoding,2,python,0,1,0,1,0
sample_04024,github_pat,T2.3,multi_encoding,2,python,0,1,0,1,0
sample_04025,github_pat,T2.3,multi_encoding,2,python,0,1,0,1,0
sample_04026,github_pat,T2.3,multi_encoding,2,python,0,1,0,1,0
sample_04027,github_pat,T2.3,multi_encoding,2,python,0,1,0,1,0
sample_04028,github_pat,T2.3,multi_encoding,2,python,0,1,0,1,0
sample_04029,github_pat,T2.3,multi_encoding,2,python,0,1,0,1,0
sample_04030,github_pat,T2.3,multi_encoding,2,python,0,1,0,1,0
sample_04031,github_pat,T2.3,multi_encoding,2,python,0,1,0,1,0
sample_04032,github_pat,T2.3,multi_encoding,2,python,0,1,0,1,0
sample_04033,github_pat,T2.3,multi_encoding,2,python,0,1,0,1,0
sample_04034,github_pat,T2.3,multi_encoding,2,python,0,1,0,1,0
sample_04035,github_pat,T2.3,multi_encoding,2,python,0,1,0,1,0
sample_04036,github_pat,T2.3,multi_encoding,2,python,0,1,0,1,0
sample_04037,github_pat,T2.3,multi_encoding,2,python,0,1,0,1,0
sample_04038,github_pat,T2.3,multi_encoding,2,python,0,1,0,1,0
sample_04039,github_pat,T2.3,multi_encoding,2,python,0,1,0,1,0
sample_04040,github_pat,T2.3,multi_encoding,2,python,0,1,0,1,0
sample_04041,github_pat,T2.3,multi_encoding,2,python,0,1,0,1,0
sample_04042,github_pat,T2.3,multi_encoding,2,python,0,1,0,1,0
sample_04043,github_pat,T2.3,multi_encoding,2,python,0,1,0,1,0
sample_04044,github_pat,T2.3,multi_encoding,2,python,0,1,0,1,0
sample_04045,github_pat,T2.3,multi_encoding,2,python,0,1,0,1,0
sample_04046,github_pat,T2.3,multi_encoding,2,python,0,1,0,1,0
sample_04047,github_pat,T2.3,multi_encoding,2,python,0,1,0,1,0
sample_04048,github_pat,T2.3,multi_encoding,2,python,0,1,0,1,0
sample_04049,github_pat,T2.3,multi_encoding,2,python,0,1,0,1,0
sample_04050,github_pat,T2.3,multi_encoding,2,python,0,1,0,1,0
sample_04051,github_pat,T2.3,multi_encoding,2,dotenv,0,1,0,1,0
sample_04052,github_pat,T2.3,multi_encoding,2,dotenv,0,1,0,1,0
sample_04053,github_pat,T2.3,multi_encoding,2,dotenv,0,1,0,1,0
sample_04054,github_pat,T2.3,multi_encoding,2,dotenv,0,1,0,1,0
sample_04055,github_pat,T2.3,multi_encoding,2,dotenv,0,1,0,1,0
sample_04056,github_pat,T2.3,multi_encoding,2,dotenv,0,1,0,1,0
sample_04057,github_pat,T2.3,multi_encoding,2,dotenv,0,1,0,1,0
sample_04058,github_pat,T2.3,multi_encoding,2,dotenv,0,1,0,1,0
sample_04059,github_pat,T2.3,multi_encoding,2,dotenv,0,1,0,1,0
sample_04060,github_pat,T2.3,multi_encoding,2,dotenv,0,1,0,1,0
sample_04061,github_pat,T2.3,multi_encoding,2,dotenv,0,1,0,1,0
sample_04062,github_pat,T2.3,multi_encoding,2,dotenv,0,1,0,1,0
sample_04063,github_pat,T2.3,multi_encoding,2,dotenv,0,1,0,1,0
sample_04064,github_pat,T2.3,multi_encoding,2,dotenv,0,1,0,1,0
sample_04065,github_pat,T2.3,multi_encoding,2,dotenv,0,1,0,1,0
sample_04066,github_pat,T2.3,multi_encoding,2,dotenv,0,1,0,1,0
sample_04067,github_pat,T2.3,multi_encoding,2,dotenv,0,1,0,1,0
sample_04068,github_pat,T2.3,multi_encoding,2,dotenv,0,1,0,1,0
sample_04069,github_pat,T2.3,multi_encoding,2,dotenv,0,1,0,1,0
sample_04070,github_pat,T2.3,multi_encoding,2,dotenv,0,1,0,1,0
sample_04071,github_pat,T2.3,multi_encoding,2,dotenv,0,1,0,1,0
sample_04072,github_pat,T2.3,multi_encoding,2,dotenv,0,1,0,1,0
sample_04073,github_pat,T2.3,multi_encoding,2,dotenv,0,1,0,1,0
sample_04074,github_pat,T2.3,multi_encoding,2,dotenv,0,1,0,1,0
sample_04075,github_pat,T2.3,multi_encoding,2,dotenv,0,1,0,1,0
sample_04076,github_pat,T2.3,multi_encoding,2,dotenv,0,1,0,1,0
sample_04077,github_pat,T2.3,multi_encoding,2,dotenv,0,1,0,1,0
sample_04078,github_pat,T2.3,multi_encoding,2,dotenv,0,1,0,1,0
sample_04079,github_pat,T2.3,multi_encoding,2,dotenv,0,1,0,1,0
sample_04080,github_pat,T2.3,multi_encoding,2,dotenv,0,1,0,1,0
sample_04081,github_pat,T2.3,multi_encoding,2,yaml,0,1,0,1,0
sample_04082,github_pat,T2.3,multi_encoding,2,yaml,0,1,0,1,0
sample_04083,github_pat,T2.3,multi_encoding,2,yaml,0,1,0,1,0
sample_04084,github_pat,T2.3,multi_encoding,2,yaml,0,1,0,1,0
sample_04085,github_pat,T2.3,multi_encoding,2,yaml,0,1,0,1,0
sample_04086,github_pat,T2.3,multi_encoding,2,yaml,0,1,0,1,0
sample_04087,github_pat,T2.3,multi_encoding,2,yaml,0,1,0,1,0
sample_04088,github_pat,T2.3,multi_encoding,2,yaml,0,1,0,1,0
sample_04089,github_pat,T2.3,multi_encoding,2,yaml,0,1,0,1,0
sample_04090,github_pat,T2.3,multi_encoding,2,yaml,0,1,0,1,0
sample_04091,github_pat,T2.3,multi_encoding,2,yaml,0,1,0,1,0
sample_04092,github_pat,T2.3,multi_encoding,2,yaml,0,1,0,1,0
sample_04093,github_pat,T2.3,multi_encoding,2,yaml,0,1,0,1,0
sample_04094,github_pat,T2.3,multi_encoding,2,yaml,0,1,0,1,0
sample_04095,github_pat,T2.3,multi_encoding,2,yaml,0,1,0,1,0
sample_04096,github_pat,T2.3,multi_encoding,2,yaml,0,1,0,1,0
sample_04097,github_pat,T2.3,multi_encoding,2,yaml,0,1,0,1,0
sample_04098,github_pat,T2.3,multi_encoding,2,yaml,0,1,0,1,0
sample_04099,github_pat,T2.3,multi_encoding,2,yaml,0,1,0,1,0
sample_04100,github_pat,T2.3,multi_encoding,2,yaml,0,1,0,1,0
sample_04101,github_pat,T2.3,multi_encoding,2,yaml,0,1,0,1,0
sample_04102,github_pat,T2.3,multi_encoding,2,yaml,0,1,0,1,0
sample_04103,github_pat,T2.3,multi_encoding,2,yaml,0,1,0,1,0
sample_04104,github_pat,T2.3,multi_encoding,2,yaml,0,1,0,1,0
sample_04105,github_pat,T2.3,multi_encoding,2,yaml,0,1,0,1,0
sample_04106,github_pat,T2.3,multi_encoding,2,yaml,0,1,0,1,0
sample_04107,github_pat,T2.3,multi_encoding,2,yaml,0,1,0,1,0
sample_04108,github_pat,T2.3,multi_encoding,2,yaml,0,1,0,1,0
sample_04109,github_pat,T2.3,multi_encoding,2,yaml,0,1,0,1,0
sample_04110,github_pat,T2.3,multi_encoding,2,yaml,0,1,0,1,0
sample_04111,github_pat,T3.1,splitting,1,python,0,0,0,0,0
sample_04112,github_pat,T3.1,splitting,1,python,0,0,0,0,0
sample_04113,github_pat,T3.1,splitting,1,python,0,0,0,0,0
sample_04114,github_pat,T3.1,splitting,1,python,0,0,0,0,0
sample_04115,github_pat,T3.1,splitting,1,python,0,0,0,0,0
sample_04116,github_pat,T3.1,splitting,1,python,0,0,0,0,0
sample_04117,github_pat,T3.1,splitting,1,python,0,0,0,0,0
sample_04118,github_pat,T3.1,splitting,1,python,0,0,0,0,0
sample_04119,github_pat,T3.1,splitting,1,python,0,0,0,0,0
sample_04120,github_pat,T3.1,splitting,1,python,0,0,0,0,0
sample_04121,github_pat,T3.1,splitting,1,python,0,0,0,0,0
sample_04122,github_pat,T3.1,splitting,1,python,0,0,0,0,0
sample_04123,github_pat,T3.1,splitting,1,python,0,0,0,0,0
sample_04124,github_pat,T3.1,splitting,1,python,0,0,0,0,0
sample_04125,github_pat,T3.1,splitting,1,python,0,0,0,0,0
sample_04126,github_pat,T3.1,splitting,1,python,0,0,0,0,0
sample_04127,github_pat,T3.1,splitting,1,python,0,0,0,0,0
sample_04128,github_pat,T3.1,splitting,1,python,0,0,0,0,0
sample_04129,github_pat,T3.1,splitting,1,python,0,0,0,0,0
sample_04130,github_pat,T3.1,splitting,1,python,0,0,0,0,0
sample_04131,github_pat,T3.1,splitting,1,python,0,0,0,0,0
sample_04132,github_pat,T3.1,splitting,1,python,0,0,0,0,0
sample_04133,github_pat,T3.1,splitting,1,python,0,0,0,0,0
sample_04134,github_pat,T3.1,splitting,1,python,0,0,0,0,0
sample_04135,github_pat,T3.1,splitting,1,python,0,0,0,0,0
sample_04136,github_pat,T3.1,splitting,1,python,0,0,0,0,0
sample_04137,github_pat,T3.1,splitting,1,python,0,0,0,0,0
sample_04138,github_pat,T3.1,splitting,1,python,0,0,0,0,0
sample_04139,github_pat,T3.1,splitting,1,python,0,0,0,0,0
sample_04140,github_pat,T3.1,splitting,1,python,0,0,0,0,0
sample_04141,github_pat,T3.2,splitting,1,python,0,0,0,0,0
sample_04142,github_pat,T3.2,splitting,1,python,0,0,0,0,0
sample_04143,github_pat,T3.2,splitting,1,python,0,0,0,0,0
sample_04144,github_pat,T3.2,splitting,1,python,0,0,0,0,0
sample_04145,github_pat,T3.2,splitting,1,python,0,0,0,0,0
sample_04146,github_pat,T3.2,splitting,1,python,0,0,0,0,0
sample_04147,github_pat,T3.2,splitting,1,python,0,0,0,0,0
sample_04148,github_pat,T3.2,splitting,1,python,0,0,0,0,0
sample_04149,github_pat,T3.2,splitting,1,python,0,0,0,0,0
sample_04150,github_pat,T3.2,splitting,1,python,0,0,0,0,0
sample_04151,github_pat,T3.2,splitting,1,python,0,0,0,0,0
sample_04152,github_pat,T3.2,splitting,1,python,0,0,0,0,0
sample_04153,github_pat,T3.2,splitting,1,python,0,0,0,0,0
sample_04154,github_pat,T3.2,splitting,1,python,0,0,0,0,0
sample_04155,github_pat,T3.2,splitting,1,python,0,0,0,0,0
sample_04156,github_pat,T3.2,splitting,1,python,0,0,0,0,0
sample_04157,github_pat,T3.2,splitting,1,python,0,0,0,0,0
sample_04158,github_pat,T3.2,splitting,1,python,0,0,0,0,0
sample_04159,github_pat,T3.2,splitting,1,python,0,0,0,0,0
sample_04160,github_pat,T3.2,splitting,1,python,0,0,0,0,0
sample_04161,github_pat,T3.2,splitting,1,python,0,0,0,0,0
sample_04162,github_pat,T3.2,splitting,1,python,0,0,0,0,0
sample_04163,github_pat,T3.2,splitting,1,python,0,0,0,0,0
sample_04164,github_pat,T3.2,splitting,1,python,0,0,0,0,0
sample_04165,github_pat,T3.2,splitting,1,python,0,0,0,0,0
sample_04166,github_pat,T3.2,splitting,1,python,0,0,0,0,0
sample_04167,github_pat,T3.2,splitting,1,python,0,0,0,0,0
sample_04168,github_pat,T3.2,splitting,1,python,0,0,0,0,0
sample_04169,github_pat,T3.2,splitting,1,python,0,0,0,0,0
sample_04170,github_pat,T3.2,splitting,1,python,0,0,0,0,0
sample_04171,github_pat,T3.3,splitting,1,python,0,0,0,0,0
sample_04172,github_pat,T3.3,splitting,1,python,0,0,0,0,0
sample_04173,github_pat,T3.3,splitting,1,python,0,0,0,0,0
sample_04174,github_pat,T3.3,splitting,1,python,0,0,0,0,0
sample_04175,github_pat,T3.3,splitting,1,python,0,0,0,0,0
sample_04176,github_pat,T3.3,splitting,1,python,0,0,0,0,0
sample_04177,github_pat,T3.3,splitting,1,python,0,0,0,0,0
sample_04178,github_pat,T3.3,splitting,1,python,0,0,0,0,0
sample_04179,github_pat,T3.3,splitting,1,python,0,0,0,0,0
sample_04180,github_pat,T3.3,splitting,1,python,0,0,0,0,0
sample_04181,github_pat,T3.3,splitting,1,python,0,0,0,0,0
sample_04182,github_pat,T3.3,splitting,1,python,0,0,0,0,0
sample_04183,github_pat,T3.3,splitting,1,python,0,0,0,0,0
sample_04184,github_pat,T3.3,splitting,1,python,0,0,0,0,0
sample_04185,github_pat,T3.3,splitting,1,python,0,0,0,0,0
sample_04186,github_pat,T3.3,splitting,1,python,0,0,0,0,0
sample_04187,github_pat,T3.3,splitting,1,python,0,0,0,0,0
sample_04188,github_pat,T3.3,splitting,1,python,0,0,0,0,0
sample_04189,github_pat,T3.3,splitting,1,python,0,0,0,0,0
sample_04190,github_pat,T3.3,splitting,1,python,0,0,0,0,0
sample_04191,github_pat,T3.3,splitting,1,python,0,0,0,0,0
sample_04192,github_pat,T3.3,splitting,1,python,0,0,0,0,0
sample_04193,github_pat,T3.3,splitting,1,python,0,0,0,0,0
sample_04194,github_pat,T3.3,splitting,1,python,0,0,0,0,0
sample_04195,github_pat,T3.3,splitting,1,python,0,0,0,0,0
sample_04196,github_pat,T3.3,splitting,1,python,0,0,0,0,0
sample_04197,github_pat,T3.3,splitting,1,python,0,0,0,0,0
sample_04198,github_pat,T3.3,splitting,1,python,0,0,0,0,0
sample_04199,github_pat,T3.3,splitting,1,python,0,0,0,0,0
sample_04200,github_pat,T3.3,splitting,1,python,0,0,0,0,0
sample_04201,github_pat,T3.4,splitting,1,python,0,0,0,0,0
sample_04202,github_pat,T3.4,splitting,1,python,0,0,0,0,0
sample_04203,github_pat,T3.4,splitting,1,python,0,0,0,0,0
sample_04204,github_pat,T3.4,splitting,1,python,0,0,0,0,0
sample_04205,github_pat,T3.4,splitting,1,python,0,0,0,0,0
sample_04206,github_pat,T3.4,splitting,1,python,0,0,0,0,0
sample_04207,github_pat,T3.4,splitting,1,python,0,0,0,0,0
sample_04208,github_pat,T3.4,splitting,1,python,0,0,0,0,0
sample_04209,github_pat,T3.4,splitting,1,python,0,0,0,0,0
sample_04210,github_pat,T3.4,splitting,1,python,0,0,0,0,0
sample_04211,github_pat,T3.4,splitting,1,python,0,0,0,0,0
sample_04212,github_pat,T3.4,splitting,1,python,0,0,0,0,0
sample_04213,github_pat,T3.4,splitting,1,python,0,0,0,0,0
sample_04214,github_pat,T3.4,splitting,1,python,0,0,0,0,0
sample_04215,github_pat,T3.4,splitting,1,python,0,0,0,0,0
sample_04216,github_pat,T3.4,splitting,1,python,0,0,0,0,0
sample_04217,github_pat,T3.4,splitting,1,python,0,0,0,0,0
sample_04218,github_pat,T3.4,splitting,1,python,0,0,0,0,0
sample_04219,github_pat,T3.4,splitting,1,python,0,0,0,0,0
sample_04220,github_pat,T3.4,splitting,1,python,0,0,0,0,0
sample_04221,github_pat,T3.4,splitting,1,python,0,0,0,0,0
sample_04222,github_pat,T3.4,splitting,1,python,0,0,0,0,0
sample_04223,github_pat,T3.4,splitting,1,python,0,0,0,0,0
sample_04224,github_pat,T3.4,splitting,1,python,0,0,0,0,0
sample_04225,github_pat,T3.4,splitting,1,python,0,0,0,0,0
sample_04226,github_pat,T3.4,splitting,1,python,0,0,0,0,0
sample_04227,github_pat,T3.4,splitting,1,python,0,0,0,0,0
sample_04228,github_pat,T3.4,splitting,1,python,0,0,0,0,0
sample_04229,github_pat,T3.4,splitting,1,python,0,0,0,0,0
sample_04230,github_pat,T3.4,splitting,1,python,0,0,0,0,0
sample_04231,github_pat,T3.5,splitting,1,python,0,0,0,0,0
sample_04232,github_pat,T3.5,splitting,1,python,0,0,0,0,0
sample_04233,github_pat,T3.5,splitting,1,python,0,0,0,0,0
sample_04234,github_pat,T3.5,splitting,1,python,0,0,0,0,0
sample_04235,github_pat,T3.5,splitting,1,python,0,0,0,0,0
sample_04236,github_pat,T3.5,splitting,1,python,0,0,0,0,0
sample_04237,github_pat,T3.5,splitting,1,python,0,0,0,0,0
sample_04238,github_pat,T3.5,splitting,1,python,0,0,0,0,0
sample_04239,github_pat,T3.5,splitting,1,python,0,0,0,0,0
sample_04240,github_pat,T3.5,splitting,1,python,0,0,0,0,0
sample_04241,github_pat,T3.5,splitting,1,python,0,0,0,0,0
sample_04242,github_pat,T3.5,splitting,1,python,0,0,0,0,0
sample_04243,github_pat,T3.5,splitting,1,python,0,0,0,0,0
sample_04244,github_pat,T3.5,splitting,1,python,0,0,0,0,0
sample_04245,github_pat,T3.5,splitting,1,python,0,0,0,0,0
sample_04246,github_pat,T3.5,splitting,1,python,0,0,0,0,0
sample_04247,github_pat,T3.5,splitting,1,python,0,0,0,0,0
sample_04248,github_pat,T3.5,splitting,1,python,0,0,0,0,0
sample_04249,github_pat,T3.5,splitting,1,python,0,0,0,0,0
sample_04250,github_pat,T3.5,splitting,1,python,0,0,0,0,0
sample_04251,github_pat,T3.5,splitting,1,python,0,0,0,0,0
sample_04252,github_pat,T3.5,splitting,1,python,0,0,0,0,0
sample_04253,github_pat,T3.5,splitting,1,python,0,0,0,0,0
sample_04254,github_pat,T3.5,splitting,1,python,0,0,0,0,0
sample_04255,github_pat,T3.5,splitting,1,python,0,0,0,0,0
sample_04256,github_pat,T3.5,splitting,1,python,0,0,0,0,0
sample_04257,github_pat,T3.5,splitting,1,python,0,0,0,0,0
sample_04258,github_pat,T3.5,splitting,1,python,0,0,0,0,0
sample_04259,github_pat,T3.5,splitting,1,python,0,0,0,0,0
sample_04260,github_pat,T3.5,splitting,1,python,0,0,0,0,0
sample_04261,github_pat,T4.3,char_format,1,python,0,0,0,0,0
sample_04262,github_pat,T4.3,char_format,1,python,0,0,0,0,0
sample_04263,github_pat,T4.3,char_format,1,python,0,0,0,0,0
sample_04264,github_pat,T4.3,char_format,1,python,0,0,0,0,0
sample_04265,github_pat,T4.3,char_format,1,python,0,0,0,0,0
sample_04266,github_pat,T4.3,char_format,1,python,0,0,0,0,0
sample_04267,github_pat,T4.3,char_format,1,python,0,0,0,0,0
sample_04268,github_pat,T4.3,char_format,1,python,0,0,0,0,0
sample_04269,github_pat,T4.3,char_format,1,python,0,0,0,0,0
sample_04270,github_pat,T4.3,char_format,1,python,0,0,0,0,0
sample_04271,github_pat,T4.3,char_format,1,python,0,0,0,0,0
sample_04272,github_pat,T4.3,char_format,1,python,0,0,0,0,0
sample_04273,github_pat,T4.3,char_format,1,python,0,0,0,0,0
sample_04274,github_pat,T4.3,char_format,1,python,0,0,0,0,0
sample_04275,github_pat,T4.3,char_format,1,python,0,0,0,0,0
sample_04276,github_pat,T4.3,char_format,1,python,0,0,0,0,0
sample_04277,github_pat,T4.3,char_format,1,python,0,0,0,0,0
sample_04278,github_pat,T4.3,char_format,1,python,0,0,0,0,0
sample_04279,github_pat,T4.3,char_format,1,python,0,0,0,0,0
sample_04280,github_pat,T4.3,char_format,1,python,0,0,0,0,0
sample_04281,github_pat,T4.3,char_format,1,python,0,0,0,0,0
sample_04282,github_pat,T4.3,char_format,1,python,0,0,0,0,0
sample_04283,github_pat,T4.3,char_format,1,python,0,0,0,0,0
sample_04284,github_pat,T4.3,char_format,1,python,0,0,0,0,0
sample_04285,github_pat,T4.3,char_format,1,python,0,0,0,0,0
sample_04286,github_pat,T4.3,char_format,1,python,0,0,0,0,0
sample_04287,github_pat,T4.3,char_format,1,python,0,0,0,0,0
sample_04288,github_pat,T4.3,char_format,1,python,0,0,0,0,0
sample_04289,github_pat,T4.3,char_format,1,python,0,0,0,0,0
sample_04290,github_pat,T4.3,char_format,1,python,0,0,0,0,0
sample_04291,github_pat,T4.5,char_format,1,python,0,0,0,0,0
sample_04292,github_pat,T4.5,char_format,1,python,0,0,0,0,0
sample_04293,github_pat,T4.5,char_format,1,python,0,0,0,0,0
sample_04294,github_pat,T4.5,char_format,1,python,0,0,0,0,0
sample_04295,github_pat,T4.5,char_format,1,python,0,0,0,0,0
sample_04296,github_pat,T4.5,char_format,1,python,0,0,0,0,0
sample_04297,github_pat,T4.5,char_format,1,python,0,0,0,0,0
sample_04298,github_pat,T4.5,char_format,1,python,0,0,0,0,0
sample_04299,github_pat,T4.5,char_format,1,python,0,0,0,0,0
sample_04300,github_pat,T4.5,char_format,1,python,0,0,0,0,0
sample_04301,github_pat,T4.5,char_format,1,python,0,0,0,0,0
sample_04302,github_pat,T4.5,char_format,1,python,0,0,0,0,0
sample_04303,github_pat,T4.5,char_format,1,python,0,0,0,0,0
sample_04304,github_pat,T4.5,char_format,1,python,0,0,0,0,0
sample_04305,github_pat,T4.5,char_format,1,python,0,0,0,0,0
sample_04306,github_pat,T4.5,char_format,1,python,0,0,0,0,0
sample_04307,github_pat,T4.5,char_format,1,python,0,0,0,0,0
sample_04308,github_pat,T4.5,char_format,1,python,0,0,0,0,0
sample_04309,github_pat,T4.5,char_format,1,python,0,0,0,0,0
sample_04310,github_pat,T4.5,char_format,1,python,0,0,0,0,0
sample_04311,github_pat,T4.5,char_format,1,python,0,0,0,0,0
sample_04312,github_pat,T4.5,char_format,1,python,0,0,0,0,0
sample_04313,github_pat,T4.5,char_format,1,python,0,0,0,0,0
sample_04314,github_pat,T4.5,char_format,1,python,0,0,0,0,0
sample_04315,github_pat,T4.5,char_format,1,python,0,0,0,0,0
sample_04316,github_pat,T4.5,char_format,1,python,0,0,0,0,0
sample_04317,github_pat,T4.5,char_format,1,python,0,0,0,0,0
sample_04318,github_pat,T4.5,char_format,1,python,0,0,0,0,0
sample_04319,github_pat,T4.5,char_format,1,python,0,0,0,0,0
sample_04320,github_pat,T4.5,char_format,1,python,0,0,0,0,0
sample_04321,github_pat,T4.5,char_format,1,dotenv,0,0,0,0,0
sample_04322,github_pat,T4.5,char_format,1,dotenv,0,0,0,0,0
sample_04323,github_pat,T4.5,char_format,1,dotenv,0,0,0,0,0
sample_04324,github_pat,T4.5,char_format,1,dotenv,0,0,0,0,0
sample_04325,github_pat,T4.5,char_format,1,dotenv,0,0,0,0,0
sample_04326,github_pat,T4.5,char_format,1,dotenv,0,0,0,0,0
sample_04327,github_pat,T4.5,char_format,1,dotenv,0,0,0,0,0
sample_04328,github_pat,T4.5,char_format,1,dotenv,0,0,0,0,0
sample_04329,github_pat,T4.5,char_format,1,dotenv,0,0,0,0,0
sample_04330,github_pat,T4.5,char_format,1,dotenv,0,0,0,0,0
sample_04331,github_pat,T4.5,char_format,1,dotenv,0,0,0,0,0
sample_04332,github_pat,T4.5,char_format,1,dotenv,0,0,0,0,0
sample_04333,github_pat,T4.5,char_format,1,dotenv,0,0,0,0,0
sample_04334,github_pat,T4.5,char_format,1,dotenv,0,0,0,0,0
sample_04335,github_pat,T4.5,char_format,1,dotenv,0,0,0,0,0
sample_04336,github_pat,T4.5,char_format,1,dotenv,0,0,0,0,0
sample_04337,github_pat,T4.5,char_format,1,dotenv,0,0,0,0,0
sample_04338,github_pat,T4.5,char_format,1,dotenv,0,0,0,0,0
sample_04339,github_pat,T4.5,char_format,1,dotenv,0,0,0,0,0
sample_04340,github_pat,T4.5,char_format,1,dotenv,0,0,0,0,0
sample_04341,github_pat,T4.5,char_format,1,dotenv,0,0,0,0,0
sample_04342,github_pat,T4.5,char_format,1,dotenv,0,0,0,0,0
sample_04343,github_pat,T4.5,char_format,1,dotenv,0,0,0,0,0
sample_04344,github_pat,T4.5,char_format,1,dotenv,0,0,0,0,0
sample_04345,github_pat,T4.5,char_format,1,dotenv,0,0,0,0,0
sample_04346,github_pat,T4.5,char_format,1,dotenv,0,0,0,0,0
sample_04347,github_pat,T4.5,char_format,1,dotenv,0,0,0,0,0
sample_04348,github_pat,T4.5,char_format,1,dotenv,0,0,0,0,0
sample_04349,github_pat,T4.5,char_format,1,dotenv,0,0,0,0,0
sample_04350,github_pat,T4.5,char_format,1,dotenv,0,0,0,0,0
sample_04351,github_pat,T4.5,char_format,1,yaml,0,0,0,0,0
sample_04352,github_pat,T4.5,char_format,1,yaml,0,0,0,0,0
sample_04353,github_pat,T4.5,char_format,1,yaml,0,0,0,0,0
sample_04354,github_pat,T4.5,char_format,1,yaml,0,0,0,0,0
sample_04355,github_pat,T4.5,char_format,1,yaml,0,0,0,0,0
sample_04356,github_pat,T4.5,char_format,1,yaml,0,0,0,0,0
sample_04357,github_pat,T4.5,char_format,1,yaml,0,0,0,0,0
sample_04358,github_pat,T4.5,char_format,1,yaml,0,0,0,0,0
sample_04359,github_pat,T4.5,char_format,1,yaml,0,0,0,0,0
sample_04360,github_pat,T4.5,char_format,1,yaml,0,0,0,0,0
sample_04361,github_pat,T4.5,char_format,1,yaml,0,0,0,0,0
sample_04362,github_pat,T4.5,char_format,1,yaml,0,0,0,0,0
sample_04363,github_pat,T4.5,char_format,1,yaml,0,0,0,0,0
sample_04364,github_pat,T4.5,char_format,1,yaml,0,0,0,0,0
sample_04365,github_pat,T4.5,char_format,1,yaml,0,0,0,0,0
sample_04366,github_pat,T4.5,char_format,1,yaml,0,0,0,0,0
sample_04367,github_pat,T4.5,char_format,1,yaml,0,0,0,0,0
sample_04368,github_pat,T4.5,char_format,1,yaml,0,0,0,0,0
sample_04369,github_pat,T4.5,char_format,1,yaml,0,0,0,0,0
sample_04370,github_pat,T4.5,char_format,1,yaml,0,0,0,0,0
sample_04371,github_pat,T4.5,char_format,1,yaml,0,0,0,0,0
sample_04372,github_pat,T4.5,char_format,1,yaml,0,0,0,0,0
sample_04373,github_pat,T4.5,char_format,1,yaml,0,0,0,0,0
sample_04374,github_pat,T4.5,char_format,1,yaml,0,0,0,0,0
sample_04375,github_pat,T4.5,char_format,1,yaml,0,0,0,0,0
sample_04376,github_pat,T4.5,char_format,1,yaml,0,0,0,0,0
sample_04377,github_pat,T4.5,char_format,1,yaml,0,0,0,0,0
sample_04378,github_pat,T4.5,char_format,1,yaml,0,0,0,0,0
sample_04379,github_pat,T4.5,char_format,1,yaml,0,0,0,0,0
sample_04380,github_pat,T4.5,char_format,1,yaml,0,0,0,0,0
sample_04381,github_pat,T5.1,indirection,1,python,0,0,0,0,0
sample_04382,github_pat,T5.1,indirection,1,python,0,0,0,0,0
sample_04383,github_pat,T5.1,indirection,1,python,0,0,0,0,0
sample_04384,github_pat,T5.1,indirection,1,python,0,0,0,0,0
sample_04385,github_pat,T5.1,indirection,1,python,0,0,0,0,0
sample_04386,github_pat,T5.1,indirection,1,python,0,0,0,0,0
sample_04387,github_pat,T5.1,indirection,1,python,0,0,0,0,0
sample_04388,github_pat,T5.1,indirection,1,python,0,0,0,0,0
sample_04389,github_pat,T5.1,indirection,1,python,0,0,0,0,0
sample_04390,github_pat,T5.1,indirection,1,python,0,0,0,0,0
sample_04391,github_pat,T5.1,indirection,1,python,0,0,0,0,0
sample_04392,github_pat,T5.1,indirection,1,python,0,0,0,0,0
sample_04393,github_pat,T5.1,indirection,1,python,0,0,0,0,0
sample_04394,github_pat,T5.1,indirection,1,python,0,0,0,0,0
sample_04395,github_pat,T5.1,indirection,1,python,0,0,0,0,0
sample_04396,github_pat,T5.1,indirection,1,python,0,0,0,0,0
sample_04397,github_pat,T5.1,indirection,1,python,0,0,0,0,0
sample_04398,github_pat,T5.1,indirection,1,python,0,0,0,0,0
sample_04399,github_pat,T5.1,indirection,1,python,0,0,0,0,0
sample_04400,github_pat,T5.1,indirection,1,python,0,0,0,0,0
sample_04401,github_pat,T5.1,indirection,1,python,0,0,0,0,0
sample_04402,github_pat,T5.1,indirection,1,python,0,0,0,0,0
sample_04403,github_pat,T5.1,indirection,1,python,0,0,0,0,0
sample_04404,github_pat,T5.1,indirection,1,python,0,0,0,0,0
sample_04405,github_pat,T5.1,indirection,1,python,0,0,0,0,0
sample_04406,github_pat,T5.1,indirection,1,python,0,0,0,0,0
sample_04407,github_pat,T5.1,indirection,1,python,0,0,0,0,0
sample_04408,github_pat,T5.1,indirection,1,python,0,0,0,0,0
sample_04409,github_pat,T5.1,indirection,1,python,0,0,0,0,0
sample_04410,github_pat,T5.1,indirection,1,python,0,0,0,0,0
sample_04411,github_pat,T5.2,indirection,1,python,0,0,0,0,0
sample_04412,github_pat,T5.2,indirection,1,python,0,0,0,0,0
sample_04413,github_pat,T5.2,indirection,1,python,0,0,0,0,0
sample_04414,github_pat,T5.2,indirection,1,python,0,0,0,0,0
sample_04415,github_pat,T5.2,indirection,1,python,0,0,0,0,0
sample_04416,github_pat,T5.2,indirection,1,python,0,0,0,0,0
sample_04417,github_pat,T5.2,indirection,1,python,0,0,0,0,0
sample_04418,github_pat,T5.2,indirection,1,python,0,0,0,0,0
sample_04419,github_pat,T5.2,indirection,1,python,0,0,0,0,0
sample_04420,github_pat,T5.2,indirection,1,python,0,0,0,0,0
sample_04421,github_pat,T5.2,indirection,1,python,0,0,0,0,0
sample_04422,github_pat,T5.2,indirection,1,python,0,0,0,0,0
sample_04423,github_pat,T5.2,indirection,1,python,0,0,0,0,0
sample_04424,github_pat,T5.2,indirection,1,python,0,0,0,0,0
sample_04425,github_pat,T5.2,indirection,1,python,0,0,0,0,0
sample_04426,github_pat,T5.2,indirection,1,python,0,0,0,0,0
sample_04427,github_pat,T5.2,indirection,1,python,0,0,0,0,0
sample_04428,github_pat,T5.2,indirection,1,python,0,0,0,0,0
sample_04429,github_pat,T5.2,indirection,1,python,0,0,0,0,0
sample_04430,github_pat,T5.2,indirection,1,python,0,0,0,0,0
sample_04431,github_pat,T5.2,indirection,1,python,0,0,0,0,0
sample_04432,github_pat,T5.2,indirection,1,python,0,0,0,0,0
sample_04433,github_pat,T5.2,indirection,1,python,0,0,0,0,0
sample_04434,github_pat,T5.2,indirection,1,python,0,0,0,0,0
sample_04435,github_pat,T5.2,indirection,1,python,0,0,0,0,0
sample_04436,github_pat,T5.2,indirection,1,python,0,0,0,0,0
sample_04437,github_pat,T5.2,indirection,1,python,0,0,0,0,0
sample_04438,github_pat,T5.2,indirection,1,python,0,0,0,0,0
sample_04439,github_pat,T5.2,indirection,1,python,0,0,0,0,0
sample_04440,github_pat,T5.2,indirection,1,python,0,0,0,0,0
sample_04441,github_pat,T6.1,contextual,1,python,1,1,1,1,1
sample_04442,github_pat,T6.1,contextual,1,python,1,1,1,1,1
sample_04443,github_pat,T6.1,contextual,1,python,1,1,1,1,1
sample_04444,github_pat,T6.1,contextual,1,python,1,1,1,1,1
sample_04445,github_pat,T6.1,contextual,1,python,1,1,1,1,1
sample_04446,github_pat,T6.1,contextual,1,python,1,1,1,1,1
sample_04447,github_pat,T6.1,contextual,1,python,1,1,1,1,1
sample_04448,github_pat,T6.1,contextual,1,python,1,1,1,1,1
sample_04449,github_pat,T6.1,contextual,1,python,1,1,1,1,1
sample_04450,github_pat,T6.1,contextual,1,python,1,1,1,1,1
sample_04451,github_pat,T6.1,contextual,1,python,1,1,1,1,1
sample_04452,github_pat,T6.1,contextual,1,python,1,1,1,1,1
sample_04453,github_pat,T6.1,contextual,1,python,1,1,1,1,1
sample_04454,github_pat,T6.1,contextual,1,python,1,1,1,1,1
sample_04455,github_pat,T6.1,contextual,1,python,1,1,1,1,1
sample_04456,github_pat,T6.1,contextual,1,python,1,1,1,1,1
sample_04457,github_pat,T6.1,contextual,1,python,1,1,1,1,1
sample_04458,github_pat,T6.1,contextual,1,python,1,1,1,1,1
sample_04459,github_pat,T6.1,contextual,1,python,1,1,1,1,1
sample_04460,github_pat,T6.1,contextual,1,python,1,1,1,1,1
sample_04461,github_pat,T6.1,contextual,1,python,1,1,1,1,1
sample_04462,github_pat,T6.1,contextual,1,python,1,1,1,1,1
sample_04463,github_pat,T6.1,contextual,1,python,1,1,1,1,1
sample_04464,github_pat,T6.1,contextual,1,python,1,1,1,1,1
sample_04465,github_pat,T6.1,contextual,1,python,1,1,1,1,1
sample_04466,github_pat,T6.1,contextual,1,python,1,1,1,1,1
sample_04467,github_pat,T6.1,contextual,1,python,1,1,1,1,1
sample_04468,github_pat,T6.1,contextual,1,python,1,1,1,1,1
sample_04469,github_pat,T6.1,contextual,1,python,1,1,1,1,1
sample_04470,github_pat,T6.1,contextual,1,python,1,1,1,1,1
sample_04471,github_pat,T6.1,contextual,1,dotenv,1,1,1,1,1
sample_04472,github_pat,T6.1,contextual,1,dotenv,1,1,1,1,1
sample_04473,github_pat,T6.1,contextual,1,dotenv,1,1,1,1,1
sample_04474,github_pat,T6.1,contextual,1,dotenv,1,1,1,1,1
sample_04475,github_pat,T6.1,contextual,1,dotenv,1,1,1,1,1
sample_04476,github_pat,T6.1,contextual,1,dotenv,1,1,1,1,1
sample_04477,github_pat,T6.1,contextual,1,dotenv,1,1,1,1,1
sample_04478,github_pat,T6.1,contextual,1,dotenv,1,1,1,1,1
sample_04479,github_pat,T6.1,contextual,1,dotenv,1,1,1,1,1
sample_04480,github_pat,T6.1,contextual,1,dotenv,1,1,1,1,1
sample_04481,github_pat,T6.1,contextual,1,dotenv,1,1,1,1,1
sample_04482,github_pat,T6.1,contextual,1,dotenv,1,1,1,1,1
sample_04483,github_pat,T6.1,contextual,1,dotenv,1,1,1,1,1
sample_04484,github_pat,T6.1,contextual,1,dotenv,1,1,1,1,1
sample_04485,github_pat,T6.1,contextual,1,dotenv,1,1,1,1,1
sample_04486,github_pat,T6.1,contextual,1,dotenv,1,1,1,1,1
sample_04487,github_pat,T6.1,contextual,1,dotenv,1,1,1,1,1
sample_04488,github_pat,T6.1,contextual,1,dotenv,1,1,1,1,1
sample_04489,github_pat,T6.1,contextual,1,dotenv,1,1,1,1,1
sample_04490,github_pat,T6.1,contextual,1,dotenv,1,1,1,1,1
sample_04491,github_pat,T6.1,contextual,1,dotenv,1,1,1,1,1
sample_04492,github_pat,T6.1,contextual,1,dotenv,1,1,1,1,1
sample_04493,github_pat,T6.1,contextual,1,dotenv,1,1,1,1,1
sample_04494,github_pat,T6.1,contextual,1,dotenv,1,1,1,1,1
sample_04495,github_pat,T6.1,contextual,1,dotenv,1,1,1,1,1
sample_04496,github_pat,T6.1,contextual,1,dotenv,1,1,1,1,1
sample_04497,github_pat,T6.1,contextual,1,dotenv,1,1,1,1,1
sample_04498,github_pat,T6.1,contextual,1,dotenv,1,1,1,1,1
sample_04499,github_pat,T6.1,contextual,1,dotenv,1,1,1,1,1
sample_04500,github_pat,T6.1,contextual,1,dotenv,1,1,1,1,1
sample_04501,github_pat,T6.1,contextual,1,yaml,1,1,1,1,1
sample_04502,github_pat,T6.1,contextual,1,yaml,1,1,1,1,1
sample_04503,github_pat,T6.1,contextual,1,yaml,1,1,1,1,1
sample_04504,github_pat,T6.1,contextual,1,yaml,1,1,1,1,1
sample_04505,github_pat,T6.1,contextual,1,yaml,1,1,1,1,1
sample_04506,github_pat,T6.1,contextual,1,yaml,1,1,1,1,1
sample_04507,github_pat,T6.1,contextual,1,yaml,1,1,1,1,1
sample_04508,github_pat,T6.1,contextual,1,yaml,1,1,1,1,1
sample_04509,github_pat,T6.1,contextual,1,yaml,1,1,1,1,1
sample_04510,github_pat,T6.1,contextual,1,yaml,1,1,1,1,1
sample_04511,github_pat,T6.1,contextual,1,yaml,1,1,1,1,1
sample_04512,github_pat,T6.1,contextual,1,yaml,1,1,1,1,1
sample_04513,github_pat,T6.1,contextual,1,yaml,1,1,1,1,1
sample_04514,github_pat,T6.1,contextual,1,yaml,1,1,1,1,1
sample_04515,github_pat,T6.1,contextual,1,yaml,1,1,1,1,1
sample_04516,github_pat,T6.1,contextual,1,yaml,1,1,1,1,1
sample_04517,github_pat,T6.1,contextual,1,yaml,1,1,1,1,1
sample_04518,github_pat,T6.1,contextual,1,yaml,1,1,1,1,1
sample_04519,github_pat,T6.1,contextual,1,yaml,1,1,1,1,1
sample_04520,github_pat,T6.1,contextual,1,yaml,1,1,1,1,1
sample_04521,github_pat,T6.1,contextual,1,yaml,1,1,1,1,1
sample_04522,github_pat,T6.1,contextual,1,yaml,1,1,1,1,1
sample_04523,github_pat,T6.1,contextual,1,yaml,1,1,1,1,1
sample_04524,github_pat,T6.1,contextual,1,yaml,1,1,1,1,1
sample_04525,github_pat,T6.1,contextual,1,yaml,1,1,1,1,1
sample_04526,github_pat,T6.1,contextual,1,yaml,1,1,1,1,1
sample_04527,github_pat,T6.1,contextual,1,yaml,1,1,1,1,1
sample_04528,github_pat,T6.1,contextual,1,yaml,1,1,1,1,1
sample_04529,github_pat,T6.1,contextual,1,yaml,1,1,1,1,1
sample_04530,github_pat,T6.1,contextual,1,yaml,1,1,1,1,1
sample_04531,github_pat,T6.4,contextual,1,python,1,1,1,1,1
sample_04532,github_pat,T6.4,contextual,1,python,1,1,1,1,1
sample_04533,github_pat,T6.4,contextual,1,python,1,1,1,1,1
sample_04534,github_pat,T6.4,contextual,1,python,1,1,1,1,1
sample_04535,github_pat,T6.4,contextual,1,python,1,1,1,1,1
sample_04536,github_pat,T6.4,contextual,1,python,1,1,1,1,1
sample_04537,github_pat,T6.4,contextual,1,python,1,1,1,1,1
sample_04538,github_pat,T6.4,contextual,1,python,1,1,1,1,1
sample_04539,github_pat,T6.4,contextual,1,python,1,1,1,1,1
sample_04540,github_pat,T6.4,contextual,1,python,1,1,1,1,1
sample_04541,github_pat,T6.4,contextual,1,python,1,1,1,1,1
sample_04542,github_pat,T6.4,contextual,1,python,1,1,1,1,1
sample_04543,github_pat,T6.4,contextual,1,python,1,1,1,1,1
sample_04544,github_pat,T6.4,contextual,1,python,1,1,1,1,1
sample_04545,github_pat,T6.4,contextual,1,python,1,1,1,1,1
sample_04546,github_pat,T6.4,contextual,1,python,1,1,1,1,1
sample_04547,github_pat,T6.4,contextual,1,python,1,1,1,1,1
sample_04548,github_pat,T6.4,contextual,1,python,1,1,1,1,1
sample_04549,github_pat,T6.4,contextual,1,python,1,1,1,1,1
sample_04550,github_pat,T6.4,contextual,1,python,1,1,1,1,1
sample_04551,github_pat,T6.4,contextual,1,python,1,1,1,1,1
sample_04552,github_pat,T6.4,contextual,1,python,1,1,1,1,1
sample_04553,github_pat,T6.4,contextual,1,python,1,1,1,1,1
sample_04554,github_pat,T6.4,contextual,1,python,1,1,1,1,1
sample_04555,github_pat,T6.4,contextual,1,python,1,1,1,1,1
sample_04556,github_pat,T6.4,contextual,1,python,1,1,1,1,1
sample_04557,github_pat,T6.4,contextual,1,python,1,1,1,1,1
sample_04558,github_pat,T6.4,contextual,1,python,1,1,1,1,1
sample_04559,github_pat,T6.4,contextual,1,python,1,1,1,1,1
sample_04560,github_pat,T6.4,contextual,1,python,1,1,1,1,1
sample_04561,github_pat,T6.4,contextual,1,dotenv,1,1,1,1,1
sample_04562,github_pat,T6.4,contextual,1,dotenv,1,1,1,1,1
sample_04563,github_pat,T6.4,contextual,1,dotenv,1,1,1,1,1
sample_04564,github_pat,T6.4,contextual,1,dotenv,1,1,1,1,1
sample_04565,github_pat,T6.4,contextual,1,dotenv,1,1,1,1,1
sample_04566,github_pat,T6.4,contextual,1,dotenv,1,1,1,1,1
sample_04567,github_pat,T6.4,contextual,1,dotenv,1,1,1,1,1
sample_04568,github_pat,T6.4,contextual,1,dotenv,1,1,1,1,1
sample_04569,github_pat,T6.4,contextual,1,dotenv,1,1,1,1,1
sample_04570,github_pat,T6.4,contextual,1,dotenv,1,1,1,1,1
sample_04571,github_pat,T6.4,contextual,1,dotenv,1,1,1,1,1
sample_04572,github_pat,T6.4,contextual,1,dotenv,1,1,1,1,1
sample_04573,github_pat,T6.4,contextual,1,dotenv,1,1,1,1,1
sample_04574,github_pat,T6.4,contextual,1,dotenv,1,1,1,1,1
sample_04575,github_pat,T6.4,contextual,1,dotenv,1,1,1,1,1
sample_04576,github_pat,T6.4,contextual,1,dotenv,1,1,1,1,1
sample_04577,github_pat,T6.4,contextual,1,dotenv,1,1,1,1,1
sample_04578,github_pat,T6.4,contextual,1,dotenv,1,1,1,1,1
sample_04579,github_pat,T6.4,contextual,1,dotenv,1,1,1,1,1
sample_04580,github_pat,T6.4,contextual,1,dotenv,1,1,1,1,1
sample_04581,github_pat,T6.4,contextual,1,dotenv,1,1,1,1,1
sample_04582,github_pat,T6.4,contextual,1,dotenv,1,1,1,1,1
sample_04583,github_pat,T6.4,contextual,1,dotenv,1,1,1,1,1
sample_04584,github_pat,T6.4,contextual,1,dotenv,1,1,1,1,1
sample_04585,github_pat,T6.4,contextual,1,dotenv,1,1,1,1,1
sample_04586,github_pat,T6.4,contextual,1,dotenv,1,1,1,1,1
sample_04587,github_pat,T6.4,contextual,1,dotenv,1,1,1,1,1
sample_04588,github_pat,T6.4,contextual,1,dotenv,1,1,1,1,1
sample_04589,github_pat,T6.4,contextual,1,dotenv,1,1,1,1,1
sample_04590,github_pat,T6.4,contextual,1,dotenv,1,1,1,1,1
sample_04591,github_pat,T6.4,contextual,1,yaml,1,1,1,1,1
sample_04592,github_pat,T6.4,contextual,1,yaml,1,1,1,1,1
sample_04593,github_pat,T6.4,contextual,1,yaml,1,1,1,1,1
sample_04594,github_pat,T6.4,contextual,1,yaml,1,1,1,1,1
sample_04595,github_pat,T6.4,contextual,1,yaml,1,1,1,1,1
sample_04596,github_pat,T6.4,contextual,1,yaml,1,1,1,1,1
sample_04597,github_pat,T6.4,contextual,1,yaml,1,1,1,1,1
sample_04598,github_pat,T6.4,contextual,1,yaml,1,1,1,1,1
sample_04599,github_pat,T6.4,contextual,1,yaml,1,1,1,1,1
sample_04600,github_pat,T6.4,contextual,1,yaml,1,1,1,1,1
sample_04601,github_pat,T6.4,contextual,1,yaml,1,1,1,1,1
sample_04602,github_pat,T6.4,contextual,1,yaml,1,1,1,1,1
sample_04603,github_pat,T6.4,contextual,1,yaml,1,1,1,1,1
sample_04604,github_pat,T6.4,contextual,1,yaml,1,1,1,1,1
sample_04605,github_pat,T6.4,contextual,1,yaml,1,1,1,1,1
sample_04606,github_pat,T6.4,contextual,1,yaml,1,1,1,1,1
sample_04607,github_pat,T6.4,contextual,1,yaml,1,1,1,1,0
sample_04608,github_pat,T6.4,contextual,1,yaml,1,1,1,1,1
sample_04609,github_pat,T6.4,contextual,1,yaml,1,1,1,1,1
sample_04610,github_pat,T6.4,contextual,1,yaml,1,1,1,1,1
sample_04611,github_pat,T6.4,contextual,1,yaml,1,1,1,1,1
sample_04612,github_pat,T6.4,contextual,1,yaml,1,1,1,1,1
sample_04613,github_pat,T6.4,contextual,1,yaml,1,1,1,1,1
sample_04614,github_pat,T6.4,contextual,1,yaml,1,1,1,1,1
sample_04615,github_pat,T6.4,contextual,1,yaml,1,1,1,1,1
sample_04616,github_pat,T6.4,contextual,1,yaml,1,1,1,1,1
sample_04617,github_pat,T6.4,contextual,1,yaml,1,1,1,1,1
sample_04618,github_pat,T6.4,contextual,1,yaml,1,1,1,1,1
sample_04619,github_pat,T6.4,contextual,1,yaml,1,1,1,1,1
sample_04620,github_pat,T6.4,contextual,1,yaml,1,1,1,1,1
sample_04621,github_pat,T7.1,composition,2,python,0,0,0,0,0
sample_04622,github_pat,T7.1,composition,2,python,0,0,0,0,0
sample_04623,github_pat,T7.1,composition,2,python,0,0,0,0,0
sample_04624,github_pat,T7.1,composition,2,python,0,0,0,0,0
sample_04625,github_pat,T7.1,composition,2,python,0,0,0,0,0
sample_04626,github_pat,T7.1,composition,2,python,0,0,0,0,0
sample_04627,github_pat,T7.1,composition,2,python,0,0,0,0,0
sample_04628,github_pat,T7.1,composition,2,python,0,0,0,0,0
sample_04629,github_pat,T7.1,composition,2,python,0,0,0,0,0
sample_04630,github_pat,T7.1,composition,2,python,0,0,0,0,0
sample_04631,github_pat,T7.1,composition,2,python,0,0,0,0,0
sample_04632,github_pat,T7.1,composition,2,python,0,0,0,0,0
sample_04633,github_pat,T7.1,composition,2,python,0,0,0,0,0
sample_04634,github_pat,T7.1,composition,2,python,0,0,0,0,0
sample_04635,github_pat,T7.1,composition,2,python,0,0,0,0,0
sample_04636,github_pat,T7.1,composition,2,python,0,0,0,0,0
sample_04637,github_pat,T7.1,composition,2,python,0,0,0,0,0
sample_04638,github_pat,T7.1,composition,2,python,0,0,0,0,0
sample_04639,github_pat,T7.1,composition,2,python,0,0,0,0,0
sample_04640,github_pat,T7.1,composition,2,python,0,0,0,0,0
sample_04641,github_pat,T7.1,composition,2,python,0,0,0,0,0
sample_04642,github_pat,T7.1,composition,2,python,0,0,0,0,0
sample_04643,github_pat,T7.1,composition,2,python,0,0,0,0,0
sample_04644,github_pat,T7.1,composition,2,python,0,0,0,0,0
sample_04645,github_pat,T7.1,composition,2,python,0,0,0,0,0
sample_04646,github_pat,T7.1,composition,2,python,0,0,0,0,0
sample_04647,github_pat,T7.1,composition,2,python,0,0,0,0,0
sample_04648,github_pat,T7.1,composition,2,python,0,0,0,0,0
sample_04649,github_pat,T7.1,composition,2,python,0,0,0,0,0
sample_04650,github_pat,T7.1,composition,2,python,0,0,0,0,0
sample_04651,github_pat,T7.2,composition,2,python,0,0,0,0,0
sample_04652,github_pat,T7.2,composition,2,python,0,0,0,0,0
sample_04653,github_pat,T7.2,composition,2,python,0,0,0,0,0
sample_04654,github_pat,T7.2,composition,2,python,0,0,0,0,0
sample_04655,github_pat,T7.2,composition,2,python,0,0,0,0,0
sample_04656,github_pat,T7.2,composition,2,python,0,0,0,0,0
sample_04657,github_pat,T7.2,composition,2,python,0,0,0,0,0
sample_04658,github_pat,T7.2,composition,2,python,0,0,0,0,0
sample_04659,github_pat,T7.2,composition,2,python,0,0,0,0,0
sample_04660,github_pat,T7.2,composition,2,python,0,0,0,0,0
sample_04661,github_pat,T7.2,composition,2,python,0,0,0,0,0
sample_04662,github_pat,T7.2,composition,2,python,0,0,0,0,0
sample_04663,github_pat,T7.2,composition,2,python,0,0,0,0,0
sample_04664,github_pat,T7.2,composition,2,python,0,0,0,0,0
sample_04665,github_pat,T7.2,composition,2,python,0,0,0,0,0
sample_04666,github_pat,T7.2,composition,2,python,0,0,0,0,0
sample_04667,github_pat,T7.2,composition,2,python,0,0,0,0,0
sample_04668,github_pat,T7.2,composition,2,python,0,0,0,0,0
sample_04669,github_pat,T7.2,composition,2,python,0,0,0,0,0
sample_04670,github_pat,T7.2,composition,2,python,0,0,0,0,0
sample_04671,github_pat,T7.2,composition,2,python,0,0,0,0,0
sample_04672,github_pat,T7.2,composition,2,python,0,0,0,0,0
sample_04673,github_pat,T7.2,composition,2,python,0,0,0,0,0
sample_04674,github_pat,T7.2,composition,2,python,0,0,0,0,0
sample_04675,github_pat,T7.2,composition,2,python,0,0,0,0,0
sample_04676,github_pat,T7.2,composition,2,python,0,0,0,0,0
sample_04677,github_pat,T7.2,composition,2,python,0,0,0,0,0
sample_04678,github_pat,T7.2,composition,2,python,0,0,0,0,0
sample_04679,github_pat,T7.2,composition,2,python,0,0,0,0,0
sample_04680,github_pat,T7.2,composition,2,python,0,0,0,0,0
sample_04681,stripe_secret_key,T0.0,control,1,python,1,1,1,1,1
sample_04682,stripe_secret_key,T0.0,control,1,python,1,1,1,1,1
sample_04683,stripe_secret_key,T0.0,control,1,python,1,1,1,1,1
sample_04684,stripe_secret_key,T0.0,control,1,python,1,1,1,1,1
sample_04685,stripe_secret_key,T0.0,control,1,python,1,1,1,1,1
sample_04686,stripe_secret_key,T0.0,control,1,python,1,1,1,1,1
sample_04687,stripe_secret_key,T0.0,control,1,python,1,1,1,1,1
sample_04688,stripe_secret_key,T0.0,control,1,python,1,1,1,1,1
sample_04689,stripe_secret_key,T0.0,control,1,python,1,1,1,1,1
sample_04690,stripe_secret_key,T0.0,control,1,python,1,1,1,1,1
sample_04691,stripe_secret_key,T0.0,control,1,python,1,1,1,1,1
sample_04692,stripe_secret_key,T0.0,control,1,python,1,1,1,1,1
sample_04693,stripe_secret_key,T0.0,control,1,python,1,1,1,1,1
sample_04694,stripe_secret_key,T0.0,control,1,python,1,1,1,1,1
sample_04695,stripe_secret_key,T0.0,control,1,python,1,1,1,1,1
sample_04696,stripe_secret_key,T0.0,control,1,python,1,1,1,1,1
sample_04697,stripe_secret_key,T0.0,control,1,python,1,1,1,1,1
sample_04698,stripe_secret_key,T0.0,control,1,python,1,1,1,1,1
sample_04699,stripe_secret_key,T0.0,control,1,python,1,1,1,1,1
sample_04700,stripe_secret_key,T0.0,control,1,python,1,1,1,1,1
sample_04701,stripe_secret_key,T0.0,control,1,python,1,1,1,1,1
sample_04702,stripe_secret_key,T0.0,control,1,python,1,1,1,1,1
sample_04703,stripe_secret_key,T0.0,control,1,python,1,1,1,1,1
sample_04704,stripe_secret_key,T0.0,control,1,python,1,1,1,1,1
sample_04705,stripe_secret_key,T0.0,control,1,python,1,1,1,1,1
sample_04706,stripe_secret_key,T0.0,control,1,python,1,1,1,1,1
sample_04707,stripe_secret_key,T0.0,control,1,python,1,1,1,1,1
sample_04708,stripe_secret_key,T0.0,control,1,python,1,1,1,1,1
sample_04709,stripe_secret_key,T0.0,control,1,python,1,1,1,1,1
sample_04710,stripe_secret_key,T0.0,control,1,python,1,1,1,1,1
sample_04711,stripe_secret_key,T0.0,control,1,dotenv,1,1,1,1,1
sample_04712,stripe_secret_key,T0.0,control,1,dotenv,1,1,1,1,1
sample_04713,stripe_secret_key,T0.0,control,1,dotenv,1,1,1,1,1
sample_04714,stripe_secret_key,T0.0,control,1,dotenv,1,1,1,1,1
sample_04715,stripe_secret_key,T0.0,control,1,dotenv,1,1,1,1,1
sample_04716,stripe_secret_key,T0.0,control,1,dotenv,1,1,1,1,1
sample_04717,stripe_secret_key,T0.0,control,1,dotenv,1,1,1,1,1
sample_04718,stripe_secret_key,T0.0,control,1,dotenv,1,1,1,1,1
sample_04719,stripe_secret_key,T0.0,control,1,dotenv,1,1,1,1,1
sample_04720,stripe_secret_key,T0.0,control,1,dotenv,1,1,1,1,1
sample_04721,stripe_secret_key,T0.0,control,1,dotenv,1,1,1,1,1
sample_04722,stripe_secret_key,T0.0,control,1,dotenv,1,1,1,1,1
sample_04723,stripe_secret_key,T0.0,control,1,dotenv,1,1,1,1,1
sample_04724,stripe_secret_key,T0.0,control,1,dotenv,1,1,1,1,1
sample_04725,stripe_secret_key,T0.0,control,1,dotenv,1,1,1,1,1
sample_04726,stripe_secret_key,T0.0,control,1,dotenv,1,1,1,1,1
sample_04727,stripe_secret_key,T0.0,control,1,dotenv,1,1,1,1,1
sample_04728,stripe_secret_key,T0.0,control,1,dotenv,1,1,1,1,1
sample_04729,stripe_secret_key,T0.0,control,1,dotenv,1,1,1,1,1
sample_04730,stripe_secret_key,T0.0,control,1,dotenv,1,1,1,1,1
sample_04731,stripe_secret_key,T0.0,control,1,dotenv,1,1,1,1,1
sample_04732,stripe_secret_key,T0.0,control,1,dotenv,1,1,1,1,1
sample_04733,stripe_secret_key,T0.0,control,1,dotenv,1,1,1,1,1
sample_04734,stripe_secret_key,T0.0,control,1,dotenv,1,1,1,1,1
sample_04735,stripe_secret_key,T0.0,control,1,dotenv,1,1,1,1,1
sample_04736,stripe_secret_key,T0.0,control,1,dotenv,1,1,1,1,1
sample_04737,stripe_secret_key,T0.0,control,1,dotenv,1,1,1,1,1
sample_04738,stripe_secret_key,T0.0,control,1,dotenv,1,1,1,1,1
sample_04739,stripe_secret_key,T0.0,control,1,dotenv,1,1,1,1,1
sample_04740,stripe_secret_key,T0.0,control,1,dotenv,1,1,1,1,1
sample_04741,stripe_secret_key,T0.0,control,1,yaml,1,1,1,1,1
sample_04742,stripe_secret_key,T0.0,control,1,yaml,1,1,1,1,1
sample_04743,stripe_secret_key,T0.0,control,1,yaml,1,1,1,1,1
sample_04744,stripe_secret_key,T0.0,control,1,yaml,1,1,1,1,1
sample_04745,stripe_secret_key,T0.0,control,1,yaml,1,1,1,1,1
sample_04746,stripe_secret_key,T0.0,control,1,yaml,1,1,1,1,1
sample_04747,stripe_secret_key,T0.0,control,1,yaml,1,1,1,1,1
sample_04748,stripe_secret_key,T0.0,control,1,yaml,1,1,1,1,1
sample_04749,stripe_secret_key,T0.0,control,1,yaml,1,1,1,1,1
sample_04750,stripe_secret_key,T0.0,control,1,yaml,1,1,1,1,1
sample_04751,stripe_secret_key,T0.0,control,1,yaml,1,1,1,1,1
sample_04752,stripe_secret_key,T0.0,control,1,yaml,1,1,1,1,1
sample_04753,stripe_secret_key,T0.0,control,1,yaml,1,1,1,1,1
sample_04754,stripe_secret_key,T0.0,control,1,yaml,1,1,1,1,1
sample_04755,stripe_secret_key,T0.0,control,1,yaml,1,1,1,1,1
sample_04756,stripe_secret_key,T0.0,control,1,yaml,1,1,1,1,1
sample_04757,stripe_secret_key,T0.0,control,1,yaml,1,1,1,1,1
sample_04758,stripe_secret_key,T0.0,control,1,yaml,1,1,1,1,1
sample_04759,stripe_secret_key,T0.0,control,1,yaml,1,1,1,1,1
sample_04760,stripe_secret_key,T0.0,control,1,yaml,1,1,1,1,1
sample_04761,stripe_secret_key,T0.0,control,1,yaml,1,1,1,1,1
sample_04762,stripe_secret_key,T0.0,control,1,yaml,1,1,1,1,1
sample_04763,stripe_secret_key,T0.0,control,1,yaml,1,1,1,1,1
sample_04764,stripe_secret_key,T0.0,control,1,yaml,1,1,1,1,1
sample_04765,stripe_secret_key,T0.0,control,1,yaml,1,1,1,1,1
sample_04766,stripe_secret_key,T0.0,control,1,yaml,1,1,1,1,1
sample_04767,stripe_secret_key,T0.0,control,1,yaml,1,1,1,1,1
sample_04768,stripe_secret_key,T0.0,control,1,yaml,1,1,1,1,1
sample_04769,stripe_secret_key,T0.0,control,1,yaml,1,1,1,1,1
sample_04770,stripe_secret_key,T0.0,control,1,yaml,1,1,1,1,1
sample_04771,stripe_secret_key,T1.1,encoding,1,python,1,1,1,1,1
sample_04772,stripe_secret_key,T1.1,encoding,1,python,1,1,1,1,1
sample_04773,stripe_secret_key,T1.1,encoding,1,python,1,1,1,1,1
sample_04774,stripe_secret_key,T1.1,encoding,1,python,1,1,1,1,1
sample_04775,stripe_secret_key,T1.1,encoding,1,python,1,1,1,1,1
sample_04776,stripe_secret_key,T1.1,encoding,1,python,1,1,1,1,1
sample_04777,stripe_secret_key,T1.1,encoding,1,python,1,1,1,1,1
sample_04778,stripe_secret_key,T1.1,encoding,1,python,1,1,1,1,1
sample_04779,stripe_secret_key,T1.1,encoding,1,python,1,1,1,1,1
sample_04780,stripe_secret_key,T1.1,encoding,1,python,1,1,1,1,1
sample_04781,stripe_secret_key,T1.1,encoding,1,python,1,1,1,1,1
sample_04782,stripe_secret_key,T1.1,encoding,1,python,1,1,1,1,1
sample_04783,stripe_secret_key,T1.1,encoding,1,python,1,1,1,1,1
sample_04784,stripe_secret_key,T1.1,encoding,1,python,1,1,1,1,1
sample_04785,stripe_secret_key,T1.1,encoding,1,python,1,1,1,1,1
sample_04786,stripe_secret_key,T1.1,encoding,1,python,1,1,1,1,1
sample_04787,stripe_secret_key,T1.1,encoding,1,python,1,1,1,1,1
sample_04788,stripe_secret_key,T1.1,encoding,1,python,1,1,1,1,1
sample_04789,stripe_secret_key,T1.1,encoding,1,python,1,1,1,1,1
sample_04790,stripe_secret_key,T1.1,encoding,1,python,1,1,1,1,1
sample_04791,stripe_secret_key,T1.1,encoding,1,python,1,1,1,1,1
sample_04792,stripe_secret_key,T1.1,encoding,1,python,0,1,0,1,1
sample_04793,stripe_secret_key,T1.1,encoding,1,python,1,1,1,1,1
sample_04794,stripe_secret_key,T1.1,encoding,1,python,1,1,1,1,1
sample_04795,stripe_secret_key,T1.1,encoding,1,python,1,1,1,1,1
sample_04796,stripe_secret_key,T1.1,encoding,1,python,1,1,1,1,1
sample_04797,stripe_secret_key,T1.1,encoding,1,python,1,1,1,1,1
sample_04798,stripe_secret_key,T1.1,encoding,1,python,1,1,1,1,1
sample_04799,stripe_secret_key,T1.1,encoding,1,python,1,1,1,1,0
sample_04800,stripe_secret_key,T1.1,encoding,1,python,1,1,1,1,1
sample_04801,stripe_secret_key,T1.1,encoding,1,dotenv,1,1,1,1,1
sample_04802,stripe_secret_key,T1.1,encoding,1,dotenv,1,1,1,1,1
sample_04803,stripe_secret_key,T1.1,encoding,1,dotenv,1,1,1,1,1
sample_04804,stripe_secret_key,T1.1,encoding,1,dotenv,1,1,1,1,1
sample_04805,stripe_secret_key,T1.1,encoding,1,dotenv,1,1,1,1,1
sample_04806,stripe_secret_key,T1.1,encoding,1,dotenv,1,1,1,1,1
sample_04807,stripe_secret_key,T1.1,encoding,1,dotenv,1,1,1,1,1
sample_04808,stripe_secret_key,T1.1,encoding,1,dotenv,1,1,1,1,1
sample_04809,stripe_secret_key,T1.1,encoding,1,dotenv,1,1,1,1,1
sample_04810,stripe_secret_key,T1.1,encoding,1,dotenv,1,1,1,1,1
sample_04811,stripe_secret_key,T1.1,encoding,1,dotenv,1,1,1,1,1
sample_04812,stripe_secret_key,T1.1,encoding,1,dotenv,1,1,1,1,1
sample_04813,stripe_secret_key,T1.1,encoding,1,dotenv,1,1,1,1,1
sample_04814,stripe_secret_key,T1.1,encoding,1,dotenv,1,1,1,1,1
sample_04815,stripe_secret_key,T1.1,encoding,1,dotenv,1,1,1,1,1
sample_04816,stripe_secret_key,T1.1,encoding,1,dotenv,1,1,1,1,1
sample_04817,stripe_secret_key,T1.1,encoding,1,dotenv,1,1,1,1,1
sample_04818,stripe_secret_key,T1.1,encoding,1,dotenv,1,1,1,1,1
sample_04819,stripe_secret_key,T1.1,encoding,1,dotenv,1,1,1,1,1
sample_04820,stripe_secret_key,T1.1,encoding,1,dotenv,1,1,1,1,1
sample_04821,stripe_secret_key,T1.1,encoding,1,dotenv,1,1,1,1,1
sample_04822,stripe_secret_key,T1.1,encoding,1,dotenv,1,1,1,1,1
sample_04823,stripe_secret_key,T1.1,encoding,1,dotenv,1,1,1,1,1
sample_04824,stripe_secret_key,T1.1,encoding,1,dotenv,1,1,1,1,1
sample_04825,stripe_secret_key,T1.1,encoding,1,dotenv,1,1,1,1,1
sample_04826,stripe_secret_key,T1.1,encoding,1,dotenv,1,1,1,1,1
sample_04827,stripe_secret_key,T1.1,encoding,1,dotenv,1,1,1,1,1
sample_04828,stripe_secret_key,T1.1,encoding,1,dotenv,1,1,1,1,1
sample_04829,stripe_secret_key,T1.1,encoding,1,dotenv,1,1,1,1,1
sample_04830,stripe_secret_key,T1.1,encoding,1,dotenv,1,1,1,1,1
sample_04831,stripe_secret_key,T1.1,encoding,1,yaml,1,1,1,1,1
sample_04832,stripe_secret_key,T1.1,encoding,1,yaml,0,1,0,1,1
sample_04833,stripe_secret_key,T1.1,encoding,1,yaml,1,1,1,1,1
sample_04834,stripe_secret_key,T1.1,encoding,1,yaml,1,1,1,1,1
sample_04835,stripe_secret_key,T1.1,encoding,1,yaml,1,1,1,1,1
sample_04836,stripe_secret_key,T1.1,encoding,1,yaml,1,1,1,1,1
sample_04837,stripe_secret_key,T1.1,encoding,1,yaml,1,1,1,1,1
sample_04838,stripe_secret_key,T1.1,encoding,1,yaml,1,1,1,1,1
sample_04839,stripe_secret_key,T1.1,encoding,1,yaml,1,1,1,1,1
sample_04840,stripe_secret_key,T1.1,encoding,1,yaml,1,1,1,1,1
sample_04841,stripe_secret_key,T1.1,encoding,1,yaml,1,1,1,1,1
sample_04842,stripe_secret_key,T1.1,encoding,1,yaml,1,1,1,1,1
sample_04843,stripe_secret_key,T1.1,encoding,1,yaml,1,1,1,1,1
sample_04844,stripe_secret_key,T1.1,encoding,1,yaml,1,1,1,1,1
sample_04845,stripe_secret_key,T1.1,encoding,1,yaml,1,1,1,1,1
sample_04846,stripe_secret_key,T1.1,encoding,1,yaml,1,1,1,1,1
sample_04847,stripe_secret_key,T1.1,encoding,1,yaml,1,1,1,1,1
sample_04848,stripe_secret_key,T1.1,encoding,1,yaml,1,1,1,1,1
sample_04849,stripe_secret_key,T1.1,encoding,1,yaml,1,1,1,1,1
sample_04850,stripe_secret_key,T1.1,encoding,1,yaml,1,1,1,1,1
sample_04851,stripe_secret_key,T1.1,encoding,1,yaml,1,1,1,1,1
sample_04852,stripe_secret_key,T1.1,encoding,1,yaml,1,1,1,1,1
sample_04853,stripe_secret_key,T1.1,encoding,1,yaml,1,1,1,1,1
sample_04854,stripe_secret_key,T1.1,encoding,1,yaml,1,1,1,1,1
sample_04855,stripe_secret_key,T1.1,encoding,1,yaml,1,1,1,1,1
sample_04856,stripe_secret_key,T1.1,encoding,1,yaml,1,1,1,1,1
sample_04857,stripe_secret_key,T1.1,encoding,1,yaml,1,1,1,1,1
sample_04858,stripe_secret_key,T1.1,encoding,1,yaml,1,1,1,1,1
sample_04859,stripe_secret_key,T1.1,encoding,1,yaml,1,1,1,1,1
sample_04860,stripe_secret_key,T1.1,encoding,1,yaml,1,1,1,1,1
sample_04861,stripe_secret_key,T1.2,encoding,1,python,1,1,1,1,0
sample_04862,stripe_secret_key,T1.2,encoding,1,python,0,0,0,0,0
sample_04863,stripe_secret_key,T1.2,encoding,1,python,1,1,1,1,0
sample_04864,stripe_secret_key,T1.2,encoding,1,python,0,0,0,0,0
sample_04865,stripe_secret_key,T1.2,encoding,1,python,1,1,1,1,0
sample_04866,stripe_secret_key,T1.2,encoding,1,python,1,1,1,1,0
sample_04867,stripe_secret_key,T1.2,encoding,1,python,1,1,1,1,0
sample_04868,stripe_secret_key,T1.2,encoding,1,python,1,1,1,1,0
sample_04869,stripe_secret_key,T1.2,encoding,1,python,1,1,1,1,0
sample_04870,stripe_secret_key,T1.2,encoding,1,python,1,1,1,1,0
sample_04871,stripe_secret_key,T1.2,encoding,1,python,1,1,1,1,0
sample_04872,stripe_secret_key,T1.2,encoding,1,python,1,1,1,1,0
sample_04873,stripe_secret_key,T1.2,encoding,1,python,1,1,1,1,0
sample_04874,stripe_secret_key,T1.2,encoding,1,python,1,1,1,1,0
sample_04875,stripe_secret_key,T1.2,encoding,1,python,1,1,1,1,0
sample_04876,stripe_secret_key,T1.2,encoding,1,python,1,1,1,1,0
sample_04877,stripe_secret_key,T1.2,encoding,1,python,1,1,1,1,0
sample_04878,stripe_secret_key,T1.2,encoding,1,python,1,1,1,1,0
sample_04879,stripe_secret_key,T1.2,encoding,1,python,1,1,1,1,0
sample_04880,stripe_secret_key,T1.2,encoding,1,python,1,1,1,1,0
sample_04881,stripe_secret_key,T1.2,encoding,1,python,1,1,1,1,0
sample_04882,stripe_secret_key,T1.2,encoding,1,python,1,1,1,1,0
sample_04883,stripe_secret_key,T1.2,encoding,1,python,1,1,1,1,0
sample_04884,stripe_secret_key,T1.2,encoding,1,python,1,1,1,1,0
sample_04885,stripe_secret_key,T1.2,encoding,1,python,1,1,1,1,0
sample_04886,stripe_secret_key,T1.2,encoding,1,python,1,1,1,1,0
sample_04887,stripe_secret_key,T1.2,encoding,1,python,1,1,1,1,0
sample_04888,stripe_secret_key,T1.2,encoding,1,python,1,1,1,1,0
sample_04889,stripe_secret_key,T1.2,encoding,1,python,1,1,1,1,0
sample_04890,stripe_secret_key,T1.2,encoding,1,python,1,1,1,1,0
sample_04891,stripe_secret_key,T1.2,encoding,1,dotenv,1,1,1,1,0
sample_04892,stripe_secret_key,T1.2,encoding,1,dotenv,1,1,1,1,0
sample_04893,stripe_secret_key,T1.2,encoding,1,dotenv,1,1,1,1,0
sample_04894,stripe_secret_key,T1.2,encoding,1,dotenv,1,1,1,1,0
sample_04895,stripe_secret_key,T1.2,encoding,1,dotenv,1,1,1,1,0
sample_04896,stripe_secret_key,T1.2,encoding,1,dotenv,1,1,1,1,0
sample_04897,stripe_secret_key,T1.2,encoding,1,dotenv,1,1,1,1,0
sample_04898,stripe_secret_key,T1.2,encoding,1,dotenv,1,1,1,1,0
sample_04899,stripe_secret_key,T1.2,encoding,1,dotenv,1,1,1,1,0
sample_04900,stripe_secret_key,T1.2,encoding,1,dotenv,1,1,1,1,0
sample_04901,stripe_secret_key,T1.2,encoding,1,dotenv,1,1,1,1,0
sample_04902,stripe_secret_key,T1.2,encoding,1,dotenv,1,1,1,1,0
sample_04903,stripe_secret_key,T1.2,encoding,1,dotenv,1,1,1,1,0
sample_04904,stripe_secret_key,T1.2,encoding,1,dotenv,0,0,0,0,0
sample_04905,stripe_secret_key,T1.2,encoding,1,dotenv,1,1,1,1,0
sample_04906,stripe_secret_key,T1.2,encoding,1,dotenv,1,1,1,1,0
sample_04907,stripe_secret_key,T1.2,encoding,1,dotenv,1,1,1,1,0
sample_04908,stripe_secret_key,T1.2,encoding,1,dotenv,1,1,1,1,0
sample_04909,stripe_secret_key,T1.2,encoding,1,dotenv,1,1,1,1,0
sample_04910,stripe_secret_key,T1.2,encoding,1,dotenv,1,1,1,1,0
sample_04911,stripe_secret_key,T1.2,encoding,1,dotenv,1,1,1,1,0
sample_04912,stripe_secret_key,T1.2,encoding,1,dotenv,1,1,1,1,0
sample_04913,stripe_secret_key,T1.2,encoding,1,dotenv,1,1,1,1,0
sample_04914,stripe_secret_key,T1.2,encoding,1,dotenv,1,1,1,1,0
sample_04915,stripe_secret_key,T1.2,encoding,1,dotenv,1,1,1,1,0
sample_04916,stripe_secret_key,T1.2,encoding,1,dotenv,1,1,0,0,0
sample_04917,stripe_secret_key,T1.2,encoding,1,dotenv,1,1,1,1,0
sample_04918,stripe_secret_key,T1.2,encoding,1,dotenv,1,1,1,1,0
sample_04919,stripe_secret_key,T1.2,encoding,1,dotenv,1,1,1,1,0
sample_04920,stripe_secret_key,T1.2,encoding,1,dotenv,1,1,1,1,0
sample_04921,stripe_secret_key,T1.2,encoding,1,yaml,1,1,1,1,0
sample_04922,stripe_secret_key,T1.2,encoding,1,yaml,1,1,1,1,0
sample_04923,stripe_secret_key,T1.2,encoding,1,yaml,1,1,1,1,0
sample_04924,stripe_secret_key,T1.2,encoding,1,yaml,1,1,1,1,0
sample_04925,stripe_secret_key,T1.2,encoding,1,yaml,1,1,1,1,0
sample_04926,stripe_secret_key,T1.2,encoding,1,yaml,1,1,1,1,0
sample_04927,stripe_secret_key,T1.2,encoding,1,yaml,1,1,1,1,0
sample_04928,stripe_secret_key,T1.2,encoding,1,yaml,1,1,1,1,0
sample_04929,stripe_secret_key,T1.2,encoding,1,yaml,1,1,1,1,0
sample_04930,stripe_secret_key,T1.2,encoding,1,yaml,1,1,1,1,0
sample_04931,stripe_secret_key,T1.2,encoding,1,yaml,0,0,0,0,0
sample_04932,stripe_secret_key,T1.2,encoding,1,yaml,1,1,1,1,0
sample_04933,stripe_secret_key,T1.2,encoding,1,yaml,1,1,1,1,0
sample_04934,stripe_secret_key,T1.2,encoding,1,yaml,1,1,1,1,0
sample_04935,stripe_secret_key,T1.2,encoding,1,yaml,1,1,1,1,0
sample_04936,stripe_secret_key,T1.2,encoding,1,yaml,1,1,1,1,0
sample_04937,stripe_secret_key,T1.2,encoding,1,yaml,1,1,1,1,0
sample_04938,stripe_secret_key,T1.2,encoding,1,yaml,1,1,1,1,0
sample_04939,stripe_secret_key,T1.2,encoding,1,yaml,1,1,1,1,0
sample_04940,stripe_secret_key,T1.2,encoding,1,yaml,1,1,1,1,0
sample_04941,stripe_secret_key,T1.2,encoding,1,yaml,1,1,1,1,0
sample_04942,stripe_secret_key,T1.2,encoding,1,yaml,1,1,1,1,0
sample_04943,stripe_secret_key,T1.2,encoding,1,yaml,1,1,1,1,0
sample_04944,stripe_secret_key,T1.2,encoding,1,yaml,1,1,1,1,0
sample_04945,stripe_secret_key,T1.2,encoding,1,yaml,1,1,1,1,0
sample_04946,stripe_secret_key,T1.2,encoding,1,yaml,1,1,1,1,0
sample_04947,stripe_secret_key,T1.2,encoding,1,yaml,1,1,1,1,0
sample_04948,stripe_secret_key,T1.2,encoding,1,yaml,1,1,1,1,0
sample_04949,stripe_secret_key,T1.2,encoding,1,yaml,1,1,1,1,0
sample_04950,stripe_secret_key,T1.2,encoding,1,yaml,1,1,1,1,0
sample_04951,stripe_secret_key,T1.3,encoding,1,python,0,0,0,0,0
sample_04952,stripe_secret_key,T1.3,encoding,1,python,0,0,0,0,0
sample_04953,stripe_secret_key,T1.3,encoding,1,python,0,0,0,0,0
sample_04954,stripe_secret_key,T1.3,encoding,1,python,0,0,0,0,0
sample_04955,stripe_secret_key,T1.3,encoding,1,python,0,0,0,0,0
sample_04956,stripe_secret_key,T1.3,encoding,1,python,0,0,0,0,0
sample_04957,stripe_secret_key,T1.3,encoding,1,python,0,0,0,0,0
sample_04958,stripe_secret_key,T1.3,encoding,1,python,0,0,0,0,0
sample_04959,stripe_secret_key,T1.3,encoding,1,python,0,0,0,0,0
sample_04960,stripe_secret_key,T1.3,encoding,1,python,0,0,0,0,0
sample_04961,stripe_secret_key,T1.3,encoding,1,python,0,0,0,0,0
sample_04962,stripe_secret_key,T1.3,encoding,1,python,0,0,0,0,0
sample_04963,stripe_secret_key,T1.3,encoding,1,python,0,0,0,0,0
sample_04964,stripe_secret_key,T1.3,encoding,1,python,0,0,0,0,0
sample_04965,stripe_secret_key,T1.3,encoding,1,python,0,0,0,0,0
sample_04966,stripe_secret_key,T1.3,encoding,1,python,0,0,0,0,0
sample_04967,stripe_secret_key,T1.3,encoding,1,python,0,0,0,0,0
sample_04968,stripe_secret_key,T1.3,encoding,1,python,0,0,0,0,0
sample_04969,stripe_secret_key,T1.3,encoding,1,python,0,0,0,0,0
sample_04970,stripe_secret_key,T1.3,encoding,1,python,0,0,0,0,0
sample_04971,stripe_secret_key,T1.3,encoding,1,python,0,0,0,0,0
sample_04972,stripe_secret_key,T1.3,encoding,1,python,0,0,0,0,0
sample_04973,stripe_secret_key,T1.3,encoding,1,python,0,0,0,0,0
sample_04974,stripe_secret_key,T1.3,encoding,1,python,0,0,0,0,0
sample_04975,stripe_secret_key,T1.3,encoding,1,python,0,0,0,0,0
sample_04976,stripe_secret_key,T1.3,encoding,1,python,0,0,0,0,0
sample_04977,stripe_secret_key,T1.3,encoding,1,python,0,0,0,0,0
sample_04978,stripe_secret_key,T1.3,encoding,1,python,0,0,0,0,0
sample_04979,stripe_secret_key,T1.3,encoding,1,python,0,0,0,0,0
sample_04980,stripe_secret_key,T1.3,encoding,1,python,0,0,0,0,0
sample_04981,stripe_secret_key,T1.3,encoding,1,dotenv,0,0,0,0,0
sample_04982,stripe_secret_key,T1.3,encoding,1,dotenv,0,0,0,0,0
sample_04983,stripe_secret_key,T1.3,encoding,1,dotenv,0,0,0,0,0
sample_04984,stripe_secret_key,T1.3,encoding,1,dotenv,0,0,0,0,0
sample_04985,stripe_secret_key,T1.3,encoding,1,dotenv,0,0,0,0,0
sample_04986,stripe_secret_key,T1.3,encoding,1,dotenv,0,0,0,0,0
sample_04987,stripe_secret_key,T1.3,encoding,1,dotenv,0,0,0,0,0
sample_04988,stripe_secret_key,T1.3,encoding,1,dotenv,0,0,0,0,0
sample_04989,stripe_secret_key,T1.3,encoding,1,dotenv,0,0,0,0,0
sample_04990,stripe_secret_key,T1.3,encoding,1,dotenv,0,0,0,0,0
sample_04991,stripe_secret_key,T1.3,encoding,1,dotenv,0,0,0,0,0
sample_04992,stripe_secret_key,T1.3,encoding,1,dotenv,0,0,0,0,0
sample_04993,stripe_secret_key,T1.3,encoding,1,dotenv,0,0,0,0,0
sample_04994,stripe_secret_key,T1.3,encoding,1,dotenv,0,0,0,0,0
sample_04995,stripe_secret_key,T1.3,encoding,1,dotenv,0,0,0,0,0
sample_04996,stripe_secret_key,T1.3,encoding,1,dotenv,0,0,0,0,0
sample_04997,stripe_secret_key,T1.3,encoding,1,dotenv,0,0,0,0,0
sample_04998,stripe_secret_key,T1.3,encoding,1,dotenv,0,0,0,0,0
sample_04999,stripe_secret_key,T1.3,encoding,1,dotenv,0,0,0,0,0
sample_05000,stripe_secret_key,T1.3,encoding,1,dotenv,0,0,0,0,0
sample_05001,stripe_secret_key,T1.3,encoding,1,dotenv,0,0,0,0,0
sample_05002,stripe_secret_key,T1.3,encoding,1,dotenv,0,0,0,0,0
sample_05003,stripe_secret_key,T1.3,encoding,1,dotenv,0,0,0,0,0
sample_05004,stripe_secret_key,T1.3,encoding,1,dotenv,0,0,0,0,0
sample_05005,stripe_secret_key,T1.3,encoding,1,dotenv,0,0,0,0,0
sample_05006,stripe_secret_key,T1.3,encoding,1,dotenv,0,0,0,0,0
sample_05007,stripe_secret_key,T1.3,encoding,1,dotenv,0,0,0,0,0
sample_05008,stripe_secret_key,T1.3,encoding,1,dotenv,0,0,0,0,0
sample_05009,stripe_secret_key,T1.3,encoding,1,dotenv,0,0,0,0,0
sample_05010,stripe_secret_key,T1.3,encoding,1,dotenv,0,0,0,0,0
sample_05011,stripe_secret_key,T1.3,encoding,1,yaml,0,0,0,0,0
sample_05012,stripe_secret_key,T1.3,encoding,1,yaml,0,0,0,0,0
sample_05013,stripe_secret_key,T1.3,encoding,1,yaml,0,0,0,0,0
sample_05014,stripe_secret_key,T1.3,encoding,1,yaml,0,0,0,0,0
sample_05015,stripe_secret_key,T1.3,encoding,1,yaml,0,0,0,0,0
sample_05016,stripe_secret_key,T1.3,encoding,1,yaml,0,0,0,0,0
sample_05017,stripe_secret_key,T1.3,encoding,1,yaml,0,0,0,0,0
sample_05018,stripe_secret_key,T1.3,encoding,1,yaml,0,0,0,0,0
sample_05019,stripe_secret_key,T1.3,encoding,1,yaml,0,0,0,0,0
sample_05020,stripe_secret_key,T1.3,encoding,1,yaml,0,0,0,0,0
sample_05021,stripe_secret_key,T1.3,encoding,1,yaml,0,0,0,0,0
sample_05022,stripe_secret_key,T1.3,encoding,1,yaml,0,0,0,0,0
sample_05023,stripe_secret_key,T1.3,encoding,1,yaml,0,0,0,0,0
sample_05024,stripe_secret_key,T1.3,encoding,1,yaml,0,0,0,0,0
sample_05025,stripe_secret_key,T1.3,encoding,1,yaml,0,0,0,0,0
sample_05026,stripe_secret_key,T1.3,encoding,1,yaml,0,0,0,0,0
sample_05027,stripe_secret_key,T1.3,encoding,1,yaml,0,0,0,0,0
sample_05028,stripe_secret_key,T1.3,encoding,1,yaml,0,0,0,0,0
sample_05029,stripe_secret_key,T1.3,encoding,1,yaml,0,0,0,0,0
sample_05030,stripe_secret_key,T1.3,encoding,1,yaml,0,0,0,0,0
sample_05031,stripe_secret_key,T1.3,encoding,1,yaml,0,0,0,0,0
sample_05032,stripe_secret_key,T1.3,encoding,1,yaml,0,0,0,0,0
sample_05033,stripe_secret_key,T1.3,encoding,1,yaml,0,0,0,0,0
sample_05034,stripe_secret_key,T1.3,encoding,1,yaml,0,0,0,0,0
sample_05035,stripe_secret_key,T1.3,encoding,1,yaml,0,0,0,0,0
sample_05036,stripe_secret_key,T1.3,encoding,1,yaml,0,0,0,0,0
sample_05037,stripe_secret_key,T1.3,encoding,1,yaml,0,0,0,0,0
sample_05038,stripe_secret_key,T1.3,encoding,1,yaml,0,0,0,0,0
sample_05039,stripe_secret_key,T1.3,encoding,1,yaml,0,0,0,0,0
sample_05040,stripe_secret_key,T1.3,encoding,1,yaml,0,0,0,0,0
sample_05041,stripe_secret_key,T1.4,encoding,1,python,0,1,0,1,0
sample_05042,stripe_secret_key,T1.4,encoding,1,python,0,1,0,1,0
sample_05043,stripe_secret_key,T1.4,encoding,1,python,0,1,0,1,0
sample_05044,stripe_secret_key,T1.4,encoding,1,python,0,1,0,1,0
sample_05045,stripe_secret_key,T1.4,encoding,1,python,1,1,1,1,0
sample_05046,stripe_secret_key,T1.4,encoding,1,python,0,1,0,1,0
sample_05047,stripe_secret_key,T1.4,encoding,1,python,0,1,0,1,0
sample_05048,stripe_secret_key,T1.4,encoding,1,python,0,1,0,1,0
sample_05049,stripe_secret_key,T1.4,encoding,1,python,0,1,0,1,0
sample_05050,stripe_secret_key,T1.4,encoding,1,python,0,1,0,1,0
sample_05051,stripe_secret_key,T1.4,encoding,1,python,0,1,0,1,0
sample_05052,stripe_secret_key,T1.4,encoding,1,python,0,1,0,1,0
sample_05053,stripe_secret_key,T1.4,encoding,1,python,0,1,0,1,0
sample_05054,stripe_secret_key,T1.4,encoding,1,python,0,1,0,1,0
sample_05055,stripe_secret_key,T1.4,encoding,1,python,0,1,0,1,0
sample_05056,stripe_secret_key,T1.4,encoding,1,python,0,1,0,1,0
sample_05057,stripe_secret_key,T1.4,encoding,1,python,0,1,0,1,0
sample_05058,stripe_secret_key,T1.4,encoding,1,python,0,1,0,1,0
sample_05059,stripe_secret_key,T1.4,encoding,1,python,0,1,0,1,0
sample_05060,stripe_secret_key,T1.4,encoding,1,python,0,1,0,1,0
sample_05061,stripe_secret_key,T1.4,encoding,1,python,0,1,0,1,0
sample_05062,stripe_secret_key,T1.4,encoding,1,python,0,1,0,1,0
sample_05063,stripe_secret_key,T1.4,encoding,1,python,1,1,1,1,0
sample_05064,stripe_secret_key,T1.4,encoding,1,python,0,1,0,1,0
sample_05065,stripe_secret_key,T1.4,encoding,1,python,1,1,1,1,0
sample_05066,stripe_secret_key,T1.4,encoding,1,python,0,1,0,1,0
sample_05067,stripe_secret_key,T1.4,encoding,1,python,0,1,0,1,0
sample_05068,stripe_secret_key,T1.4,encoding,1,python,0,1,0,1,0
sample_05069,stripe_secret_key,T1.4,encoding,1,python,1,1,1,1,0
sample_05070,stripe_secret_key,T1.4,encoding,1,python,0,1,0,1,0
sample_05071,stripe_secret_key,T1.4,encoding,1,dotenv,0,1,0,1,0
sample_05072,stripe_secret_key,T1.4,encoding,1,dotenv,1,1,1,1,0
sample_05073,stripe_secret_key,T1.4,encoding,1,dotenv,0,1,0,1,0
sample_05074,stripe_secret_key,T1.4,encoding,1,dotenv,0,1,0,1,0
sample_05075,stripe_secret_key,T1.4,encoding,1,dotenv,0,1,0,1,0
sample_05076,stripe_secret_key,T1.4,encoding,1,dotenv,0,1,0,1,0
sample_05077,stripe_secret_key,T1.4,encoding,1,dotenv,0,1,0,1,0
sample_05078,stripe_secret_key,T1.4,encoding,1,dotenv,0,1,0,1,0
sample_05079,stripe_secret_key,T1.4,encoding,1,dotenv,0,1,0,1,0
sample_05080,stripe_secret_key,T1.4,encoding,1,dotenv,0,1,0,1,0
sample_05081,stripe_secret_key,T1.4,encoding,1,dotenv,0,1,0,1,0
sample_05082,stripe_secret_key,T1.4,encoding,1,dotenv,0,1,0,1,0
sample_05083,stripe_secret_key,T1.4,encoding,1,dotenv,0,1,0,1,0
sample_05084,stripe_secret_key,T1.4,encoding,1,dotenv,0,1,0,1,0
sample_05085,stripe_secret_key,T1.4,encoding,1,dotenv,0,1,0,1,0
sample_05086,stripe_secret_key,T1.4,encoding,1,dotenv,0,1,0,1,0
sample_05087,stripe_secret_key,T1.4,encoding,1,dotenv,0,1,0,1,0
sample_05088,stripe_secret_key,T1.4,encoding,1,dotenv,0,1,0,1,0
sample_05089,stripe_secret_key,T1.4,encoding,1,dotenv,0,1,0,1,0
sample_05090,stripe_secret_key,T1.4,encoding,1,dotenv,0,1,0,1,0
sample_05091,stripe_secret_key,T1.4,encoding,1,dotenv,0,1,0,1,0
sample_05092,stripe_secret_key,T1.4,encoding,1,dotenv,0,1,0,1,0
sample_05093,stripe_secret_key,T1.4,encoding,1,dotenv,0,1,0,1,0
sample_05094,stripe_secret_key,T1.4,encoding,1,dotenv,0,1,0,1,0
sample_05095,stripe_secret_key,T1.4,encoding,1,dotenv,0,1,0,1,0
sample_05096,stripe_secret_key,T1.4,encoding,1,dotenv,1,1,1,1,0
sample_05097,stripe_secret_key,T1.4,encoding,1,dotenv,0,1,0,1,0
sample_05098,stripe_secret_key,T1.4,encoding,1,dotenv,0,1,0,1,0
sample_05099,stripe_secret_key,T1.4,encoding,1,dotenv,0,1,0,1,0
sample_05100,stripe_secret_key,T1.4,encoding,1,dotenv,0,1,0,1,0
sample_05101,stripe_secret_key,T1.4,encoding,1,yaml,0,1,0,1,0
sample_05102,stripe_secret_key,T1.4,encoding,1,yaml,0,1,0,1,0
sample_05103,stripe_secret_key,T1.4,encoding,1,yaml,1,1,1,1,0
sample_05104,stripe_secret_key,T1.4,encoding,1,yaml,0,1,0,1,0
sample_05105,stripe_secret_key,T1.4,encoding,1,yaml,0,1,0,1,0
sample_05106,stripe_secret_key,T1.4,encoding,1,yaml,0,1,0,1,0
sample_05107,stripe_secret_key,T1.4,encoding,1,yaml,0,1,0,1,0
sample_05108,stripe_secret_key,T1.4,encoding,1,yaml,0,1,0,1,0
sample_05109,stripe_secret_key,T1.4,encoding,1,yaml,0,1,0,1,0
sample_05110,stripe_secret_key,T1.4,encoding,1,yaml,0,1,0,1,0
sample_05111,stripe_secret_key,T1.4,encoding,1,yaml,0,1,0,1,0
sample_05112,stripe_secret_key,T1.4,encoding,1,yaml,0,1,0,1,0
sample_05113,stripe_secret_key,T1.4,encoding,1,yaml,1,1,1,1,0
sample_05114,stripe_secret_key,T1.4,encoding,1,yaml,0,1,0,1,0
sample_05115,stripe_secret_key,T1.4,encoding,1,yaml,0,1,0,1,0
sample_05116,stripe_secret_key,T1.4,encoding,1,yaml,0,1,0,1,0
sample_05117,stripe_secret_key,T1.4,encoding,1,yaml,0,1,0,1,0
sample_05118,stripe_secret_key,T1.4,encoding,1,yaml,0,1,0,1,0
sample_05119,stripe_secret_key,T1.4,encoding,1,yaml,0,1,0,1,0
sample_05120,stripe_secret_key,T1.4,encoding,1,yaml,0,1,0,1,0
sample_05121,stripe_secret_key,T1.4,encoding,1,yaml,1,1,1,1,0
sample_05122,stripe_secret_key,T1.4,encoding,1,yaml,0,1,0,1,0
sample_05123,stripe_secret_key,T1.4,encoding,1,yaml,0,1,0,1,0
sample_05124,stripe_secret_key,T1.4,encoding,1,yaml,0,1,0,1,0
sample_05125,stripe_secret_key,T1.4,encoding,1,yaml,0,1,0,1,0
sample_05126,stripe_secret_key,T1.4,encoding,1,yaml,0,1,0,1,0
sample_05127,stripe_secret_key,T1.4,encoding,1,yaml,0,1,0,1,0
sample_05128,stripe_secret_key,T1.4,encoding,1,yaml,0,1,0,1,0
sample_05129,stripe_secret_key,T1.4,encoding,1,yaml,0,1,0,1,0
sample_05130,stripe_secret_key,T1.4,encoding,1,yaml,0,1,0,1,0
sample_05131,stripe_secret_key,T1.5,encoding,1,python,1,1,1,1,1
sample_05132,stripe_secret_key,T1.5,encoding,1,python,1,1,1,1,1
sample_05133,stripe_secret_key,T1.5,encoding,1,python,1,1,1,1,1
sample_05134,stripe_secret_key,T1.5,encoding,1,python,1,1,1,1,1
sample_05135,stripe_secret_key,T1.5,encoding,1,python,1,1,1,1,1
sample_05136,stripe_secret_key,T1.5,encoding,1,python,1,1,1,1,1
sample_05137,stripe_secret_key,T1.5,encoding,1,python,1,1,1,1,1
sample_05138,stripe_secret_key,T1.5,encoding,1,python,1,1,1,1,1
sample_05139,stripe_secret_key,T1.5,encoding,1,python,1,1,1,1,1
sample_05140,stripe_secret_key,T1.5,encoding,1,python,1,1,1,1,1
sample_05141,stripe_secret_key,T1.5,encoding,1,python,1,1,1,1,1
sample_05142,stripe_secret_key,T1.5,encoding,1,python,1,1,1,1,1
sample_05143,stripe_secret_key,T1.5,encoding,1,python,1,1,1,1,1
sample_05144,stripe_secret_key,T1.5,encoding,1,python,1,1,1,1,1
sample_05145,stripe_secret_key,T1.5,encoding,1,python,1,1,1,1,1
sample_05146,stripe_secret_key,T1.5,encoding,1,python,1,1,1,1,1
sample_05147,stripe_secret_key,T1.5,encoding,1,python,1,1,1,1,1
sample_05148,stripe_secret_key,T1.5,encoding,1,python,1,1,1,1,1
sample_05149,stripe_secret_key,T1.5,encoding,1,python,1,1,1,1,1
sample_05150,stripe_secret_key,T1.5,encoding,1,python,1,1,1,1,1
sample_05151,stripe_secret_key,T1.5,encoding,1,python,1,1,1,1,1
sample_05152,stripe_secret_key,T1.5,encoding,1,python,1,1,1,1,1
sample_05153,stripe_secret_key,T1.5,encoding,1,python,1,1,1,1,1
sample_05154,stripe_secret_key,T1.5,encoding,1,python,1,1,1,1,1
sample_05155,stripe_secret_key,T1.5,encoding,1,python,1,1,1,1,1
sample_05156,stripe_secret_key,T1.5,encoding,1,python,1,1,1,1,1
sample_05157,stripe_secret_key,T1.5,encoding,1,python,1,1,1,1,1
sample_05158,stripe_secret_key,T1.5,encoding,1,python,1,1,1,1,1
sample_05159,stripe_secret_key,T1.5,encoding,1,python,1,1,1,1,1
sample_05160,stripe_secret_key,T1.5,encoding,1,python,1,1,1,1,1
sample_05161,stripe_secret_key,T1.5,encoding,1,dotenv,1,1,1,1,1
sample_05162,stripe_secret_key,T1.5,encoding,1,dotenv,1,1,1,1,1
sample_05163,stripe_secret_key,T1.5,encoding,1,dotenv,1,1,1,1,1
sample_05164,stripe_secret_key,T1.5,encoding,1,dotenv,1,1,1,1,1
sample_05165,stripe_secret_key,T1.5,encoding,1,dotenv,1,1,1,1,1
sample_05166,stripe_secret_key,T1.5,encoding,1,dotenv,1,1,1,1,1
sample_05167,stripe_secret_key,T1.5,encoding,1,dotenv,1,1,1,1,1
sample_05168,stripe_secret_key,T1.5,encoding,1,dotenv,1,1,1,1,1
sample_05169,stripe_secret_key,T1.5,encoding,1,dotenv,1,1,1,1,1
sample_05170,stripe_secret_key,T1.5,encoding,1,dotenv,1,1,1,1,1
sample_05171,stripe_secret_key,T1.5,encoding,1,dotenv,1,1,1,1,1
sample_05172,stripe_secret_key,T1.5,encoding,1,dotenv,1,1,1,1,1
sample_05173,stripe_secret_key,T1.5,encoding,1,dotenv,1,1,1,1,1
sample_05174,stripe_secret_key,T1.5,encoding,1,dotenv,1,1,1,1,1
sample_05175,stripe_secret_key,T1.5,encoding,1,dotenv,1,1,1,1,1
sample_05176,stripe_secret_key,T1.5,encoding,1,dotenv,1,1,1,1,1
sample_05177,stripe_secret_key,T1.5,encoding,1,dotenv,1,1,1,1,1
sample_05178,stripe_secret_key,T1.5,encoding,1,dotenv,1,1,1,1,1
sample_05179,stripe_secret_key,T1.5,encoding,1,dotenv,1,1,1,1,1
sample_05180,stripe_secret_key,T1.5,encoding,1,dotenv,1,1,1,1,1
sample_05181,stripe_secret_key,T1.5,encoding,1,dotenv,1,1,1,1,1
sample_05182,stripe_secret_key,T1.5,encoding,1,dotenv,1,1,1,1,1
sample_05183,stripe_secret_key,T1.5,encoding,1,dotenv,1,1,1,1,1
sample_05184,stripe_secret_key,T1.5,encoding,1,dotenv,1,1,1,1,1
sample_05185,stripe_secret_key,T1.5,encoding,1,dotenv,1,1,1,1,1
sample_05186,stripe_secret_key,T1.5,encoding,1,dotenv,1,1,1,1,1
sample_05187,stripe_secret_key,T1.5,encoding,1,dotenv,1,1,1,1,1
sample_05188,stripe_secret_key,T1.5,encoding,1,dotenv,1,1,1,1,1
sample_05189,stripe_secret_key,T1.5,encoding,1,dotenv,1,1,1,1,1
sample_05190,stripe_secret_key,T1.5,encoding,1,dotenv,1,1,1,1,1
sample_05191,stripe_secret_key,T1.5,encoding,1,yaml,1,1,1,1,1
sample_05192,stripe_secret_key,T1.5,encoding,1,yaml,1,1,1,1,1
sample_05193,stripe_secret_key,T1.5,encoding,1,yaml,1,1,1,1,1
sample_05194,stripe_secret_key,T1.5,encoding,1,yaml,1,1,1,1,1
sample_05195,stripe_secret_key,T1.5,encoding,1,yaml,1,1,1,1,1
sample_05196,stripe_secret_key,T1.5,encoding,1,yaml,1,1,1,1,1
sample_05197,stripe_secret_key,T1.5,encoding,1,yaml,1,1,1,1,1
sample_05198,stripe_secret_key,T1.5,encoding,1,yaml,1,1,1,1,1
sample_05199,stripe_secret_key,T1.5,encoding,1,yaml,1,1,1,1,1
sample_05200,stripe_secret_key,T1.5,encoding,1,yaml,1,1,1,1,1
sample_05201,stripe_secret_key,T1.5,encoding,1,yaml,1,1,1,1,1
sample_05202,stripe_secret_key,T1.5,encoding,1,yaml,1,1,1,1,1
sample_05203,stripe_secret_key,T1.5,encoding,1,yaml,1,1,1,1,1
sample_05204,stripe_secret_key,T1.5,encoding,1,yaml,1,1,1,1,1
sample_05205,stripe_secret_key,T1.5,encoding,1,yaml,1,1,1,1,1
sample_05206,stripe_secret_key,T1.5,encoding,1,yaml,1,1,1,1,1
sample_05207,stripe_secret_key,T1.5,encoding,1,yaml,1,1,1,1,1
sample_05208,stripe_secret_key,T1.5,encoding,1,yaml,1,1,1,1,1
sample_05209,stripe_secret_key,T1.5,encoding,1,yaml,1,1,1,1,1
sample_05210,stripe_secret_key,T1.5,encoding,1,yaml,1,1,1,1,1
sample_05211,stripe_secret_key,T1.5,encoding,1,yaml,1,1,1,1,1
sample_05212,stripe_secret_key,T1.5,encoding,1,yaml,1,1,1,1,1
sample_05213,stripe_secret_key,T1.5,encoding,1,yaml,1,1,1,1,1
sample_05214,stripe_secret_key,T1.5,encoding,1,yaml,1,1,1,1,1
sample_05215,stripe_secret_key,T1.5,encoding,1,yaml,1,1,1,1,1
sample_05216,stripe_secret_key,T1.5,encoding,1,yaml,1,1,1,1,1
sample_05217,stripe_secret_key,T1.5,encoding,1,yaml,1,1,1,1,1
sample_05218,stripe_secret_key,T1.5,encoding,1,yaml,1,1,1,1,1
sample_05219,stripe_secret_key,T1.5,encoding,1,yaml,1,1,1,1,1
sample_05220,stripe_secret_key,T1.5,encoding,1,yaml,1,1,1,1,1
sample_05221,stripe_secret_key,T1.6,encoding,1,python,1,1,1,1,0
sample_05222,stripe_secret_key,T1.6,encoding,1,python,1,1,1,1,0
sample_05223,stripe_secret_key,T1.6,encoding,1,python,1,1,1,1,0
sample_05224,stripe_secret_key,T1.6,encoding,1,python,1,1,1,1,0
sample_05225,stripe_secret_key,T1.6,encoding,1,python,1,1,1,1,0
sample_05226,stripe_secret_key,T1.6,encoding,1,python,1,1,1,1,0
sample_05227,stripe_secret_key,T1.6,encoding,1,python,1,1,1,1,0
sample_05228,stripe_secret_key,T1.6,encoding,1,python,1,1,1,1,0
sample_05229,stripe_secret_key,T1.6,encoding,1,python,1,1,1,1,0
sample_05230,stripe_secret_key,T1.6,encoding,1,python,1,1,1,1,0
sample_05231,stripe_secret_key,T1.6,encoding,1,python,1,1,1,1,0
sample_05232,stripe_secret_key,T1.6,encoding,1,python,1,1,1,1,0
sample_05233,stripe_secret_key,T1.6,encoding,1,python,1,1,1,1,0
sample_05234,stripe_secret_key,T1.6,encoding,1,python,1,1,1,1,0
sample_05235,stripe_secret_key,T1.6,encoding,1,python,1,1,1,1,0
sample_05236,stripe_secret_key,T1.6,encoding,1,python,1,1,1,1,0
sample_05237,stripe_secret_key,T1.6,encoding,1,python,1,1,1,1,0
sample_05238,stripe_secret_key,T1.6,encoding,1,python,1,1,1,1,0
sample_05239,stripe_secret_key,T1.6,encoding,1,python,1,1,1,1,0
sample_05240,stripe_secret_key,T1.6,encoding,1,python,1,1,1,1,0
sample_05241,stripe_secret_key,T1.6,encoding,1,python,1,1,1,1,0
sample_05242,stripe_secret_key,T1.6,encoding,1,python,1,1,1,1,0
sample_05243,stripe_secret_key,T1.6,encoding,1,python,1,1,1,1,0
sample_05244,stripe_secret_key,T1.6,encoding,1,python,1,1,1,1,0
sample_05245,stripe_secret_key,T1.6,encoding,1,python,1,1,1,1,0
sample_05246,stripe_secret_key,T1.6,encoding,1,python,1,1,1,1,0
sample_05247,stripe_secret_key,T1.6,encoding,1,python,1,1,1,1,0
sample_05248,stripe_secret_key,T1.6,encoding,1,python,1,1,1,1,0
sample_05249,stripe_secret_key,T1.6,encoding,1,python,1,1,1,1,0
sample_05250,stripe_secret_key,T1.6,encoding,1,python,1,1,1,1,0
sample_05251,stripe_secret_key,T1.6,encoding,1,dotenv,1,1,1,1,0
sample_05252,stripe_secret_key,T1.6,encoding,1,dotenv,1,1,1,1,0
sample_05253,stripe_secret_key,T1.6,encoding,1,dotenv,1,1,1,1,0
sample_05254,stripe_secret_key,T1.6,encoding,1,dotenv,1,1,1,1,0
sample_05255,stripe_secret_key,T1.6,encoding,1,dotenv,1,1,1,1,0
sample_05256,stripe_secret_key,T1.6,encoding,1,dotenv,1,1,1,1,0
sample_05257,stripe_secret_key,T1.6,encoding,1,dotenv,1,1,1,1,0
sample_05258,stripe_secret_key,T1.6,encoding,1,dotenv,1,1,1,1,0
sample_05259,stripe_secret_key,T1.6,encoding,1,dotenv,0,0,0,0,0
sample_05260,stripe_secret_key,T1.6,encoding,1,dotenv,1,1,1,1,0
sample_05261,stripe_secret_key,T1.6,encoding,1,dotenv,1,1,1,1,0
sample_05262,stripe_secret_key,T1.6,encoding,1,dotenv,1,1,1,1,0
sample_05263,stripe_secret_key,T1.6,encoding,1,dotenv,1,1,1,1,0
sample_05264,stripe_secret_key,T1.6,encoding,1,dotenv,1,1,1,1,0
sample_05265,stripe_secret_key,T1.6,encoding,1,dotenv,1,1,1,1,0
sample_05266,stripe_secret_key,T1.6,encoding,1,dotenv,1,1,1,1,0
sample_05267,stripe_secret_key,T1.6,encoding,1,dotenv,1,1,1,1,0
sample_05268,stripe_secret_key,T1.6,encoding,1,dotenv,1,1,1,1,0
sample_05269,stripe_secret_key,T1.6,encoding,1,dotenv,1,1,1,1,0
sample_05270,stripe_secret_key,T1.6,encoding,1,dotenv,1,1,1,1,0
sample_05271,stripe_secret_key,T1.6,encoding,1,dotenv,1,1,1,1,0
sample_05272,stripe_secret_key,T1.6,encoding,1,dotenv,1,1,1,1,0
sample_05273,stripe_secret_key,T1.6,encoding,1,dotenv,1,1,1,1,0
sample_05274,stripe_secret_key,T1.6,encoding,1,dotenv,1,1,1,1,0
sample_05275,stripe_secret_key,T1.6,encoding,1,dotenv,1,1,1,1,0
sample_05276,stripe_secret_key,T1.6,encoding,1,dotenv,1,1,1,1,0
sample_05277,stripe_secret_key,T1.6,encoding,1,dotenv,1,1,1,1,0
sample_05278,stripe_secret_key,T1.6,encoding,1,dotenv,0,0,0,0,0
sample_05279,stripe_secret_key,T1.6,encoding,1,dotenv,1,1,1,1,0
sample_05280,stripe_secret_key,T1.6,encoding,1,dotenv,1,1,1,1,0
sample_05281,stripe_secret_key,T1.6,encoding,1,yaml,1,1,1,1,0
sample_05282,stripe_secret_key,T1.6,encoding,1,yaml,1,1,1,1,0
sample_05283,stripe_secret_key,T1.6,encoding,1,yaml,1,1,1,1,0
sample_05284,stripe_secret_key,T1.6,encoding,1,yaml,1,1,1,1,0
sample_05285,stripe_secret_key,T1.6,encoding,1,yaml,1,1,1,1,0
sample_05286,stripe_secret_key,T1.6,encoding,1,yaml,1,1,1,1,0
sample_05287,stripe_secret_key,T1.6,encoding,1,yaml,1,1,1,1,0
sample_05288,stripe_secret_key,T1.6,encoding,1,yaml,1,1,1,1,0
sample_05289,stripe_secret_key,T1.6,encoding,1,yaml,1,1,1,1,0
sample_05290,stripe_secret_key,T1.6,encoding,1,yaml,1,1,1,1,0
sample_05291,stripe_secret_key,T1.6,encoding,1,yaml,1,1,1,1,0
sample_05292,stripe_secret_key,T1.6,encoding,1,yaml,1,1,1,1,0
sample_05293,stripe_secret_key,T1.6,encoding,1,yaml,1,1,1,1,0
sample_05294,stripe_secret_key,T1.6,encoding,1,yaml,1,1,1,1,0
sample_05295,stripe_secret_key,T1.6,encoding,1,yaml,1,1,1,1,0
sample_05296,stripe_secret_key,T1.6,encoding,1,yaml,1,1,1,1,0
sample_05297,stripe_secret_key,T1.6,encoding,1,yaml,1,1,1,1,0
sample_05298,stripe_secret_key,T1.6,encoding,1,yaml,1,1,1,1,0
sample_05299,stripe_secret_key,T1.6,encoding,1,yaml,1,1,1,1,0
sample_05300,stripe_secret_key,T1.6,encoding,1,yaml,1,1,1,1,0
sample_05301,stripe_secret_key,T1.6,encoding,1,yaml,1,1,1,1,0
sample_05302,stripe_secret_key,T1.6,encoding,1,yaml,1,1,1,1,0
sample_05303,stripe_secret_key,T1.6,encoding,1,yaml,1,1,1,1,0
sample_05304,stripe_secret_key,T1.6,encoding,1,yaml,1,1,1,1,0
sample_05305,stripe_secret_key,T1.6,encoding,1,yaml,1,1,1,1,0
sample_05306,stripe_secret_key,T1.6,encoding,1,yaml,1,1,1,1,0
sample_05307,stripe_secret_key,T1.6,encoding,1,yaml,1,1,1,1,0
sample_05308,stripe_secret_key,T1.6,encoding,1,yaml,1,1,1,1,0
sample_05309,stripe_secret_key,T1.6,encoding,1,yaml,1,1,1,1,0
sample_05310,stripe_secret_key,T1.6,encoding,1,yaml,1,1,1,1,0
sample_05311,stripe_secret_key,T1.7,encoding,1,python,1,1,1,1,0
sample_05312,stripe_secret_key,T1.7,encoding,1,python,1,1,1,1,0
sample_05313,stripe_secret_key,T1.7,encoding,1,python,1,1,1,1,0
sample_05314,stripe_secret_key,T1.7,encoding,1,python,1,1,1,1,0
sample_05315,stripe_secret_key,T1.7,encoding,1,python,1,1,1,1,0
sample_05316,stripe_secret_key,T1.7,encoding,1,python,1,1,1,1,0
sample_05317,stripe_secret_key,T1.7,encoding,1,python,1,1,1,1,0
sample_05318,stripe_secret_key,T1.7,encoding,1,python,1,1,1,1,0
sample_05319,stripe_secret_key,T1.7,encoding,1,python,1,1,1,1,0
sample_05320,stripe_secret_key,T1.7,encoding,1,python,1,1,1,1,0
sample_05321,stripe_secret_key,T1.7,encoding,1,python,0,0,0,0,0
sample_05322,stripe_secret_key,T1.7,encoding,1,python,1,1,1,1,0
sample_05323,stripe_secret_key,T1.7,encoding,1,python,1,1,1,1,0
sample_05324,stripe_secret_key,T1.7,encoding,1,python,1,1,1,1,0
sample_05325,stripe_secret_key,T1.7,encoding,1,python,1,1,1,1,0
sample_05326,stripe_secret_key,T1.7,encoding,1,python,1,1,1,1,0
sample_05327,stripe_secret_key,T1.7,encoding,1,python,0,0,0,0,0
sample_05328,stripe_secret_key,T1.7,encoding,1,python,1,1,1,1,0
sample_05329,stripe_secret_key,T1.7,encoding,1,python,1,1,1,1,0
sample_05330,stripe_secret_key,T1.7,encoding,1,python,1,1,1,1,0
sample_05331,stripe_secret_key,T1.7,encoding,1,python,1,1,1,1,0
sample_05332,stripe_secret_key,T1.7,encoding,1,python,1,1,1,1,0
sample_05333,stripe_secret_key,T1.7,encoding,1,python,1,1,1,1,0
sample_05334,stripe_secret_key,T1.7,encoding,1,python,1,1,1,1,0
sample_05335,stripe_secret_key,T1.7,encoding,1,python,1,1,1,1,0
sample_05336,stripe_secret_key,T1.7,encoding,1,python,1,1,1,1,0
sample_05337,stripe_secret_key,T1.7,encoding,1,python,1,1,1,1,0
sample_05338,stripe_secret_key,T1.7,encoding,1,python,1,1,1,1,0
sample_05339,stripe_secret_key,T1.7,encoding,1,python,1,1,1,1,0
sample_05340,stripe_secret_key,T1.7,encoding,1,python,1,1,1,1,0
sample_05341,stripe_secret_key,T1.7,encoding,1,dotenv,1,1,1,1,0
sample_05342,stripe_secret_key,T1.7,encoding,1,dotenv,1,1,1,1,0
sample_05343,stripe_secret_key,T1.7,encoding,1,dotenv,1,1,1,1,0
sample_05344,stripe_secret_key,T1.7,encoding,1,dotenv,1,1,1,1,0
sample_05345,stripe_secret_key,T1.7,encoding,1,dotenv,1,1,1,1,0
sample_05346,stripe_secret_key,T1.7,encoding,1,dotenv,1,1,1,1,0
sample_05347,stripe_secret_key,T1.7,encoding,1,dotenv,1,1,1,1,0
sample_05348,stripe_secret_key,T1.7,encoding,1,dotenv,1,1,1,1,0
sample_05349,stripe_secret_key,T1.7,encoding,1,dotenv,1,1,1,1,0
sample_05350,stripe_secret_key,T1.7,encoding,1,dotenv,1,1,1,1,0
sample_05351,stripe_secret_key,T1.7,encoding,1,dotenv,1,1,1,1,0
sample_05352,stripe_secret_key,T1.7,encoding,1,dotenv,1,1,1,1,0
sample_05353,stripe_secret_key,T1.7,encoding,1,dotenv,1,1,1,1,0
sample_05354,stripe_secret_key,T1.7,encoding,1,dotenv,1,1,1,1,0
sample_05355,stripe_secret_key,T1.7,encoding,1,dotenv,1,1,1,1,0
sample_05356,stripe_secret_key,T1.7,encoding,1,dotenv,1,1,1,1,0
sample_05357,stripe_secret_key,T1.7,encoding,1,dotenv,1,1,1,1,0
sample_05358,stripe_secret_key,T1.7,encoding,1,dotenv,1,1,1,1,0
sample_05359,stripe_secret_key,T1.7,encoding,1,dotenv,1,1,1,1,0
sample_05360,stripe_secret_key,T1.7,encoding,1,dotenv,1,1,1,1,0
sample_05361,stripe_secret_key,T1.7,encoding,1,dotenv,1,1,1,1,0
sample_05362,stripe_secret_key,T1.7,encoding,1,dotenv,1,1,1,1,0
sample_05363,stripe_secret_key,T1.7,encoding,1,dotenv,1,1,1,1,0
sample_05364,stripe_secret_key,T1.7,encoding,1,dotenv,1,1,1,1,0
sample_05365,stripe_secret_key,T1.7,encoding,1,dotenv,1,1,1,1,0
sample_05366,stripe_secret_key,T1.7,encoding,1,dotenv,1,1,1,1,0
sample_05367,stripe_secret_key,T1.7,encoding,1,dotenv,1,1,1,1,0
sample_05368,stripe_secret_key,T1.7,encoding,1,dotenv,1,1,1,1,0
sample_05369,stripe_secret_key,T1.7,encoding,1,dotenv,1,1,1,1,0
sample_05370,stripe_secret_key,T1.7,encoding,1,dotenv,1,1,1,1,0
sample_05371,stripe_secret_key,T1.7,encoding,1,yaml,1,1,1,1,0
sample_05372,stripe_secret_key,T1.7,encoding,1,yaml,1,1,1,1,0
sample_05373,stripe_secret_key,T1.7,encoding,1,yaml,1,1,1,1,0
sample_05374,stripe_secret_key,T1.7,encoding,1,yaml,1,1,1,1,0
sample_05375,stripe_secret_key,T1.7,encoding,1,yaml,1,1,1,1,0
sample_05376,stripe_secret_key,T1.7,encoding,1,yaml,1,1,1,1,0
sample_05377,stripe_secret_key,T1.7,encoding,1,yaml,1,1,1,1,0
sample_05378,stripe_secret_key,T1.7,encoding,1,yaml,1,1,1,1,0
sample_05379,stripe_secret_key,T1.7,encoding,1,yaml,1,1,1,1,0
sample_05380,stripe_secret_key,T1.7,encoding,1,yaml,1,1,1,1,0
sample_05381,stripe_secret_key,T1.7,encoding,1,yaml,1,1,1,1,0
sample_05382,stripe_secret_key,T1.7,encoding,1,yaml,1,1,1,1,0
sample_05383,stripe_secret_key,T1.7,encoding,1,yaml,1,1,1,1,0
sample_05384,stripe_secret_key,T1.7,encoding,1,yaml,1,1,1,1,0
sample_05385,stripe_secret_key,T1.7,encoding,1,yaml,1,1,1,1,0
sample_05386,stripe_secret_key,T1.7,encoding,1,yaml,1,1,1,1,0
sample_05387,stripe_secret_key,T1.7,encoding,1,yaml,1,1,1,1,0
sample_05388,stripe_secret_key,T1.7,encoding,1,yaml,1,1,1,1,0
sample_05389,stripe_secret_key,T1.7,encoding,1,yaml,1,1,1,1,0
sample_05390,stripe_secret_key,T1.7,encoding,1,yaml,1,1,1,1,0
sample_05391,stripe_secret_key,T1.7,encoding,1,yaml,1,1,1,1,0
sample_05392,stripe_secret_key,T1.7,encoding,1,yaml,1,1,1,1,0
sample_05393,stripe_secret_key,T1.7,encoding,1,yaml,1,1,1,1,0
sample_05394,stripe_secret_key,T1.7,encoding,1,yaml,1,1,1,1,0
sample_05395,stripe_secret_key,T1.7,encoding,1,yaml,1,1,1,1,0
sample_05396,stripe_secret_key,T1.7,encoding,1,yaml,1,1,1,1,0
sample_05397,stripe_secret_key,T1.7,encoding,1,yaml,1,1,1,1,0
sample_05398,stripe_secret_key,T1.7,encoding,1,yaml,1,1,1,1,0
sample_05399,stripe_secret_key,T1.7,encoding,1,yaml,1,1,1,1,0
sample_05400,stripe_secret_key,T1.7,encoding,1,yaml,1,1,1,1,0
sample_05401,stripe_secret_key,T2.1,multi_encoding,2,python,1,1,1,1,1
sample_05402,stripe_secret_key,T2.1,multi_encoding,2,python,1,1,1,1,1
sample_05403,stripe_secret_key,T2.1,multi_encoding,2,python,1,1,1,1,1
sample_05404,stripe_secret_key,T2.1,multi_encoding,2,python,1,1,1,1,1
sample_05405,stripe_secret_key,T2.1,multi_encoding,2,python,1,1,1,1,1
sample_05406,stripe_secret_key,T2.1,multi_encoding,2,python,1,1,1,1,1
sample_05407,stripe_secret_key,T2.1,multi_encoding,2,python,1,1,1,1,1
sample_05408,stripe_secret_key,T2.1,multi_encoding,2,python,1,1,1,1,1
sample_05409,stripe_secret_key,T2.1,multi_encoding,2,python,1,1,1,1,1
sample_05410,stripe_secret_key,T2.1,multi_encoding,2,python,1,1,1,1,1
sample_05411,stripe_secret_key,T2.1,multi_encoding,2,python,1,1,1,1,1
sample_05412,stripe_secret_key,T2.1,multi_encoding,2,python,1,1,1,1,1
sample_05413,stripe_secret_key,T2.1,multi_encoding,2,python,1,1,1,1,1
sample_05414,stripe_secret_key,T2.1,multi_encoding,2,python,1,1,1,1,1
sample_05415,stripe_secret_key,T2.1,multi_encoding,2,python,1,1,1,1,1
sample_05416,stripe_secret_key,T2.1,multi_encoding,2,python,1,1,1,1,1
sample_05417,stripe_secret_key,T2.1,multi_encoding,2,python,1,1,1,1,1
sample_05418,stripe_secret_key,T2.1,multi_encoding,2,python,1,1,1,1,1
sample_05419,stripe_secret_key,T2.1,multi_encoding,2,python,1,1,1,1,1
sample_05420,stripe_secret_key,T2.1,multi_encoding,2,python,1,1,1,1,1
sample_05421,stripe_secret_key,T2.1,multi_encoding,2,python,1,1,1,1,1
sample_05422,stripe_secret_key,T2.1,multi_encoding,2,python,1,1,1,1,1
sample_05423,stripe_secret_key,T2.1,multi_encoding,2,python,1,1,1,1,1
sample_05424,stripe_secret_key,T2.1,multi_encoding,2,python,1,1,1,1,1
sample_05425,stripe_secret_key,T2.1,multi_encoding,2,python,1,1,1,1,1
sample_05426,stripe_secret_key,T2.1,multi_encoding,2,python,1,1,1,1,1
sample_05427,stripe_secret_key,T2.1,multi_encoding,2,python,1,1,1,1,1
sample_05428,stripe_secret_key,T2.1,multi_encoding,2,python,1,1,1,1,1
sample_05429,stripe_secret_key,T2.1,multi_encoding,2,python,1,1,1,1,1
sample_05430,stripe_secret_key,T2.1,multi_encoding,2,python,1,1,1,1,1
sample_05431,stripe_secret_key,T2.1,multi_encoding,2,dotenv,1,1,1,1,1
sample_05432,stripe_secret_key,T2.1,multi_encoding,2,dotenv,1,1,1,1,1
sample_05433,stripe_secret_key,T2.1,multi_encoding,2,dotenv,1,1,1,1,1
sample_05434,stripe_secret_key,T2.1,multi_encoding,2,dotenv,1,1,1,1,1
sample_05435,stripe_secret_key,T2.1,multi_encoding,2,dotenv,1,1,1,1,1
sample_05436,stripe_secret_key,T2.1,multi_encoding,2,dotenv,1,1,1,1,1
sample_05437,stripe_secret_key,T2.1,multi_encoding,2,dotenv,1,1,1,1,1
sample_05438,stripe_secret_key,T2.1,multi_encoding,2,dotenv,1,1,1,1,1
sample_05439,stripe_secret_key,T2.1,multi_encoding,2,dotenv,1,1,1,1,1
sample_05440,stripe_secret_key,T2.1,multi_encoding,2,dotenv,1,1,1,1,1
sample_05441,stripe_secret_key,T2.1,multi_encoding,2,dotenv,1,1,1,1,1
sample_05442,stripe_secret_key,T2.1,multi_encoding,2,dotenv,1,1,1,1,1
sample_05443,stripe_secret_key,T2.1,multi_encoding,2,dotenv,1,1,1,1,1
sample_05444,stripe_secret_key,T2.1,multi_encoding,2,dotenv,1,1,1,1,1
sample_05445,stripe_secret_key,T2.1,multi_encoding,2,dotenv,1,1,1,1,1
sample_05446,stripe_secret_key,T2.1,multi_encoding,2,dotenv,1,1,1,1,1
sample_05447,stripe_secret_key,T2.1,multi_encoding,2,dotenv,1,1,1,1,1
sample_05448,stripe_secret_key,T2.1,multi_encoding,2,dotenv,1,1,1,1,1
sample_05449,stripe_secret_key,T2.1,multi_encoding,2,dotenv,1,1,1,1,1
sample_05450,stripe_secret_key,T2.1,multi_encoding,2,dotenv,0,1,0,1,1
sample_05451,stripe_secret_key,T2.1,multi_encoding,2,dotenv,1,1,1,1,1
sample_05452,stripe_secret_key,T2.1,multi_encoding,2,dotenv,1,1,1,1,1
sample_05453,stripe_secret_key,T2.1,multi_encoding,2,dotenv,1,1,1,1,1
sample_05454,stripe_secret_key,T2.1,multi_encoding,2,dotenv,1,1,1,1,1
sample_05455,stripe_secret_key,T2.1,multi_encoding,2,dotenv,1,1,1,1,1
sample_05456,stripe_secret_key,T2.1,multi_encoding,2,dotenv,0,1,0,1,1
sample_05457,stripe_secret_key,T2.1,multi_encoding,2,dotenv,1,1,1,1,1
sample_05458,stripe_secret_key,T2.1,multi_encoding,2,dotenv,1,1,1,1,1
sample_05459,stripe_secret_key,T2.1,multi_encoding,2,dotenv,1,1,1,1,1
sample_05460,stripe_secret_key,T2.1,multi_encoding,2,dotenv,1,1,1,1,1
sample_05461,stripe_secret_key,T2.1,multi_encoding,2,yaml,1,1,1,1,1
sample_05462,stripe_secret_key,T2.1,multi_encoding,2,yaml,1,1,1,1,1
sample_05463,stripe_secret_key,T2.1,multi_encoding,2,yaml,1,1,1,1,1
sample_05464,stripe_secret_key,T2.1,multi_encoding,2,yaml,1,1,1,1,1
sample_05465,stripe_secret_key,T2.1,multi_encoding,2,yaml,1,1,1,1,1
sample_05466,stripe_secret_key,T2.1,multi_encoding,2,yaml,1,1,1,1,1
sample_05467,stripe_secret_key,T2.1,multi_encoding,2,yaml,1,1,1,1,1
sample_05468,stripe_secret_key,T2.1,multi_encoding,2,yaml,1,1,1,1,1
sample_05469,stripe_secret_key,T2.1,multi_encoding,2,yaml,1,1,1,1,1
sample_05470,stripe_secret_key,T2.1,multi_encoding,2,yaml,1,1,1,1,1
sample_05471,stripe_secret_key,T2.1,multi_encoding,2,yaml,1,1,1,1,1
sample_05472,stripe_secret_key,T2.1,multi_encoding,2,yaml,1,1,1,1,1
sample_05473,stripe_secret_key,T2.1,multi_encoding,2,yaml,1,1,1,1,1
sample_05474,stripe_secret_key,T2.1,multi_encoding,2,yaml,1,1,1,1,1
sample_05475,stripe_secret_key,T2.1,multi_encoding,2,yaml,1,1,1,1,1
sample_05476,stripe_secret_key,T2.1,multi_encoding,2,yaml,1,1,1,1,1
sample_05477,stripe_secret_key,T2.1,multi_encoding,2,yaml,1,1,1,1,1
sample_05478,stripe_secret_key,T2.1,multi_encoding,2,yaml,1,1,1,1,1
sample_05479,stripe_secret_key,T2.1,multi_encoding,2,yaml,1,1,1,1,1
sample_05480,stripe_secret_key,T2.1,multi_encoding,2,yaml,1,1,1,1,1
sample_05481,stripe_secret_key,T2.1,multi_encoding,2,yaml,1,1,1,1,1
sample_05482,stripe_secret_key,T2.1,multi_encoding,2,yaml,1,1,1,1,1
sample_05483,stripe_secret_key,T2.1,multi_encoding,2,yaml,1,1,1,1,1
sample_05484,stripe_secret_key,T2.1,multi_encoding,2,yaml,1,1,1,1,1
sample_05485,stripe_secret_key,T2.1,multi_encoding,2,yaml,1,1,1,1,1
sample_05486,stripe_secret_key,T2.1,multi_encoding,2,yaml,1,1,1,1,1
sample_05487,stripe_secret_key,T2.1,multi_encoding,2,yaml,1,1,1,1,1
sample_05488,stripe_secret_key,T2.1,multi_encoding,2,yaml,1,1,1,1,1
sample_05489,stripe_secret_key,T2.1,multi_encoding,2,yaml,1,1,1,1,1
sample_05490,stripe_secret_key,T2.1,multi_encoding,2,yaml,1,1,1,1,1
sample_05491,stripe_secret_key,T2.2,multi_encoding,3,python,1,1,1,1,1
sample_05492,stripe_secret_key,T2.2,multi_encoding,3,python,1,1,1,1,1
sample_05493,stripe_secret_key,T2.2,multi_encoding,3,python,1,1,1,1,1
sample_05494,stripe_secret_key,T2.2,multi_encoding,3,python,1,1,1,1,1
sample_05495,stripe_secret_key,T2.2,multi_encoding,3,python,1,1,1,1,1
sample_05496,stripe_secret_key,T2.2,multi_encoding,3,python,1,1,1,1,1
sample_05497,stripe_secret_key,T2.2,multi_encoding,3,python,1,1,1,1,1
sample_05498,stripe_secret_key,T2.2,multi_encoding,3,python,1,1,1,1,1
sample_05499,stripe_secret_key,T2.2,multi_encoding,3,python,1,1,1,1,1
sample_05500,stripe_secret_key,T2.2,multi_encoding,3,python,1,1,1,1,1
sample_05501,stripe_secret_key,T2.2,multi_encoding,3,python,1,1,1,1,1
sample_05502,stripe_secret_key,T2.2,multi_encoding,3,python,1,1,1,1,1
sample_05503,stripe_secret_key,T2.2,multi_encoding,3,python,1,1,1,1,1
sample_05504,stripe_secret_key,T2.2,multi_encoding,3,python,1,1,1,1,1
sample_05505,stripe_secret_key,T2.2,multi_encoding,3,python,1,1,1,1,1
sample_05506,stripe_secret_key,T2.2,multi_encoding,3,python,1,1,1,1,1
sample_05507,stripe_secret_key,T2.2,multi_encoding,3,python,1,1,1,1,1
sample_05508,stripe_secret_key,T2.2,multi_encoding,3,python,1,1,1,1,1
sample_05509,stripe_secret_key,T2.2,multi_encoding,3,python,1,1,1,1,1
sample_05510,stripe_secret_key,T2.2,multi_encoding,3,python,1,1,1,1,1
sample_05511,stripe_secret_key,T2.2,multi_encoding,3,python,1,1,1,1,1
sample_05512,stripe_secret_key,T2.2,multi_encoding,3,python,1,1,1,1,1
sample_05513,stripe_secret_key,T2.2,multi_encoding,3,python,1,1,1,1,1
sample_05514,stripe_secret_key,T2.2,multi_encoding,3,python,1,1,1,1,1
sample_05515,stripe_secret_key,T2.2,multi_encoding,3,python,1,1,1,1,1
sample_05516,stripe_secret_key,T2.2,multi_encoding,3,python,1,1,1,1,1
sample_05517,stripe_secret_key,T2.2,multi_encoding,3,python,1,1,1,1,1
sample_05518,stripe_secret_key,T2.2,multi_encoding,3,python,1,1,1,1,1
sample_05519,stripe_secret_key,T2.2,multi_encoding,3,python,1,1,1,1,1
sample_05520,stripe_secret_key,T2.2,multi_encoding,3,python,1,1,1,1,1
sample_05521,stripe_secret_key,T2.2,multi_encoding,3,dotenv,1,1,1,1,1
sample_05522,stripe_secret_key,T2.2,multi_encoding,3,dotenv,1,1,1,1,1
sample_05523,stripe_secret_key,T2.2,multi_encoding,3,dotenv,1,1,1,1,1
sample_05524,stripe_secret_key,T2.2,multi_encoding,3,dotenv,1,1,1,1,1
sample_05525,stripe_secret_key,T2.2,multi_encoding,3,dotenv,1,1,1,1,1
sample_05526,stripe_secret_key,T2.2,multi_encoding,3,dotenv,1,1,1,1,1
sample_05527,stripe_secret_key,T2.2,multi_encoding,3,dotenv,1,1,1,1,1
sample_05528,stripe_secret_key,T2.2,multi_encoding,3,dotenv,1,1,1,1,1
sample_05529,stripe_secret_key,T2.2,multi_encoding,3,dotenv,1,1,1,1,1
sample_05530,stripe_secret_key,T2.2,multi_encoding,3,dotenv,1,1,1,1,1
sample_05531,stripe_secret_key,T2.2,multi_encoding,3,dotenv,1,1,1,1,1
sample_05532,stripe_secret_key,T2.2,multi_encoding,3,dotenv,1,1,1,1,1
sample_05533,stripe_secret_key,T2.2,multi_encoding,3,dotenv,1,1,1,1,1
sample_05534,stripe_secret_key,T2.2,multi_encoding,3,dotenv,1,1,1,1,1
sample_05535,stripe_secret_key,T2.2,multi_encoding,3,dotenv,1,1,1,1,1
sample_05536,stripe_secret_key,T2.2,multi_encoding,3,dotenv,1,1,1,1,1
sample_05537,stripe_secret_key,T2.2,multi_encoding,3,dotenv,1,1,1,1,1
sample_05538,stripe_secret_key,T2.2,multi_encoding,3,dotenv,1,1,1,1,1
sample_05539,stripe_secret_key,T2.2,multi_encoding,3,dotenv,1,1,1,1,1
sample_05540,stripe_secret_key,T2.2,multi_encoding,3,dotenv,1,1,1,1,1
sample_05541,stripe_secret_key,T2.2,multi_encoding,3,dotenv,1,1,1,1,1
sample_05542,stripe_secret_key,T2.2,multi_encoding,3,dotenv,1,1,1,1,1
sample_05543,stripe_secret_key,T2.2,multi_encoding,3,dotenv,1,1,1,1,1
sample_05544,stripe_secret_key,T2.2,multi_encoding,3,dotenv,1,1,1,1,1
sample_05545,stripe_secret_key,T2.2,multi_encoding,3,dotenv,1,1,1,1,1
sample_05546,stripe_secret_key,T2.2,multi_encoding,3,dotenv,1,1,1,1,1
sample_05547,stripe_secret_key,T2.2,multi_encoding,3,dotenv,1,1,1,1,1
sample_05548,stripe_secret_key,T2.2,multi_encoding,3,dotenv,1,1,1,1,1
sample_05549,stripe_secret_key,T2.2,multi_encoding,3,dotenv,1,1,1,1,1
sample_05550,stripe_secret_key,T2.2,multi_encoding,3,dotenv,1,1,1,1,1
sample_05551,stripe_secret_key,T2.2,multi_encoding,3,yaml,1,1,1,1,1
sample_05552,stripe_secret_key,T2.2,multi_encoding,3,yaml,1,1,1,1,1
sample_05553,stripe_secret_key,T2.2,multi_encoding,3,yaml,1,1,1,1,1
sample_05554,stripe_secret_key,T2.2,multi_encoding,3,yaml,1,1,1,1,1
sample_05555,stripe_secret_key,T2.2,multi_encoding,3,yaml,1,1,1,1,1
sample_05556,stripe_secret_key,T2.2,multi_encoding,3,yaml,1,1,1,1,1
sample_05557,stripe_secret_key,T2.2,multi_encoding,3,yaml,1,1,1,1,1
sample_05558,stripe_secret_key,T2.2,multi_encoding,3,yaml,1,1,1,1,1
sample_05559,stripe_secret_key,T2.2,multi_encoding,3,yaml,1,1,1,1,1
sample_05560,stripe_secret_key,T2.2,multi_encoding,3,yaml,1,1,1,1,1
sample_05561,stripe_secret_key,T2.2,multi_encoding,3,yaml,1,1,1,1,1
sample_05562,stripe_secret_key,T2.2,multi_encoding,3,yaml,1,1,1,1,1
sample_05563,stripe_secret_key,T2.2,multi_encoding,3,yaml,1,1,1,1,1
sample_05564,stripe_secret_key,T2.2,multi_encoding,3,yaml,1,1,1,1,1
sample_05565,stripe_secret_key,T2.2,multi_encoding,3,yaml,1,1,1,1,1
sample_05566,stripe_secret_key,T2.2,multi_encoding,3,yaml,1,1,1,1,1
sample_05567,stripe_secret_key,T2.2,multi_encoding,3,yaml,1,1,1,1,1
sample_05568,stripe_secret_key,T2.2,multi_encoding,3,yaml,1,1,1,1,1
sample_05569,stripe_secret_key,T2.2,multi_encoding,3,yaml,1,1,1,1,1
sample_05570,stripe_secret_key,T2.2,multi_encoding,3,yaml,1,1,1,1,1
sample_05571,stripe_secret_key,T2.2,multi_encoding,3,yaml,1,1,1,1,1
sample_05572,stripe_secret_key,T2.2,multi_encoding,3,yaml,1,1,1,1,1
sample_05573,stripe_secret_key,T2.2,multi_encoding,3,yaml,1,1,1,1,1
sample_05574,stripe_secret_key,T2.2,multi_encoding,3,yaml,1,1,1,1,1
sample_05575,stripe_secret_key,T2.2,multi_encoding,3,yaml,1,1,1,1,1
sample_05576,stripe_secret_key,T2.2,multi_encoding,3,yaml,1,1,1,1,1
sample_05577,stripe_secret_key,T2.2,multi_encoding,3,yaml,1,1,1,1,1
sample_05578,stripe_secret_key,T2.2,multi_encoding,3,yaml,1,1,1,1,1
sample_05579,stripe_secret_key,T2.2,multi_encoding,3,yaml,1,1,1,1,1
sample_05580,stripe_secret_key,T2.2,multi_encoding,3,yaml,1,1,1,1,1
sample_05581,stripe_secret_key,T2.3,multi_encoding,2,python,0,1,0,1,0
sample_05582,stripe_secret_key,T2.3,multi_encoding,2,python,0,1,0,1,0
sample_05583,stripe_secret_key,T2.3,multi_encoding,2,python,0,1,0,1,0
sample_05584,stripe_secret_key,T2.3,multi_encoding,2,python,0,1,0,1,0
sample_05585,stripe_secret_key,T2.3,multi_encoding,2,python,0,1,0,1,0
sample_05586,stripe_secret_key,T2.3,multi_encoding,2,python,0,1,0,1,0
sample_05587,stripe_secret_key,T2.3,multi_encoding,2,python,0,1,0,1,0
sample_05588,stripe_secret_key,T2.3,multi_encoding,2,python,0,1,0,1,0
sample_05589,stripe_secret_key,T2.3,multi_encoding,2,python,0,1,0,1,0
sample_05590,stripe_secret_key,T2.3,multi_encoding,2,python,0,1,0,1,0
sample_05591,stripe_secret_key,T2.3,multi_encoding,2,python,0,1,0,1,0
sample_05592,stripe_secret_key,T2.3,multi_encoding,2,python,0,1,0,1,0
sample_05593,stripe_secret_key,T2.3,multi_encoding,2,python,0,1,0,1,0
sample_05594,stripe_secret_key,T2.3,multi_encoding,2,python,0,1,0,1,0
sample_05595,stripe_secret_key,T2.3,multi_encoding,2,python,0,1,0,1,0
sample_05596,stripe_secret_key,T2.3,multi_encoding,2,python,0,1,0,1,0
sample_05597,stripe_secret_key,T2.3,multi_encoding,2,python,0,1,0,1,0
sample_05598,stripe_secret_key,T2.3,multi_encoding,2,python,0,1,0,1,0
sample_05599,stripe_secret_key,T2.3,multi_encoding,2,python,0,1,0,1,0
sample_05600,stripe_secret_key,T2.3,multi_encoding,2,python,0,1,0,1,0
sample_05601,stripe_secret_key,T2.3,multi_encoding,2,python,0,1,0,1,0
sample_05602,stripe_secret_key,T2.3,multi_encoding,2,python,0,1,0,1,0
sample_05603,stripe_secret_key,T2.3,multi_encoding,2,python,0,1,0,1,0
sample_05604,stripe_secret_key,T2.3,multi_encoding,2,python,0,1,0,1,0
sample_05605,stripe_secret_key,T2.3,multi_encoding,2,python,0,1,0,1,0
sample_05606,stripe_secret_key,T2.3,multi_encoding,2,python,0,1,0,1,0
sample_05607,stripe_secret_key,T2.3,multi_encoding,2,python,0,1,0,1,0
sample_05608,stripe_secret_key,T2.3,multi_encoding,2,python,0,1,0,1,0
sample_05609,stripe_secret_key,T2.3,multi_encoding,2,python,0,1,0,1,0
sample_05610,stripe_secret_key,T2.3,multi_encoding,2,python,0,1,0,1,0
sample_05611,stripe_secret_key,T2.3,multi_encoding,2,dotenv,0,1,0,1,0
sample_05612,stripe_secret_key,T2.3,multi_encoding,2,dotenv,0,1,0,1,0
sample_05613,stripe_secret_key,T2.3,multi_encoding,2,dotenv,0,1,0,1,0
sample_05614,stripe_secret_key,T2.3,multi_encoding,2,dotenv,0,1,0,1,0
sample_05615,stripe_secret_key,T2.3,multi_encoding,2,dotenv,0,1,0,1,0
sample_05616,stripe_secret_key,T2.3,multi_encoding,2,dotenv,0,1,0,1,0
sample_05617,stripe_secret_key,T2.3,multi_encoding,2,dotenv,0,1,0,1,0
sample_05618,stripe_secret_key,T2.3,multi_encoding,2,dotenv,0,1,0,1,0
sample_05619,stripe_secret_key,T2.3,multi_encoding,2,dotenv,0,1,0,1,0
sample_05620,stripe_secret_key,T2.3,multi_encoding,2,dotenv,0,1,0,1,0
sample_05621,stripe_secret_key,T2.3,multi_encoding,2,dotenv,0,1,0,1,0
sample_05622,stripe_secret_key,T2.3,multi_encoding,2,dotenv,0,1,0,1,0
sample_05623,stripe_secret_key,T2.3,multi_encoding,2,dotenv,0,1,0,1,0
sample_05624,stripe_secret_key,T2.3,multi_encoding,2,dotenv,0,1,0,1,0
sample_05625,stripe_secret_key,T2.3,multi_encoding,2,dotenv,0,1,0,1,0
sample_05626,stripe_secret_key,T2.3,multi_encoding,2,dotenv,0,1,0,1,0
sample_05627,stripe_secret_key,T2.3,multi_encoding,2,dotenv,0,1,0,1,0
sample_05628,stripe_secret_key,T2.3,multi_encoding,2,dotenv,0,1,0,1,0
sample_05629,stripe_secret_key,T2.3,multi_encoding,2,dotenv,0,1,0,1,0
sample_05630,stripe_secret_key,T2.3,multi_encoding,2,dotenv,0,1,0,1,0
sample_05631,stripe_secret_key,T2.3,multi_encoding,2,dotenv,0,1,0,1,0
sample_05632,stripe_secret_key,T2.3,multi_encoding,2,dotenv,0,1,0,1,0
sample_05633,stripe_secret_key,T2.3,multi_encoding,2,dotenv,0,1,0,1,0
sample_05634,stripe_secret_key,T2.3,multi_encoding,2,dotenv,0,1,0,1,0
sample_05635,stripe_secret_key,T2.3,multi_encoding,2,dotenv,0,1,0,1,0
sample_05636,stripe_secret_key,T2.3,multi_encoding,2,dotenv,0,1,0,1,0
sample_05637,stripe_secret_key,T2.3,multi_encoding,2,dotenv,0,1,0,1,0
sample_05638,stripe_secret_key,T2.3,multi_encoding,2,dotenv,0,1,0,1,0
sample_05639,stripe_secret_key,T2.3,multi_encoding,2,dotenv,0,1,0,1,0
sample_05640,stripe_secret_key,T2.3,multi_encoding,2,dotenv,0,1,0,1,0
sample_05641,stripe_secret_key,T2.3,multi_encoding,2,yaml,0,1,0,1,0
sample_05642,stripe_secret_key,T2.3,multi_encoding,2,yaml,1,1,1,1,0
sample_05643,stripe_secret_key,T2.3,multi_encoding,2,yaml,0,1,0,1,0
sample_05644,stripe_secret_key,T2.3,multi_encoding,2,yaml,0,1,0,1,0
sample_05645,stripe_secret_key,T2.3,multi_encoding,2,yaml,0,1,0,1,0
sample_05646,stripe_secret_key,T2.3,multi_encoding,2,yaml,0,1,0,1,0
sample_05647,stripe_secret_key,T2.3,multi_encoding,2,yaml,0,1,0,1,0
sample_05648,stripe_secret_key,T2.3,multi_encoding,2,yaml,0,1,0,1,0
sample_05649,stripe_secret_key,T2.3,multi_encoding,2,yaml,0,1,0,1,0
sample_05650,stripe_secret_key,T2.3,multi_encoding,2,yaml,0,1,0,1,0
sample_05651,stripe_secret_key,T2.3,multi_encoding,2,yaml,0,1,0,1,0
sample_05652,stripe_secret_key,T2.3,multi_encoding,2,yaml,0,1,0,1,0
sample_05653,stripe_secret_key,T2.3,multi_encoding,2,yaml,0,1,0,1,0
sample_05654,stripe_secret_key,T2.3,multi_encoding,2,yaml,0,1,0,1,0
sample_05655,stripe_secret_key,T2.3,multi_encoding,2,yaml,1,1,1,1,0
sample_05656,stripe_secret_key,T2.3,multi_encoding,2,yaml,0,1,0,1,0
sample_05657,stripe_secret_key,T2.3,multi_encoding,2,yaml,0,1,0,1,0
sample_05658,stripe_secret_key,T2.3,multi_encoding,2,yaml,0,1,0,1,0
sample_05659,stripe_secret_key,T2.3,multi_encoding,2,yaml,0,1,0,1,0
sample_05660,stripe_secret_key,T2.3,multi_encoding,2,yaml,0,1,0,1,0
sample_05661,stripe_secret_key,T2.3,multi_encoding,2,yaml,0,1,0,1,0
sample_05662,stripe_secret_key,T2.3,multi_encoding,2,yaml,0,1,0,1,0
sample_05663,stripe_secret_key,T2.3,multi_encoding,2,yaml,0,1,0,1,0
sample_05664,stripe_secret_key,T2.3,multi_encoding,2,yaml,0,1,0,1,0
sample_05665,stripe_secret_key,T2.3,multi_encoding,2,yaml,0,1,0,1,0
sample_05666,stripe_secret_key,T2.3,multi_encoding,2,yaml,0,1,0,1,0
sample_05667,stripe_secret_key,T2.3,multi_encoding,2,yaml,0,1,0,1,0
sample_05668,stripe_secret_key,T2.3,multi_encoding,2,yaml,0,1,0,1,0
sample_05669,stripe_secret_key,T2.3,multi_encoding,2,yaml,0,1,0,1,0
sample_05670,stripe_secret_key,T2.3,multi_encoding,2,yaml,0,1,0,1,0
sample_05671,stripe_secret_key,T3.1,splitting,1,python,0,0,0,0,0
sample_05672,stripe_secret_key,T3.1,splitting,1,python,0,0,0,0,0
sample_05673,stripe_secret_key,T3.1,splitting,1,python,0,0,0,0,0
sample_05674,stripe_secret_key,T3.1,splitting,1,python,0,0,0,0,0
sample_05675,stripe_secret_key,T3.1,splitting,1,python,0,0,0,0,0
sample_05676,stripe_secret_key,T3.1,splitting,1,python,1,1,0,0,0
sample_05677,stripe_secret_key,T3.1,splitting,1,python,0,0,0,0,0
sample_05678,stripe_secret_key,T3.1,splitting,1,python,1,1,1,1,0
sample_05679,stripe_secret_key,T3.1,splitting,1,python,0,0,0,0,0
sample_05680,stripe_secret_key,T3.1,splitting,1,python,0,0,0,0,0
sample_05681,stripe_secret_key,T3.1,splitting,1,python,0,0,0,0,0
sample_05682,stripe_secret_key,T3.1,splitting,1,python,0,0,0,0,0
sample_05683,stripe_secret_key,T3.1,splitting,1,python,0,0,0,0,0
sample_05684,stripe_secret_key,T3.1,splitting,1,python,0,0,0,0,0
sample_05685,stripe_secret_key,T3.1,splitting,1,python,0,0,0,0,0
sample_05686,stripe_secret_key,T3.1,splitting,1,python,0,0,0,0,0
sample_05687,stripe_secret_key,T3.1,splitting,1,python,0,0,0,0,0
sample_05688,stripe_secret_key,T3.1,splitting,1,python,0,0,0,0,0
sample_05689,stripe_secret_key,T3.1,splitting,1,python,1,1,1,1,0
sample_05690,stripe_secret_key,T3.1,splitting,1,python,0,0,0,0,0
sample_05691,stripe_secret_key,T3.1,splitting,1,python,0,0,0,0,0
sample_05692,stripe_secret_key,T3.1,splitting,1,python,0,0,0,0,0
sample_05693,stripe_secret_key,T3.1,splitting,1,python,0,0,0,0,0
sample_05694,stripe_secret_key,T3.1,splitting,1,python,1,1,1,1,0
sample_05695,stripe_secret_key,T3.1,splitting,1,python,0,0,0,0,0
sample_05696,stripe_secret_key,T3.1,splitting,1,python,0,0,0,0,0
sample_05697,stripe_secret_key,T3.1,splitting,1,python,0,0,0,0,0
sample_05698,stripe_secret_key,T3.1,splitting,1,python,0,0,0,0,0
sample_05699,stripe_secret_key,T3.1,splitting,1,python,0,0,0,0,0
sample_05700,stripe_secret_key,T3.1,splitting,1,python,0,0,0,0,0
sample_05701,stripe_secret_key,T3.2,splitting,1,python,0,0,0,0,0
sample_05702,stripe_secret_key,T3.2,splitting,1,python,0,0,0,0,0
sample_05703,stripe_secret_key,T3.2,splitting,1,python,0,0,0,0,0
sample_05704,stripe_secret_key,T3.2,splitting,1,python,0,0,0,0,0
sample_05705,stripe_secret_key,T3.2,splitting,1,python,0,0,0,0,0
sample_05706,stripe_secret_key,T3.2,splitting,1,python,0,0,0,0,0
sample_05707,stripe_secret_key,T3.2,splitting,1,python,0,0,0,0,0
sample_05708,stripe_secret_key,T3.2,splitting,1,python,0,0,0,0,0
sample_05709,stripe_secret_key,T3.2,splitting,1,python,0,0,0,0,0
sample_05710,stripe_secret_key,T3.2,splitting,1,python,1,1,1,1,0
sample_05711,stripe_secret_key,T3.2,splitting,1,python,0,0,0,0,0
sample_05712,stripe_secret_key,T3.2,splitting,1,python,0,0,0,0,0
sample_05713,stripe_secret_key,T3.2,splitting,1,python,1,1,1,1,0
sample_05714,stripe_secret_key,T3.2,splitting,1,python,0,0,0,0,0
sample_05715,stripe_secret_key,T3.2,splitting,1,python,0,0,0,0,0
sample_05716,stripe_secret_key,T3.2,splitting,1,python,0,0,0,0,0
sample_05717,stripe_secret_key,T3.2,splitting,1,python,1,1,1,1,0
sample_05718,stripe_secret_key,T3.2,splitting,1,python,0,0,0,0,0
sample_05719,stripe_secret_key,T3.2,splitting,1,python,0,0,0,0,0
sample_05720,stripe_secret_key,T3.2,splitting,1,python,0,0,0,0,0
sample_05721,stripe_secret_key,T3.2,splitting,1,python,0,0,0,0,0
sample_05722,stripe_secret_key,T3.2,splitting,1,python,0,0,0,0,0
sample_05723,stripe_secret_key,T3.2,splitting,1,python,0,0,0,0,0
sample_05724,stripe_secret_key,T3.2,splitting,1,python,0,0,0,0,0
sample_05725,stripe_secret_key,T3.2,splitting,1,python,0,0,0,0,0
sample_05726,stripe_secret_key,T3.2,splitting,1,python,0,0,0,0,0
sample_05727,stripe_secret_key,T3.2,splitting,1,python,0,0,0,0,0
sample_05728,stripe_secret_key,T3.2,splitting,1,python,0,0,0,0,0
sample_05729,stripe_secret_key,T3.2,splitting,1,python,0,0,0,0,0
sample_05730,stripe_secret_key,T3.2,splitting,1,python,0,0,0,0,0
sample_05731,stripe_secret_key,T3.3,splitting,1,python,0,0,0,0,0
sample_05732,stripe_secret_key,T3.3,splitting,1,python,0,0,0,0,0
sample_05733,stripe_secret_key,T3.3,splitting,1,python,0,0,0,0,0
sample_05734,stripe_secret_key,T3.3,splitting,1,python,0,0,0,0,0
sample_05735,stripe_secret_key,T3.3,splitting,1,python,0,0,0,0,0
sample_05736,stripe_secret_key,T3.3,splitting,1,python,0,0,0,0,0
sample_05737,stripe_secret_key,T3.3,splitting,1,python,0,0,0,0,0
sample_05738,stripe_secret_key,T3.3,splitting,1,python,0,0,0,0,0
sample_05739,stripe_secret_key,T3.3,splitting,1,python,0,0,0,0,0
sample_05740,stripe_secret_key,T3.3,splitting,1,python,0,0,0,0,0
sample_05741,stripe_secret_key,T3.3,splitting,1,python,0,0,0,0,0
sample_05742,stripe_secret_key,T3.3,splitting,1,python,0,0,0,0,0
sample_05743,stripe_secret_key,T3.3,splitting,1,python,0,0,0,0,0
sample_05744,stripe_secret_key,T3.3,splitting,1,python,0,0,0,0,0
sample_05745,stripe_secret_key,T3.3,splitting,1,python,0,0,0,0,0
sample_05746,stripe_secret_key,T3.3,splitting,1,python,0,0,0,0,0
sample_05747,stripe_secret_key,T3.3,splitting,1,python,0,0,0,0,0
sample_05748,stripe_secret_key,T3.3,splitting,1,python,0,0,0,0,0
sample_05749,stripe_secret_key,T3.3,splitting,1,python,0,0,0,0,0
sample_05750,stripe_secret_key,T3.3,splitting,1,python,0,0,0,0,0
sample_05751,stripe_secret_key,T3.3,splitting,1,python,0,0,0,0,0
sample_05752,stripe_secret_key,T3.3,splitting,1,python,0,0,0,0,0
sample_05753,stripe_secret_key,T3.3,splitting,1,python,0,0,0,0,0
sample_05754,stripe_secret_key,T3.3,splitting,1,python,0,0,0,0,0
sample_05755,stripe_secret_key,T3.3,splitting,1,python,0,0,0,0,0
sample_05756,stripe_secret_key,T3.3,splitting,1,python,0,0,0,0,0
sample_05757,stripe_secret_key,T3.3,splitting,1,python,0,0,0,0,0
sample_05758,stripe_secret_key,T3.3,splitting,1,python,0,0,0,0,0
sample_05759,stripe_secret_key,T3.3,splitting,1,python,0,0,0,0,0
sample_05760,stripe_secret_key,T3.3,splitting,1,python,0,0,0,0,0
sample_05761,stripe_secret_key,T3.4,splitting,1,python,0,0,0,0,0
sample_05762,stripe_secret_key,T3.4,splitting,1,python,0,0,0,0,0
sample_05763,stripe_secret_key,T3.4,splitting,1,python,1,1,1,1,0
sample_05764,stripe_secret_key,T3.4,splitting,1,python,0,0,0,0,0
sample_05765,stripe_secret_key,T3.4,splitting,1,python,0,0,0,0,0
sample_05766,stripe_secret_key,T3.4,splitting,1,python,0,0,0,0,0
sample_05767,stripe_secret_key,T3.4,splitting,1,python,1,1,1,1,0
sample_05768,stripe_secret_key,T3.4,splitting,1,python,0,0,0,0,0
sample_05769,stripe_secret_key,T3.4,splitting,1,python,0,0,0,0,0
sample_05770,stripe_secret_key,T3.4,splitting,1,python,0,0,0,0,0
sample_05771,stripe_secret_key,T3.4,splitting,1,python,0,0,0,0,0
sample_05772,stripe_secret_key,T3.4,splitting,1,python,0,0,0,0,0
sample_05773,stripe_secret_key,T3.4,splitting,1,python,0,0,0,0,0
sample_05774,stripe_secret_key,T3.4,splitting,1,python,0,0,0,0,0
sample_05775,stripe_secret_key,T3.4,splitting,1,python,0,0,0,0,0
sample_05776,stripe_secret_key,T3.4,splitting,1,python,0,0,0,0,0
sample_05777,stripe_secret_key,T3.4,splitting,1,python,0,0,0,0,0
sample_05778,stripe_secret_key,T3.4,splitting,1,python,0,0,0,0,0
sample_05779,stripe_secret_key,T3.4,splitting,1,python,0,0,0,0,0
sample_05780,stripe_secret_key,T3.4,splitting,1,python,0,0,0,0,0
sample_05781,stripe_secret_key,T3.4,splitting,1,python,0,0,0,0,0
sample_05782,stripe_secret_key,T3.4,splitting,1,python,0,0,0,0,0
sample_05783,stripe_secret_key,T3.4,splitting,1,python,0,0,0,0,0
sample_05784,stripe_secret_key,T3.4,splitting,1,python,0,0,0,0,0
sample_05785,stripe_secret_key,T3.4,splitting,1,python,0,0,0,0,0
sample_05786,stripe_secret_key,T3.4,splitting,1,python,0,0,0,0,0
sample_05787,stripe_secret_key,T3.4,splitting,1,python,0,0,0,0,0
sample_05788,stripe_secret_key,T3.4,splitting,1,python,0,0,0,0,0
sample_05789,stripe_secret_key,T3.4,splitting,1,python,0,0,0,0,0
sample_05790,stripe_secret_key,T3.4,splitting,1,python,0,0,0,0,0
sample_05791,stripe_secret_key,T3.5,splitting,1,python,0,0,0,0,0
sample_05792,stripe_secret_key,T3.5,splitting,1,python,0,0,0,0,0
sample_05793,stripe_secret_key,T3.5,splitting,1,python,0,0,0,0,0
sample_05794,stripe_secret_key,T3.5,splitting,1,python,1,1,1,1,0
sample_05795,stripe_secret_key,T3.5,splitting,1,python,0,0,0,0,0
sample_05796,stripe_secret_key,T3.5,splitting,1,python,0,0,0,0,0
sample_05797,stripe_secret_key,T3.5,splitting,1,python,0,0,0,0,0
sample_05798,stripe_secret_key,T3.5,splitting,1,python,0,0,0,0,0
sample_05799,stripe_secret_key,T3.5,splitting,1,python,0,0,0,0,0
sample_05800,stripe_secret_key,T3.5,splitting,1,python,0,0,0,0,0
sample_05801,stripe_secret_key,T3.5,splitting,1,python,0,0,0,0,0
sample_05802,stripe_secret_key,T3.5,splitting,1,python,0,0,0,0,0
sample_05803,stripe_secret_key,T3.5,splitting,1,python,0,0,0,0,0
sample_05804,stripe_secret_key,T3.5,splitting,1,python,0,0,0,0,0
sample_05805,stripe_secret_key,T3.5,splitting,1,python,0,0,0,0,0
sample_05806,stripe_secret_key,T3.5,splitting,1,python,0,0,0,0,0
sample_05807,stripe_secret_key,T3.5,splitting,1,python,0,0,0,0,0
sample_05808,stripe_secret_key,T3.5,splitting,1,python,0,0,0,0,0
sample_05809,stripe_secret_key,T3.5,splitting,1,python,0,0,0,0,0
sample_05810,stripe_secret_key,T3.5,splitting,1,python,0,0,0,0,0
sample_05811,stripe_secret_key,T3.5,splitting,1,python,0,0,0,0,0
sample_05812,stripe_secret_key,T3.5,splitting,1,python,0,0,0,0,0
sample_05813,stripe_secret_key,T3.5,splitting,1,python,0,0,0,0,0
sample_05814,stripe_secret_key,T3.5,splitting,1,python,0,0,0,0,0
sample_05815,stripe_secret_key,T3.5,splitting,1,python,1,1,1,1,0
sample_05816,stripe_secret_key,T3.5,splitting,1,python,0,0,0,0,0
sample_05817,stripe_secret_key,T3.5,splitting,1,python,0,0,0,0,0
sample_05818,stripe_secret_key,T3.5,splitting,1,python,0,0,0,0,0
sample_05819,stripe_secret_key,T3.5,splitting,1,python,0,0,0,0,0
sample_05820,stripe_secret_key,T3.5,splitting,1,python,0,0,0,0,0
sample_05821,stripe_secret_key,T4.3,char_format,1,python,0,0,0,0,0
sample_05822,stripe_secret_key,T4.3,char_format,1,python,0,0,0,0,0
sample_05823,stripe_secret_key,T4.3,char_format,1,python,0,0,0,0,0
sample_05824,stripe_secret_key,T4.3,char_format,1,python,0,0,0,0,0
sample_05825,stripe_secret_key,T4.3,char_format,1,python,0,0,0,0,0
sample_05826,stripe_secret_key,T4.3,char_format,1,python,0,0,0,0,0
sample_05827,stripe_secret_key,T4.3,char_format,1,python,0,0,0,0,0
sample_05828,stripe_secret_key,T4.3,char_format,1,python,0,0,0,0,0
sample_05829,stripe_secret_key,T4.3,char_format,1,python,0,0,0,0,0
sample_05830,stripe_secret_key,T4.3,char_format,1,python,0,0,0,0,0
sample_05831,stripe_secret_key,T4.3,char_format,1,python,0,0,0,0,0
sample_05832,stripe_secret_key,T4.3,char_format,1,python,0,0,0,0,0
sample_05833,stripe_secret_key,T4.3,char_format,1,python,0,0,0,0,0
sample_05834,stripe_secret_key,T4.3,char_format,1,python,0,0,0,0,0
sample_05835,stripe_secret_key,T4.3,char_format,1,python,0,0,0,0,0
sample_05836,stripe_secret_key,T4.3,char_format,1,python,0,0,0,0,0
sample_05837,stripe_secret_key,T4.3,char_format,1,python,0,0,0,0,0
sample_05838,stripe_secret_key,T4.3,char_format,1,python,0,0,0,0,0
sample_05839,stripe_secret_key,T4.3,char_format,1,python,0,0,0,0,0
sample_05840,stripe_secret_key,T4.3,char_format,1,python,0,0,0,0,0
sample_05841,stripe_secret_key,T4.3,char_format,1,python,0,0,0,0,0
sample_05842,stripe_secret_key,T4.3,char_format,1,python,0,0,0,0,0
sample_05843,stripe_secret_key,T4.3,char_format,1,python,0,0,0,0,0
sample_05844,stripe_secret_key,T4.3,char_format,1,python,0,0,0,0,0
sample_05845,stripe_secret_key,T4.3,char_format,1,python,0,0,0,0,0
sample_05846,stripe_secret_key,T4.3,char_format,1,python,0,0,0,0,0
sample_05847,stripe_secret_key,T4.3,char_format,1,python,0,0,0,0,0
sample_05848,stripe_secret_key,T4.3,char_format,1,python,0,0,0,0,0
sample_05849,stripe_secret_key,T4.3,char_format,1,python,0,0,0,0,0
sample_05850,stripe_secret_key,T4.3,char_format,1,python,0,0,0,0,0
sample_05851,stripe_secret_key,T4.5,char_format,1,python,0,0,0,0,0
sample_05852,stripe_secret_key,T4.5,char_format,1,python,0,0,0,0,0
sample_05853,stripe_secret_key,T4.5,char_format,1,python,0,0,0,0,0
sample_05854,stripe_secret_key,T4.5,char_format,1,python,0,0,0,0,0
sample_05855,stripe_secret_key,T4.5,char_format,1,python,0,0,0,0,0
sample_05856,stripe_secret_key,T4.5,char_format,1,python,0,0,0,0,0
sample_05857,stripe_secret_key,T4.5,char_format,1,python,0,0,0,0,0
sample_05858,stripe_secret_key,T4.5,char_format,1,python,0,0,0,0,0
sample_05859,stripe_secret_key,T4.5,char_format,1,python,0,0,0,0,0
sample_05860,stripe_secret_key,T4.5,char_format,1,python,0,0,0,0,0
sample_05861,stripe_secret_key,T4.5,char_format,1,python,0,0,0,0,0
sample_05862,stripe_secret_key,T4.5,char_format,1,python,0,0,0,0,0
sample_05863,stripe_secret_key,T4.5,char_format,1,python,0,0,0,0,0
sample_05864,stripe_secret_key,T4.5,char_format,1,python,0,0,0,0,0
sample_05865,stripe_secret_key,T4.5,char_format,1,python,0,0,0,0,0
sample_05866,stripe_secret_key,T4.5,char_format,1,python,0,0,0,0,0
sample_05867,stripe_secret_key,T4.5,char_format,1,python,0,0,0,0,0
sample_05868,stripe_secret_key,T4.5,char_format,1,python,0,0,0,0,0
sample_05869,stripe_secret_key,T4.5,char_format,1,python,0,0,0,0,0
sample_05870,stripe_secret_key,T4.5,char_format,1,python,0,0,0,0,0
sample_05871,stripe_secret_key,T4.5,char_format,1,python,0,0,0,0,0
sample_05872,stripe_secret_key,T4.5,char_format,1,python,0,0,0,0,0
sample_05873,stripe_secret_key,T4.5,char_format,1,python,0,0,0,0,0
sample_05874,stripe_secret_key,T4.5,char_format,1,python,0,0,0,0,0
sample_05875,stripe_secret_key,T4.5,char_format,1,python,0,0,0,0,0
sample_05876,stripe_secret_key,T4.5,char_format,1,python,0,0,0,0,0
sample_05877,stripe_secret_key,T4.5,char_format,1,python,0,0,0,0,0
sample_05878,stripe_secret_key,T4.5,char_format,1,python,0,0,0,0,0
sample_05879,stripe_secret_key,T4.5,char_format,1,python,0,0,0,0,0
sample_05880,stripe_secret_key,T4.5,char_format,1,python,0,0,0,0,0
sample_05881,stripe_secret_key,T4.5,char_format,1,dotenv,0,0,0,0,0
sample_05882,stripe_secret_key,T4.5,char_format,1,dotenv,0,0,0,0,0
sample_05883,stripe_secret_key,T4.5,char_format,1,dotenv,0,0,0,0,0
sample_05884,stripe_secret_key,T4.5,char_format,1,dotenv,0,0,0,0,0
sample_05885,stripe_secret_key,T4.5,char_format,1,dotenv,0,0,0,0,0
sample_05886,stripe_secret_key,T4.5,char_format,1,dotenv,0,0,0,0,0
sample_05887,stripe_secret_key,T4.5,char_format,1,dotenv,0,0,0,0,0
sample_05888,stripe_secret_key,T4.5,char_format,1,dotenv,0,0,0,0,0
sample_05889,stripe_secret_key,T4.5,char_format,1,dotenv,0,0,0,0,0
sample_05890,stripe_secret_key,T4.5,char_format,1,dotenv,0,0,0,0,0
sample_05891,stripe_secret_key,T4.5,char_format,1,dotenv,0,0,0,0,0
sample_05892,stripe_secret_key,T4.5,char_format,1,dotenv,0,0,0,0,0
sample_05893,stripe_secret_key,T4.5,char_format,1,dotenv,0,0,0,0,0
sample_05894,stripe_secret_key,T4.5,char_format,1,dotenv,0,0,0,0,0
sample_05895,stripe_secret_key,T4.5,char_format,1,dotenv,0,0,0,0,0
sample_05896,stripe_secret_key,T4.5,char_format,1,dotenv,0,0,0,0,0
sample_05897,stripe_secret_key,T4.5,char_format,1,dotenv,0,0,0,0,0
sample_05898,stripe_secret_key,T4.5,char_format,1,dotenv,0,0,0,0,0
sample_05899,stripe_secret_key,T4.5,char_format,1,dotenv,0,0,0,0,0
sample_05900,stripe_secret_key,T4.5,char_format,1,dotenv,0,0,0,0,0
sample_05901,stripe_secret_key,T4.5,char_format,1,dotenv,0,0,0,0,0
sample_05902,stripe_secret_key,T4.5,char_format,1,dotenv,0,0,0,0,0
sample_05903,stripe_secret_key,T4.5,char_format,1,dotenv,0,0,0,0,0
sample_05904,stripe_secret_key,T4.5,char_format,1,dotenv,0,0,0,0,0
sample_05905,stripe_secret_key,T4.5,char_format,1,dotenv,0,0,0,0,0
sample_05906,stripe_secret_key,T4.5,char_format,1,dotenv,0,0,0,0,0
sample_05907,stripe_secret_key,T4.5,char_format,1,dotenv,0,0,0,0,0
sample_05908,stripe_secret_key,T4.5,char_format,1,dotenv,0,0,0,0,0
sample_05909,stripe_secret_key,T4.5,char_format,1,dotenv,0,0,0,0,0
sample_05910,stripe_secret_key,T4.5,char_format,1,dotenv,0,0,0,0,0
sample_05911,stripe_secret_key,T4.5,char_format,1,yaml,0,0,0,0,0
sample_05912,stripe_secret_key,T4.5,char_format,1,yaml,0,0,0,0,0
sample_05913,stripe_secret_key,T4.5,char_format,1,yaml,0,0,0,0,0
sample_05914,stripe_secret_key,T4.5,char_format,1,yaml,0,0,0,0,0
sample_05915,stripe_secret_key,T4.5,char_format,1,yaml,0,0,0,0,0
sample_05916,stripe_secret_key,T4.5,char_format,1,yaml,0,0,0,0,0
sample_05917,stripe_secret_key,T4.5,char_format,1,yaml,0,0,0,0,0
sample_05918,stripe_secret_key,T4.5,char_format,1,yaml,0,0,0,0,0
sample_05919,stripe_secret_key,T4.5,char_format,1,yaml,0,0,0,0,0
sample_05920,stripe_secret_key,T4.5,char_format,1,yaml,0,0,0,0,0
sample_05921,stripe_secret_key,T4.5,char_format,1,yaml,0,0,0,0,0
sample_05922,stripe_secret_key,T4.5,char_format,1,yaml,0,0,0,0,0
sample_05923,stripe_secret_key,T4.5,char_format,1,yaml,0,0,0,0,0
sample_05924,stripe_secret_key,T4.5,char_format,1,yaml,0,0,0,0,0
sample_05925,stripe_secret_key,T4.5,char_format,1,yaml,0,0,0,0,0
sample_05926,stripe_secret_key,T4.5,char_format,1,yaml,0,0,0,0,0
sample_05927,stripe_secret_key,T4.5,char_format,1,yaml,0,0,0,0,0
sample_05928,stripe_secret_key,T4.5,char_format,1,yaml,0,0,0,0,0
sample_05929,stripe_secret_key,T4.5,char_format,1,yaml,0,0,0,0,0
sample_05930,stripe_secret_key,T4.5,char_format,1,yaml,0,0,0,0,0
sample_05931,stripe_secret_key,T4.5,char_format,1,yaml,0,0,0,0,0
sample_05932,stripe_secret_key,T4.5,char_format,1,yaml,0,0,0,0,0
sample_05933,stripe_secret_key,T4.5,char_format,1,yaml,0,0,0,0,0
sample_05934,stripe_secret_key,T4.5,char_format,1,yaml,0,0,0,0,0
sample_05935,stripe_secret_key,T4.5,char_format,1,yaml,0,0,0,0,0
sample_05936,stripe_secret_key,T4.5,char_format,1,yaml,0,0,0,0,0
sample_05937,stripe_secret_key,T4.5,char_format,1,yaml,0,0,0,0,0
sample_05938,stripe_secret_key,T4.5,char_format,1,yaml,0,0,0,0,0
sample_05939,stripe_secret_key,T4.5,char_format,1,yaml,0,0,0,0,0
sample_05940,stripe_secret_key,T4.5,char_format,1,yaml,0,0,0,0,0
sample_05941,stripe_secret_key,T5.1,indirection,1,python,1,1,1,1,0
sample_05942,stripe_secret_key,T5.1,indirection,1,python,1,1,1,1,0
sample_05943,stripe_secret_key,T5.1,indirection,1,python,1,1,1,1,0
sample_05944,stripe_secret_key,T5.1,indirection,1,python,1,1,1,1,0
sample_05945,stripe_secret_key,T5.1,indirection,1,python,1,1,1,1,0
sample_05946,stripe_secret_key,T5.1,indirection,1,python,1,1,1,1,0
sample_05947,stripe_secret_key,T5.1,indirection,1,python,1,1,1,1,0
sample_05948,stripe_secret_key,T5.1,indirection,1,python,0,0,0,0,0
sample_05949,stripe_secret_key,T5.1,indirection,1,python,1,1,1,1,0
sample_05950,stripe_secret_key,T5.1,indirection,1,python,1,1,1,1,0
sample_05951,stripe_secret_key,T5.1,indirection,1,python,1,1,1,1,0
sample_05952,stripe_secret_key,T5.1,indirection,1,python,1,1,1,1,0
sample_05953,stripe_secret_key,T5.1,indirection,1,python,1,1,1,1,0
sample_05954,stripe_secret_key,T5.1,indirection,1,python,1,1,1,1,0
sample_05955,stripe_secret_key,T5.1,indirection,1,python,1,1,1,1,0
sample_05956,stripe_secret_key,T5.1,indirection,1,python,1,1,1,1,0
sample_05957,stripe_secret_key,T5.1,indirection,1,python,1,1,1,1,0
sample_05958,stripe_secret_key,T5.1,indirection,1,python,1,1,1,1,0
sample_05959,stripe_secret_key,T5.1,indirection,1,python,1,1,1,1,0
sample_05960,stripe_secret_key,T5.1,indirection,1,python,1,1,1,1,0
sample_05961,stripe_secret_key,T5.1,indirection,1,python,1,1,1,1,0
sample_05962,stripe_secret_key,T5.1,indirection,1,python,1,1,1,1,0
sample_05963,stripe_secret_key,T5.1,indirection,1,python,1,1,1,1,0
sample_05964,stripe_secret_key,T5.1,indirection,1,python,1,1,1,1,0
sample_05965,stripe_secret_key,T5.1,indirection,1,python,1,1,1,1,0
sample_05966,stripe_secret_key,T5.1,indirection,1,python,1,1,1,1,0
sample_05967,stripe_secret_key,T5.1,indirection,1,python,1,1,1,1,0
sample_05968,stripe_secret_key,T5.1,indirection,1,python,1,1,1,1,0
sample_05969,stripe_secret_key,T5.1,indirection,1,python,1,1,1,1,0
sample_05970,stripe_secret_key,T5.1,indirection,1,python,1,1,1,1,0
sample_05971,stripe_secret_key,T5.2,indirection,1,python,0,0,0,0,0
sample_05972,stripe_secret_key,T5.2,indirection,1,python,0,0,0,0,0
sample_05973,stripe_secret_key,T5.2,indirection,1,python,0,0,0,0,0
sample_05974,stripe_secret_key,T5.2,indirection,1,python,0,0,0,0,0
sample_05975,stripe_secret_key,T5.2,indirection,1,python,0,0,0,0,0
sample_05976,stripe_secret_key,T5.2,indirection,1,python,0,0,0,0,0
sample_05977,stripe_secret_key,T5.2,indirection,1,python,0,0,0,0,0
sample_05978,stripe_secret_key,T5.2,indirection,1,python,0,0,0,0,0
sample_05979,stripe_secret_key,T5.2,indirection,1,python,0,0,0,0,0
sample_05980,stripe_secret_key,T5.2,indirection,1,python,0,0,0,0,0
sample_05981,stripe_secret_key,T5.2,indirection,1,python,0,0,0,0,0
sample_05982,stripe_secret_key,T5.2,indirection,1,python,0,0,0,0,0
sample_05983,stripe_secret_key,T5.2,indirection,1,python,0,0,0,0,0
sample_05984,stripe_secret_key,T5.2,indirection,1,python,0,0,0,0,0
sample_05985,stripe_secret_key,T5.2,indirection,1,python,0,0,0,0,0
sample_05986,stripe_secret_key,T5.2,indirection,1,python,0,0,0,0,0
sample_05987,stripe_secret_key,T5.2,indirection,1,python,0,0,0,0,0
sample_05988,stripe_secret_key,T5.2,indirection,1,python,0,0,0,0,0
sample_05989,stripe_secret_key,T5.2,indirection,1,python,0,0,0,0,0
sample_05990,stripe_secret_key,T5.2,indirection,1,python,0,0,0,0,0
sample_05991,stripe_secret_key,T5.2,indirection,1,python,0,0,0,0,0
sample_05992,stripe_secret_key,T5.2,indirection,1,python,0,0,0,0,0
sample_05993,stripe_secret_key,T5.2,indirection,1,python,0,0,0,0,0
sample_05994,stripe_secret_key,T5.2,indirection,1,python,0,0,0,0,0
sample_05995,stripe_secret_key,T5.2,indirection,1,python,0,0,0,0,0
sample_05996,stripe_secret_key,T5.2,indirection,1,python,0,0,0,0,0
sample_05997,stripe_secret_key,T5.2,indirection,1,python,0,0,0,0,0
sample_05998,stripe_secret_key,T5.2,indirection,1,python,0,0,0,0,0
sample_05999,stripe_secret_key,T5.2,indirection,1,python,0,0,0,0,0
sample_06000,stripe_secret_key,T5.2,indirection,1,python,0,0,0,0,0
sample_06001,stripe_secret_key,T6.1,contextual,1,python,1,1,1,1,1
sample_06002,stripe_secret_key,T6.1,contextual,1,python,1,1,1,1,1
sample_06003,stripe_secret_key,T6.1,contextual,1,python,1,1,1,1,1
sample_06004,stripe_secret_key,T6.1,contextual,1,python,1,1,1,1,1
sample_06005,stripe_secret_key,T6.1,contextual,1,python,1,1,1,1,1
sample_06006,stripe_secret_key,T6.1,contextual,1,python,1,1,1,1,1
sample_06007,stripe_secret_key,T6.1,contextual,1,python,1,1,1,1,1
sample_06008,stripe_secret_key,T6.1,contextual,1,python,1,1,1,1,1
sample_06009,stripe_secret_key,T6.1,contextual,1,python,1,1,1,1,1
sample_06010,stripe_secret_key,T6.1,contextual,1,python,1,1,1,1,1
sample_06011,stripe_secret_key,T6.1,contextual,1,python,1,1,1,1,1
sample_06012,stripe_secret_key,T6.1,contextual,1,python,1,1,1,1,1
sample_06013,stripe_secret_key,T6.1,contextual,1,python,1,1,1,1,1
sample_06014,stripe_secret_key,T6.1,contextual,1,python,1,1,1,1,1
sample_06015,stripe_secret_key,T6.1,contextual,1,python,1,1,1,1,1
sample_06016,stripe_secret_key,T6.1,contextual,1,python,1,1,1,1,1
sample_06017,stripe_secret_key,T6.1,contextual,1,python,1,1,1,1,1
sample_06018,stripe_secret_key,T6.1,contextual,1,python,1,1,1,1,1
sample_06019,stripe_secret_key,T6.1,contextual,1,python,1,1,1,1,1
sample_06020,stripe_secret_key,T6.1,contextual,1,python,1,1,1,1,1
sample_06021,stripe_secret_key,T6.1,contextual,1,python,1,1,1,1,1
sample_06022,stripe_secret_key,T6.1,contextual,1,python,1,1,1,1,1
sample_06023,stripe_secret_key,T6.1,contextual,1,python,1,1,1,1,1
sample_06024,stripe_secret_key,T6.1,contextual,1,python,1,1,1,1,1
sample_06025,stripe_secret_key,T6.1,contextual,1,python,1,1,1,1,1
sample_06026,stripe_secret_key,T6.1,contextual,1,python,1,1,1,1,1
sample_06027,stripe_secret_key,T6.1,contextual,1,python,1,1,1,1,1
sample_06028,stripe_secret_key,T6.1,contextual,1,python,1,1,1,1,1
sample_06029,stripe_secret_key,T6.1,contextual,1,python,1,1,1,1,1
sample_06030,stripe_secret_key,T6.1,contextual,1,python,1,1,1,1,1
sample_06031,stripe_secret_key,T6.1,contextual,1,dotenv,1,1,1,1,1
sample_06032,stripe_secret_key,T6.1,contextual,1,dotenv,1,1,1,1,1
sample_06033,stripe_secret_key,T6.1,contextual,1,dotenv,1,1,1,1,1
sample_06034,stripe_secret_key,T6.1,contextual,1,dotenv,1,1,1,1,1
sample_06035,stripe_secret_key,T6.1,contextual,1,dotenv,1,1,1,1,1
sample_06036,stripe_secret_key,T6.1,contextual,1,dotenv,1,1,1,1,1
sample_06037,stripe_secret_key,T6.1,contextual,1,dotenv,1,1,1,1,1
sample_06038,stripe_secret_key,T6.1,contextual,1,dotenv,1,1,1,1,1
sample_06039,stripe_secret_key,T6.1,contextual,1,dotenv,1,1,1,1,1
sample_06040,stripe_secret_key,T6.1,contextual,1,dotenv,1,1,1,1,1
sample_06041,stripe_secret_key,T6.1,contextual,1,dotenv,1,1,1,1,1
sample_06042,stripe_secret_key,T6.1,contextual,1,dotenv,1,1,1,1,1
sample_06043,stripe_secret_key,T6.1,contextual,1,dotenv,1,1,1,1,1
sample_06044,stripe_secret_key,T6.1,contextual,1,dotenv,1,1,1,1,1
sample_06045,stripe_secret_key,T6.1,contextual,1,dotenv,1,1,1,1,1
sample_06046,stripe_secret_key,T6.1,contextual,1,dotenv,1,1,1,1,1
sample_06047,stripe_secret_key,T6.1,contextual,1,dotenv,1,1,1,1,1
sample_06048,stripe_secret_key,T6.1,contextual,1,dotenv,1,1,1,1,1
sample_06049,stripe_secret_key,T6.1,contextual,1,dotenv,1,1,1,1,1
sample_06050,stripe_secret_key,T6.1,contextual,1,dotenv,1,1,1,1,1
sample_06051,stripe_secret_key,T6.1,contextual,1,dotenv,1,1,1,1,1
sample_06052,stripe_secret_key,T6.1,contextual,1,dotenv,1,1,1,1,1
sample_06053,stripe_secret_key,T6.1,contextual,1,dotenv,1,1,1,1,1
sample_06054,stripe_secret_key,T6.1,contextual,1,dotenv,1,1,1,1,1
sample_06055,stripe_secret_key,T6.1,contextual,1,dotenv,1,1,1,1,1
sample_06056,stripe_secret_key,T6.1,contextual,1,dotenv,1,1,1,1,1
sample_06057,stripe_secret_key,T6.1,contextual,1,dotenv,1,1,1,1,1
sample_06058,stripe_secret_key,T6.1,contextual,1,dotenv,1,1,1,1,1
sample_06059,stripe_secret_key,T6.1,contextual,1,dotenv,1,1,1,1,1
sample_06060,stripe_secret_key,T6.1,contextual,1,dotenv,1,1,1,1,1
sample_06061,stripe_secret_key,T6.1,contextual,1,yaml,1,1,1,1,1
sample_06062,stripe_secret_key,T6.1,contextual,1,yaml,1,1,1,1,1
sample_06063,stripe_secret_key,T6.1,contextual,1,yaml,1,1,1,1,1
sample_06064,stripe_secret_key,T6.1,contextual,1,yaml,1,1,1,1,1
sample_06065,stripe_secret_key,T6.1,contextual,1,yaml,1,1,1,1,1
sample_06066,stripe_secret_key,T6.1,contextual,1,yaml,1,1,1,1,1
sample_06067,stripe_secret_key,T6.1,contextual,1,yaml,1,1,1,1,1
sample_06068,stripe_secret_key,T6.1,contextual,1,yaml,1,1,1,1,1
sample_06069,stripe_secret_key,T6.1,contextual,1,yaml,1,1,1,1,1
sample_06070,stripe_secret_key,T6.1,contextual,1,yaml,1,1,1,1,1
sample_06071,stripe_secret_key,T6.1,contextual,1,yaml,1,1,1,1,1
sample_06072,stripe_secret_key,T6.1,contextual,1,yaml,1,1,1,1,1
sample_06073,stripe_secret_key,T6.1,contextual,1,yaml,1,1,1,1,1
sample_06074,stripe_secret_key,T6.1,contextual,1,yaml,1,1,1,1,1
sample_06075,stripe_secret_key,T6.1,contextual,1,yaml,1,1,1,1,1
sample_06076,stripe_secret_key,T6.1,contextual,1,yaml,1,1,1,1,1
sample_06077,stripe_secret_key,T6.1,contextual,1,yaml,1,1,1,1,1
sample_06078,stripe_secret_key,T6.1,contextual,1,yaml,1,1,1,1,1
sample_06079,stripe_secret_key,T6.1,contextual,1,yaml,1,1,1,1,1
sample_06080,stripe_secret_key,T6.1,contextual,1,yaml,1,1,1,1,1
sample_06081,stripe_secret_key,T6.1,contextual,1,yaml,1,1,1,1,1
sample_06082,stripe_secret_key,T6.1,contextual,1,yaml,1,1,1,1,1
sample_06083,stripe_secret_key,T6.1,contextual,1,yaml,1,1,1,1,1
sample_06084,stripe_secret_key,T6.1,contextual,1,yaml,1,1,1,1,1
sample_06085,stripe_secret_key,T6.1,contextual,1,yaml,1,1,1,1,1
sample_06086,stripe_secret_key,T6.1,contextual,1,yaml,1,1,1,1,1
sample_06087,stripe_secret_key,T6.1,contextual,1,yaml,1,1,1,1,1
sample_06088,stripe_secret_key,T6.1,contextual,1,yaml,1,1,1,1,1
sample_06089,stripe_secret_key,T6.1,contextual,1,yaml,1,1,1,1,1
sample_06090,stripe_secret_key,T6.1,contextual,1,yaml,1,1,1,1,1
sample_06091,stripe_secret_key,T6.4,contextual,1,python,1,1,1,1,1
sample_06092,stripe_secret_key,T6.4,contextual,1,python,1,1,1,1,1
sample_06093,stripe_secret_key,T6.4,contextual,1,python,1,1,1,1,1
sample_06094,stripe_secret_key,T6.4,contextual,1,python,1,1,1,1,1
sample_06095,stripe_secret_key,T6.4,contextual,1,python,1,1,1,1,1
sample_06096,stripe_secret_key,T6.4,contextual,1,python,1,1,1,1,1
sample_06097,stripe_secret_key,T6.4,contextual,1,python,1,1,1,1,1
sample_06098,stripe_secret_key,T6.4,contextual,1,python,1,1,1,1,1
sample_06099,stripe_secret_key,T6.4,contextual,1,python,1,1,1,1,1
sample_06100,stripe_secret_key,T6.4,contextual,1,python,1,1,1,1,1
sample_06101,stripe_secret_key,T6.4,contextual,1,python,1,1,1,1,1
sample_06102,stripe_secret_key,T6.4,contextual,1,python,1,1,1,1,1
sample_06103,stripe_secret_key,T6.4,contextual,1,python,1,1,1,1,1
sample_06104,stripe_secret_key,T6.4,contextual,1,python,1,1,1,1,1
sample_06105,stripe_secret_key,T6.4,contextual,1,python,1,1,1,1,1
sample_06106,stripe_secret_key,T6.4,contextual,1,python,1,1,1,1,1
sample_06107,stripe_secret_key,T6.4,contextual,1,python,1,1,1,1,1
sample_06108,stripe_secret_key,T6.4,contextual,1,python,1,1,1,1,1
sample_06109,stripe_secret_key,T6.4,contextual,1,python,1,1,1,1,1
sample_06110,stripe_secret_key,T6.4,contextual,1,python,1,1,1,1,1
sample_06111,stripe_secret_key,T6.4,contextual,1,python,1,1,1,1,1
sample_06112,stripe_secret_key,T6.4,contextual,1,python,1,1,1,1,1
sample_06113,stripe_secret_key,T6.4,contextual,1,python,1,1,1,1,1
sample_06114,stripe_secret_key,T6.4,contextual,1,python,1,1,1,1,1
sample_06115,stripe_secret_key,T6.4,contextual,1,python,1,1,1,1,1
sample_06116,stripe_secret_key,T6.4,contextual,1,python,1,1,1,1,1
sample_06117,stripe_secret_key,T6.4,contextual,1,python,1,1,1,1,1
sample_06118,stripe_secret_key,T6.4,contextual,1,python,1,1,1,1,1
sample_06119,stripe_secret_key,T6.4,contextual,1,python,1,1,1,1,1
sample_06120,stripe_secret_key,T6.4,contextual,1,python,1,1,1,1,1
sample_06121,stripe_secret_key,T6.4,contextual,1,dotenv,1,1,1,1,1
sample_06122,stripe_secret_key,T6.4,contextual,1,dotenv,1,1,1,1,1
sample_06123,stripe_secret_key,T6.4,contextual,1,dotenv,1,1,1,1,1
sample_06124,stripe_secret_key,T6.4,contextual,1,dotenv,1,1,1,1,1
sample_06125,stripe_secret_key,T6.4,contextual,1,dotenv,1,1,1,1,1
sample_06126,stripe_secret_key,T6.4,contextual,1,dotenv,1,1,1,1,1
sample_06127,stripe_secret_key,T6.4,contextual,1,dotenv,1,1,1,1,1
sample_06128,stripe_secret_key,T6.4,contextual,1,dotenv,1,1,1,1,1
sample_06129,stripe_secret_key,T6.4,contextual,1,dotenv,1,1,1,1,1
sample_06130,stripe_secret_key,T6.4,contextual,1,dotenv,1,1,1,1,1
sample_06131,stripe_secret_key,T6.4,contextual,1,dotenv,1,1,1,1,1
sample_06132,stripe_secret_key,T6.4,contextual,1,dotenv,1,1,1,1,1
sample_06133,stripe_secret_key,T6.4,contextual,1,dotenv,1,1,1,1,1
sample_06134,stripe_secret_key,T6.4,contextual,1,dotenv,1,1,1,1,1
sample_06135,stripe_secret_key,T6.4,contextual,1,dotenv,1,1,1,1,1
sample_06136,stripe_secret_key,T6.4,contextual,1,dotenv,1,1,1,1,1
sample_06137,stripe_secret_key,T6.4,contextual,1,dotenv,1,1,1,1,1
sample_06138,stripe_secret_key,T6.4,contextual,1,dotenv,1,1,1,1,1
sample_06139,stripe_secret_key,T6.4,contextual,1,dotenv,1,1,1,1,1
sample_06140,stripe_secret_key,T6.4,contextual,1,dotenv,1,1,1,1,1
sample_06141,stripe_secret_key,T6.4,contextual,1,dotenv,1,1,1,1,1
sample_06142,stripe_secret_key,T6.4,contextual,1,dotenv,1,1,1,1,1
sample_06143,stripe_secret_key,T6.4,contextual,1,dotenv,1,1,1,1,1
sample_06144,stripe_secret_key,T6.4,contextual,1,dotenv,1,1,1,1,1
sample_06145,stripe_secret_key,T6.4,contextual,1,dotenv,1,1,1,1,1
sample_06146,stripe_secret_key,T6.4,contextual,1,dotenv,1,1,1,1,1
sample_06147,stripe_secret_key,T6.4,contextual,1,dotenv,1,1,1,1,1
sample_06148,stripe_secret_key,T6.4,contextual,1,dotenv,1,1,1,1,1
sample_06149,stripe_secret_key,T6.4,contextual,1,dotenv,1,1,1,1,1
sample_06150,stripe_secret_key,T6.4,contextual,1,dotenv,1,1,1,1,1
sample_06151,stripe_secret_key,T6.4,contextual,1,yaml,1,1,1,1,1
sample_06152,stripe_secret_key,T6.4,contextual,1,yaml,1,1,1,1,1
sample_06153,stripe_secret_key,T6.4,contextual,1,yaml,1,1,1,1,1
sample_06154,stripe_secret_key,T6.4,contextual,1,yaml,1,1,1,1,1
sample_06155,stripe_secret_key,T6.4,contextual,1,yaml,1,1,1,1,1
sample_06156,stripe_secret_key,T6.4,contextual,1,yaml,1,1,1,1,1
sample_06157,stripe_secret_key,T6.4,contextual,1,yaml,1,1,1,1,1
sample_06158,stripe_secret_key,T6.4,contextual,1,yaml,1,1,1,1,1
sample_06159,stripe_secret_key,T6.4,contextual,1,yaml,1,1,1,1,1
sample_06160,stripe_secret_key,T6.4,contextual,1,yaml,1,1,1,1,1
sample_06161,stripe_secret_key,T6.4,contextual,1,yaml,1,1,1,1,1
sample_06162,stripe_secret_key,T6.4,contextual,1,yaml,1,1,1,1,1
sample_06163,stripe_secret_key,T6.4,contextual,1,yaml,1,1,1,1,1
sample_06164,stripe_secret_key,T6.4,contextual,1,yaml,1,1,1,1,1
sample_06165,stripe_secret_key,T6.4,contextual,1,yaml,1,1,1,1,1
sample_06166,stripe_secret_key,T6.4,contextual,1,yaml,1,1,1,1,1
sample_06167,stripe_secret_key,T6.4,contextual,1,yaml,1,1,1,1,1
sample_06168,stripe_secret_key,T6.4,contextual,1,yaml,1,1,1,1,1
sample_06169,stripe_secret_key,T6.4,contextual,1,yaml,1,1,1,1,1
sample_06170,stripe_secret_key,T6.4,contextual,1,yaml,1,1,1,1,1
sample_06171,stripe_secret_key,T6.4,contextual,1,yaml,1,1,1,1,1
sample_06172,stripe_secret_key,T6.4,contextual,1,yaml,1,1,1,1,1
sample_06173,stripe_secret_key,T6.4,contextual,1,yaml,1,1,1,1,1
sample_06174,stripe_secret_key,T6.4,contextual,1,yaml,1,1,1,1,1
sample_06175,stripe_secret_key,T6.4,contextual,1,yaml,1,1,1,1,1
sample_06176,stripe_secret_key,T6.4,contextual,1,yaml,1,1,1,1,1
sample_06177,stripe_secret_key,T6.4,contextual,1,yaml,1,1,1,1,1
sample_06178,stripe_secret_key,T6.4,contextual,1,yaml,1,1,1,1,1
sample_06179,stripe_secret_key,T6.4,contextual,1,yaml,1,1,1,1,1
sample_06180,stripe_secret_key,T6.4,contextual,1,yaml,1,1,1,1,1
sample_06181,stripe_secret_key,T7.1,composition,2,python,0,0,0,0,0
sample_06182,stripe_secret_key,T7.1,composition,2,python,0,0,0,0,0
sample_06183,stripe_secret_key,T7.1,composition,2,python,0,0,0,0,0
sample_06184,stripe_secret_key,T7.1,composition,2,python,0,0,0,0,0
sample_06185,stripe_secret_key,T7.1,composition,2,python,0,0,0,0,0
sample_06186,stripe_secret_key,T7.1,composition,2,python,0,0,0,0,0
sample_06187,stripe_secret_key,T7.1,composition,2,python,0,1,0,1,0
sample_06188,stripe_secret_key,T7.1,composition,2,python,0,0,0,0,0
sample_06189,stripe_secret_key,T7.1,composition,2,python,0,1,0,1,0
sample_06190,stripe_secret_key,T7.1,composition,2,python,0,0,0,0,0
sample_06191,stripe_secret_key,T7.1,composition,2,python,0,0,0,0,0
sample_06192,stripe_secret_key,T7.1,composition,2,python,0,0,0,0,0
sample_06193,stripe_secret_key,T7.1,composition,2,python,0,0,0,0,0
sample_06194,stripe_secret_key,T7.1,composition,2,python,0,0,0,0,0
sample_06195,stripe_secret_key,T7.1,composition,2,python,0,0,0,0,0
sample_06196,stripe_secret_key,T7.1,composition,2,python,0,0,0,0,0
sample_06197,stripe_secret_key,T7.1,composition,2,python,0,0,0,0,0
sample_06198,stripe_secret_key,T7.1,composition,2,python,0,0,0,0,0
sample_06199,stripe_secret_key,T7.1,composition,2,python,0,0,0,0,0
sample_06200,stripe_secret_key,T7.1,composition,2,python,0,0,0,0,0
sample_06201,stripe_secret_key,T7.1,composition,2,python,0,0,0,0,0
sample_06202,stripe_secret_key,T7.1,composition,2,python,0,0,0,0,0
sample_06203,stripe_secret_key,T7.1,composition,2,python,0,0,0,0,0
sample_06204,stripe_secret_key,T7.1,composition,2,python,0,0,0,0,0
sample_06205,stripe_secret_key,T7.1,composition,2,python,0,0,0,0,0
sample_06206,stripe_secret_key,T7.1,composition,2,python,0,0,0,0,0
sample_06207,stripe_secret_key,T7.1,composition,2,python,0,0,0,0,0
sample_06208,stripe_secret_key,T7.1,composition,2,python,0,1,0,1,0
sample_06209,stripe_secret_key,T7.1,composition,2,python,0,0,0,0,0
sample_06210,stripe_secret_key,T7.1,composition,2,python,0,0,0,0,0
sample_06211,stripe_secret_key,T7.2,composition,2,python,0,0,0,0,0
sample_06212,stripe_secret_key,T7.2,composition,2,python,0,0,0,0,0
sample_06213,stripe_secret_key,T7.2,composition,2,python,0,0,0,0,0
sample_06214,stripe_secret_key,T7.2,composition,2,python,0,0,0,0,0
sample_06215,stripe_secret_key,T7.2,composition,2,python,0,0,0,0,0
sample_06216,stripe_secret_key,T7.2,composition,2,python,0,0,0,0,0
sample_06217,stripe_secret_key,T7.2,composition,2,python,0,0,0,0,0
sample_06218,stripe_secret_key,T7.2,composition,2,python,0,0,0,0,0
sample_06219,stripe_secret_key,T7.2,composition,2,python,0,0,0,0,0
sample_06220,stripe_secret_key,T7.2,composition,2,python,0,0,0,0,0
sample_06221,stripe_secret_key,T7.2,composition,2,python,0,0,0,0,0
sample_06222,stripe_secret_key,T7.2,composition,2,python,0,0,0,0,0
sample_06223,stripe_secret_key,T7.2,composition,2,python,0,0,0,0,0
sample_06224,stripe_secret_key,T7.2,composition,2,python,0,0,0,0,0
sample_06225,stripe_secret_key,T7.2,composition,2,python,0,0,0,0,0
sample_06226,stripe_secret_key,T7.2,composition,2,python,0,0,0,0,0
sample_06227,stripe_secret_key,T7.2,composition,2,python,0,0,0,0,0
sample_06228,stripe_secret_key,T7.2,composition,2,python,0,0,0,0,0
sample_06229,stripe_secret_key,T7.2,composition,2,python,0,0,0,0,0
sample_06230,stripe_secret_key,T7.2,composition,2,python,0,0,0,0,0
sample_06231,stripe_secret_key,T7.2,composition,2,python,0,0,0,0,0
sample_06232,stripe_secret_key,T7.2,composition,2,python,0,0,0,0,0
sample_06233,stripe_secret_key,T7.2,composition,2,python,0,0,0,0,0
sample_06234,stripe_secret_key,T7.2,composition,2,python,0,0,0,0,0
sample_06235,stripe_secret_key,T7.2,composition,2,python,0,0,0,0,0
sample_06236,stripe_secret_key,T7.2,composition,2,python,0,0,0,0,0
sample_06237,stripe_secret_key,T7.2,composition,2,python,0,0,0,0,0
sample_06238,stripe_secret_key,T7.2,composition,2,python,0,0,0,0,0
sample_06239,stripe_secret_key,T7.2,composition,2,python,0,0,0,0,0
sample_06240,stripe_secret_key,T7.2,composition,2,python,0,0,0,0,0
sample_06241,google_api_key,T0.0,control,1,python,1,1,1,1,0
sample_06242,google_api_key,T0.0,control,1,python,1,1,1,1,0
sample_06243,google_api_key,T0.0,control,1,python,1,1,1,1,0
sample_06244,google_api_key,T0.0,control,1,python,1,1,1,1,0
sample_06245,google_api_key,T0.0,control,1,python,1,1,1,1,0
sample_06246,google_api_key,T0.0,control,1,python,1,1,1,1,0
sample_06247,google_api_key,T0.0,control,1,python,1,1,1,1,0
sample_06248,google_api_key,T0.0,control,1,python,1,1,1,1,0
sample_06249,google_api_key,T0.0,control,1,python,1,1,1,1,0
sample_06250,google_api_key,T0.0,control,1,python,1,1,1,1,0
sample_06251,google_api_key,T0.0,control,1,python,1,1,1,1,0
sample_06252,google_api_key,T0.0,control,1,python,1,1,1,1,0
sample_06253,google_api_key,T0.0,control,1,python,1,1,1,1,0
sample_06254,google_api_key,T0.0,control,1,python,1,1,1,1,0
sample_06255,google_api_key,T0.0,control,1,python,1,1,1,1,0
sample_06256,google_api_key,T0.0,control,1,python,1,1,1,1,0
sample_06257,google_api_key,T0.0,control,1,python,1,1,1,1,0
sample_06258,google_api_key,T0.0,control,1,python,1,1,1,1,0
sample_06259,google_api_key,T0.0,control,1,python,1,1,1,1,0
sample_06260,google_api_key,T0.0,control,1,python,1,1,1,1,0
sample_06261,google_api_key,T0.0,control,1,python,1,1,1,1,0
sample_06262,google_api_key,T0.0,control,1,python,1,1,1,1,0
sample_06263,google_api_key,T0.0,control,1,python,1,1,1,1,0
sample_06264,google_api_key,T0.0,control,1,python,1,1,1,1,0
sample_06265,google_api_key,T0.0,control,1,python,1,1,1,1,0
sample_06266,google_api_key,T0.0,control,1,python,1,1,1,1,0
sample_06267,google_api_key,T0.0,control,1,python,1,1,1,1,0
sample_06268,google_api_key,T0.0,control,1,python,1,1,1,1,0
sample_06269,google_api_key,T0.0,control,1,python,1,1,1,1,0
sample_06270,google_api_key,T0.0,control,1,python,1,1,1,1,0
sample_06271,google_api_key,T0.0,control,1,dotenv,1,1,1,1,0
sample_06272,google_api_key,T0.0,control,1,dotenv,1,1,1,1,0
sample_06273,google_api_key,T0.0,control,1,dotenv,1,1,1,1,0
sample_06274,google_api_key,T0.0,control,1,dotenv,1,1,1,1,0
sample_06275,google_api_key,T0.0,control,1,dotenv,1,1,1,1,0
sample_06276,google_api_key,T0.0,control,1,dotenv,1,1,1,1,0
sample_06277,google_api_key,T0.0,control,1,dotenv,1,1,1,1,0
sample_06278,google_api_key,T0.0,control,1,dotenv,1,1,1,1,0
sample_06279,google_api_key,T0.0,control,1,dotenv,1,1,1,1,0
sample_06280,google_api_key,T0.0,control,1,dotenv,1,1,1,1,0
sample_06281,google_api_key,T0.0,control,1,dotenv,1,1,1,1,0
sample_06282,google_api_key,T0.0,control,1,dotenv,1,1,1,1,0
sample_06283,google_api_key,T0.0,control,1,dotenv,1,1,1,1,0
sample_06284,google_api_key,T0.0,control,1,dotenv,1,1,1,1,0
sample_06285,google_api_key,T0.0,control,1,dotenv,1,1,1,1,0
sample_06286,google_api_key,T0.0,control,1,dotenv,1,1,1,1,0
sample_06287,google_api_key,T0.0,control,1,dotenv,1,1,1,1,0
sample_06288,google_api_key,T0.0,control,1,dotenv,1,1,1,1,0
sample_06289,google_api_key,T0.0,control,1,dotenv,1,1,1,1,0
sample_06290,google_api_key,T0.0,control,1,dotenv,1,1,1,1,0
sample_06291,google_api_key,T0.0,control,1,dotenv,1,1,1,1,0
sample_06292,google_api_key,T0.0,control,1,dotenv,1,1,1,1,0
sample_06293,google_api_key,T0.0,control,1,dotenv,1,1,1,1,0
sample_06294,google_api_key,T0.0,control,1,dotenv,1,1,1,1,0
sample_06295,google_api_key,T0.0,control,1,dotenv,1,1,1,1,0
sample_06296,google_api_key,T0.0,control,1,dotenv,1,1,1,1,0
sample_06297,google_api_key,T0.0,control,1,dotenv,1,1,1,1,0
sample_06298,google_api_key,T0.0,control,1,dotenv,1,1,1,1,0
sample_06299,google_api_key,T0.0,control,1,dotenv,1,1,1,1,0
sample_06300,google_api_key,T0.0,control,1,dotenv,1,1,1,1,0
sample_06301,google_api_key,T0.0,control,1,yaml,1,1,1,1,0
sample_06302,google_api_key,T0.0,control,1,yaml,1,1,1,1,0
sample_06303,google_api_key,T0.0,control,1,yaml,1,1,1,1,0
sample_06304,google_api_key,T0.0,control,1,yaml,1,1,1,1,0
sample_06305,google_api_key,T0.0,control,1,yaml,1,1,1,1,0
sample_06306,google_api_key,T0.0,control,1,yaml,1,1,1,1,0
sample_06307,google_api_key,T0.0,control,1,yaml,1,1,1,1,0
sample_06308,google_api_key,T0.0,control,1,yaml,1,1,1,1,0
sample_06309,google_api_key,T0.0,control,1,yaml,1,1,1,1,0
sample_06310,google_api_key,T0.0,control,1,yaml,1,1,1,1,0
sample_06311,google_api_key,T0.0,control,1,yaml,1,1,1,1,0
sample_06312,google_api_key,T0.0,control,1,yaml,1,1,1,1,0
sample_06313,google_api_key,T0.0,control,1,yaml,1,1,1,1,0
sample_06314,google_api_key,T0.0,control,1,yaml,1,1,1,1,0
sample_06315,google_api_key,T0.0,control,1,yaml,1,1,1,1,0
sample_06316,google_api_key,T0.0,control,1,yaml,1,1,1,1,0
sample_06317,google_api_key,T0.0,control,1,yaml,1,1,1,1,0
sample_06318,google_api_key,T0.0,control,1,yaml,1,1,1,1,0
sample_06319,google_api_key,T0.0,control,1,yaml,1,1,1,1,0
sample_06320,google_api_key,T0.0,control,1,yaml,1,1,1,1,0
sample_06321,google_api_key,T0.0,control,1,yaml,1,1,1,1,0
sample_06322,google_api_key,T0.0,control,1,yaml,1,1,1,1,0
sample_06323,google_api_key,T0.0,control,1,yaml,1,1,1,1,0
sample_06324,google_api_key,T0.0,control,1,yaml,1,1,1,1,0
sample_06325,google_api_key,T0.0,control,1,yaml,1,1,1,1,0
sample_06326,google_api_key,T0.0,control,1,yaml,1,1,1,1,0
sample_06327,google_api_key,T0.0,control,1,yaml,1,1,1,1,0
sample_06328,google_api_key,T0.0,control,1,yaml,1,1,1,1,0
sample_06329,google_api_key,T0.0,control,1,yaml,1,1,1,1,0
sample_06330,google_api_key,T0.0,control,1,yaml,1,1,1,1,0
sample_06331,google_api_key,T1.1,encoding,1,python,1,1,1,1,0
sample_06332,google_api_key,T1.1,encoding,1,python,1,1,1,1,0
sample_06333,google_api_key,T1.1,encoding,1,python,1,1,1,1,0
sample_06334,google_api_key,T1.1,encoding,1,python,1,1,1,1,0
sample_06335,google_api_key,T1.1,encoding,1,python,1,1,1,1,0
sample_06336,google_api_key,T1.1,encoding,1,python,1,1,1,1,0
sample_06337,google_api_key,T1.1,encoding,1,python,1,1,1,1,0
sample_06338,google_api_key,T1.1,encoding,1,python,1,1,1,1,0
sample_06339,google_api_key,T1.1,encoding,1,python,1,1,1,1,0
sample_06340,google_api_key,T1.1,encoding,1,python,1,1,1,1,0
sample_06341,google_api_key,T1.1,encoding,1,python,1,1,1,1,0
sample_06342,google_api_key,T1.1,encoding,1,python,1,1,1,1,0
sample_06343,google_api_key,T1.1,encoding,1,python,1,1,1,1,0
sample_06344,google_api_key,T1.1,encoding,1,python,1,1,1,1,0
sample_06345,google_api_key,T1.1,encoding,1,python,1,1,1,1,0
sample_06346,google_api_key,T1.1,encoding,1,python,1,1,1,1,0
sample_06347,google_api_key,T1.1,encoding,1,python,1,1,1,1,0
sample_06348,google_api_key,T1.1,encoding,1,python,1,1,1,1,0
sample_06349,google_api_key,T1.1,encoding,1,python,1,1,1,1,0
sample_06350,google_api_key,T1.1,encoding,1,python,1,1,1,1,0
sample_06351,google_api_key,T1.1,encoding,1,python,1,1,1,1,0
sample_06352,google_api_key,T1.1,encoding,1,python,1,1,1,1,0
sample_06353,google_api_key,T1.1,encoding,1,python,1,1,1,1,0
sample_06354,google_api_key,T1.1,encoding,1,python,1,1,1,1,0
sample_06355,google_api_key,T1.1,encoding,1,python,1,1,1,1,0
sample_06356,google_api_key,T1.1,encoding,1,python,1,1,1,1,0
sample_06357,google_api_key,T1.1,encoding,1,python,1,1,1,1,0
sample_06358,google_api_key,T1.1,encoding,1,python,1,1,1,1,0
sample_06359,google_api_key,T1.1,encoding,1,python,1,1,1,1,0
sample_06360,google_api_key,T1.1,encoding,1,python,1,1,1,1,0
sample_06361,google_api_key,T1.1,encoding,1,dotenv,1,1,1,1,0
sample_06362,google_api_key,T1.1,encoding,1,dotenv,1,1,1,1,0
sample_06363,google_api_key,T1.1,encoding,1,dotenv,1,1,1,1,0
sample_06364,google_api_key,T1.1,encoding,1,dotenv,1,1,1,1,0
sample_06365,google_api_key,T1.1,encoding,1,dotenv,1,1,1,1,0
sample_06366,google_api_key,T1.1,encoding,1,dotenv,1,1,1,1,0
sample_06367,google_api_key,T1.1,encoding,1,dotenv,1,1,1,1,0
sample_06368,google_api_key,T1.1,encoding,1,dotenv,1,1,1,1,0
sample_06369,google_api_key,T1.1,encoding,1,dotenv,1,1,1,1,0
sample_06370,google_api_key,T1.1,encoding,1,dotenv,1,1,1,1,0
sample_06371,google_api_key,T1.1,encoding,1,dotenv,1,1,1,1,0
sample_06372,google_api_key,T1.1,encoding,1,dotenv,1,1,1,1,0
sample_06373,google_api_key,T1.1,encoding,1,dotenv,1,1,1,1,0
sample_06374,google_api_key,T1.1,encoding,1,dotenv,1,1,1,1,0
sample_06375,google_api_key,T1.1,encoding,1,dotenv,1,1,1,1,0
sample_06376,google_api_key,T1.1,encoding,1,dotenv,1,1,1,1,0
sample_06377,google_api_key,T1.1,encoding,1,dotenv,1,1,1,1,0
sample_06378,google_api_key,T1.1,encoding,1,dotenv,1,1,1,1,0
sample_06379,google_api_key,T1.1,encoding,1,dotenv,1,1,1,1,0
sample_06380,google_api_key,T1.1,encoding,1,dotenv,1,1,1,1,0
sample_06381,google_api_key,T1.1,encoding,1,dotenv,1,1,1,1,0
sample_06382,google_api_key,T1.1,encoding,1,dotenv,1,1,1,1,0
sample_06383,google_api_key,T1.1,encoding,1,dotenv,1,1,1,1,0
sample_06384,google_api_key,T1.1,encoding,1,dotenv,1,1,1,1,0
sample_06385,google_api_key,T1.1,encoding,1,dotenv,1,1,1,1,0
sample_06386,google_api_key,T1.1,encoding,1,dotenv,1,1,1,1,0
sample_06387,google_api_key,T1.1,encoding,1,dotenv,1,1,1,1,0
sample_06388,google_api_key,T1.1,encoding,1,dotenv,1,1,1,1,0
sample_06389,google_api_key,T1.1,encoding,1,dotenv,1,1,1,1,0
sample_06390,google_api_key,T1.1,encoding,1,dotenv,1,1,1,1,0
sample_06391,google_api_key,T1.1,encoding,1,yaml,1,1,1,1,0
sample_06392,google_api_key,T1.1,encoding,1,yaml,1,1,1,1,0
sample_06393,google_api_key,T1.1,encoding,1,yaml,1,1,1,1,0
sample_06394,google_api_key,T1.1,encoding,1,yaml,1,1,1,1,0
sample_06395,google_api_key,T1.1,encoding,1,yaml,1,1,1,1,0
sample_06396,google_api_key,T1.1,encoding,1,yaml,1,1,1,1,0
sample_06397,google_api_key,T1.1,encoding,1,yaml,1,1,1,1,0
sample_06398,google_api_key,T1.1,encoding,1,yaml,1,1,1,1,0
sample_06399,google_api_key,T1.1,encoding,1,yaml,1,1,1,1,0
sample_06400,google_api_key,T1.1,encoding,1,yaml,1,1,1,1,0
sample_06401,google_api_key,T1.1,encoding,1,yaml,1,1,1,1,0
sample_06402,google_api_key,T1.1,encoding,1,yaml,1,1,1,1,0
sample_06403,google_api_key,T1.1,encoding,1,yaml,1,1,1,1,0
sample_06404,google_api_key,T1.1,encoding,1,yaml,1,1,1,1,0
sample_06405,google_api_key,T1.1,encoding,1,yaml,1,1,1,1,0
sample_06406,google_api_key,T1.1,encoding,1,yaml,1,1,1,1,0
sample_06407,google_api_key,T1.1,encoding,1,yaml,1,1,1,1,0
sample_06408,google_api_key,T1.1,encoding,1,yaml,1,1,1,1,0
sample_06409,google_api_key,T1.1,encoding,1,yaml,1,1,1,1,0
sample_06410,google_api_key,T1.1,encoding,1,yaml,1,1,1,1,0
sample_06411,google_api_key,T1.1,encoding,1,yaml,1,1,1,1,0
sample_06412,google_api_key,T1.1,encoding,1,yaml,1,1,1,1,0
sample_06413,google_api_key,T1.1,encoding,1,yaml,1,1,1,1,0
sample_06414,google_api_key,T1.1,encoding,1,yaml,1,1,1,1,0
sample_06415,google_api_key,T1.1,encoding,1,yaml,1,1,1,1,0
sample_06416,google_api_key,T1.1,encoding,1,yaml,1,1,1,1,0
sample_06417,google_api_key,T1.1,encoding,1,yaml,1,1,1,1,0
sample_06418,google_api_key,T1.1,encoding,1,yaml,1,1,1,1,0
sample_06419,google_api_key,T1.1,encoding,1,yaml,1,1,1,1,0
sample_06420,google_api_key,T1.1,encoding,1,yaml,1,1,1,1,0
sample_06421,google_api_key,T1.2,encoding,1,python,1,1,1,1,0
sample_06422,google_api_key,T1.2,encoding,1,python,1,1,1,1,0
sample_06423,google_api_key,T1.2,encoding,1,python,1,1,1,1,0
sample_06424,google_api_key,T1.2,encoding,1,python,1,1,1,1,0
sample_06425,google_api_key,T1.2,encoding,1,python,1,1,0,0,0
sample_06426,google_api_key,T1.2,encoding,1,python,1,1,1,1,0
sample_06427,google_api_key,T1.2,encoding,1,python,1,1,1,1,0
sample_06428,google_api_key,T1.2,encoding,1,python,1,1,1,1,0
sample_06429,google_api_key,T1.2,encoding,1,python,1,1,1,1,0
sample_06430,google_api_key,T1.2,encoding,1,python,1,1,1,1,0
sample_06431,google_api_key,T1.2,encoding,1,python,1,1,1,1,0
sample_06432,google_api_key,T1.2,encoding,1,python,1,1,1,1,0
sample_06433,google_api_key,T1.2,encoding,1,python,1,1,1,1,0
sample_06434,google_api_key,T1.2,encoding,1,python,1,1,1,1,0
sample_06435,google_api_key,T1.2,encoding,1,python,1,1,1,1,0
sample_06436,google_api_key,T1.2,encoding,1,python,1,1,1,1,0
sample_06437,google_api_key,T1.2,encoding,1,python,1,1,1,1,0
sample_06438,google_api_key,T1.2,encoding,1,python,1,1,1,1,0
sample_06439,google_api_key,T1.2,encoding,1,python,1,1,1,1,0
sample_06440,google_api_key,T1.2,encoding,1,python,1,1,1,1,0
sample_06441,google_api_key,T1.2,encoding,1,python,1,1,1,1,0
sample_06442,google_api_key,T1.2,encoding,1,python,1,1,1,1,0
sample_06443,google_api_key,T1.2,encoding,1,python,1,1,1,1,0
sample_06444,google_api_key,T1.2,encoding,1,python,1,1,1,1,0
sample_06445,google_api_key,T1.2,encoding,1,python,1,1,1,1,0
sample_06446,google_api_key,T1.2,encoding,1,python,1,1,1,1,0
sample_06447,google_api_key,T1.2,encoding,1,python,1,1,1,1,0
sample_06448,google_api_key,T1.2,encoding,1,python,1,1,1,1,0
sample_06449,google_api_key,T1.2,encoding,1,python,1,1,1,1,0
sample_06450,google_api_key,T1.2,encoding,1,python,1,1,1,1,0
sample_06451,google_api_key,T1.2,encoding,1,dotenv,1,1,1,1,0
sample_06452,google_api_key,T1.2,encoding,1,dotenv,1,1,1,1,0
sample_06453,google_api_key,T1.2,encoding,1,dotenv,1,1,1,1,0
sample_06454,google_api_key,T1.2,encoding,1,dotenv,1,1,1,1,0
sample_06455,google_api_key,T1.2,encoding,1,dotenv,1,1,1,1,0
sample_06456,google_api_key,T1.2,encoding,1,dotenv,1,1,1,1,0
sample_06457,google_api_key,T1.2,encoding,1,dotenv,1,1,1,1,0
sample_06458,google_api_key,T1.2,encoding,1,dotenv,1,1,1,1,0
sample_06459,google_api_key,T1.2,encoding,1,dotenv,1,1,1,1,0
sample_06460,google_api_key,T1.2,encoding,1,dotenv,1,1,1,1,0
sample_06461,google_api_key,T1.2,encoding,1,dotenv,1,1,1,1,0
sample_06462,google_api_key,T1.2,encoding,1,dotenv,1,1,1,1,0
sample_06463,google_api_key,T1.2,encoding,1,dotenv,1,1,1,1,0
sample_06464,google_api_key,T1.2,encoding,1,dotenv,1,1,1,1,0
sample_06465,google_api_key,T1.2,encoding,1,dotenv,1,1,1,1,0
sample_06466,google_api_key,T1.2,encoding,1,dotenv,1,1,1,1,0
sample_06467,google_api_key,T1.2,encoding,1,dotenv,1,1,1,1,0
sample_06468,google_api_key,T1.2,encoding,1,dotenv,1,1,1,1,0
sample_06469,google_api_key,T1.2,encoding,1,dotenv,1,1,1,1,0
sample_06470,google_api_key,T1.2,encoding,1,dotenv,1,1,1,1,0
sample_06471,google_api_key,T1.2,encoding,1,dotenv,1,1,1,1,0
sample_06472,google_api_key,T1.2,encoding,1,dotenv,1,1,1,1,0
sample_06473,google_api_key,T1.2,encoding,1,dotenv,1,1,0,0,0
sample_06474,google_api_key,T1.2,encoding,1,dotenv,1,1,1,1,0
sample_06475,google_api_key,T1.2,encoding,1,dotenv,1,1,1,1,0
sample_06476,google_api_key,T1.2,encoding,1,dotenv,1,1,1,1,0
sample_06477,google_api_key,T1.2,encoding,1,dotenv,1,1,1,1,0
sample_06478,google_api_key,T1.2,encoding,1,dotenv,1,1,1,1,0
sample_06479,google_api_key,T1.2,encoding,1,dotenv,1,1,1,1,0
sample_06480,google_api_key,T1.2,encoding,1,dotenv,1,1,1,1,0
sample_06481,google_api_key,T1.2,encoding,1,yaml,1,1,1,1,0
sample_06482,google_api_key,T1.2,encoding,1,yaml,1,1,1,1,0
sample_06483,google_api_key,T1.2,encoding,1,yaml,1,1,1,1,0
sample_06484,google_api_key,T1.2,encoding,1,yaml,1,1,1,1,0
sample_06485,google_api_key,T1.2,encoding,1,yaml,1,1,1,1,0
sample_06486,google_api_key,T1.2,encoding,1,yaml,1,1,1,1,0
sample_06487,google_api_key,T1.2,encoding,1,yaml,1,1,1,1,0
sample_06488,google_api_key,T1.2,encoding,1,yaml,1,1,1,1,0
sample_06489,google_api_key,T1.2,encoding,1,yaml,1,1,1,1,0
sample_06490,google_api_key,T1.2,encoding,1,yaml,1,1,1,1,0
sample_06491,google_api_key,T1.2,encoding,1,yaml,1,1,1,1,0
sample_06492,google_api_key,T1.2,encoding,1,yaml,1,1,1,1,0
sample_06493,google_api_key,T1.2,encoding,1,yaml,1,1,0,0,0
sample_06494,google_api_key,T1.2,encoding,1,yaml,1,1,1,1,0
sample_06495,google_api_key,T1.2,encoding,1,yaml,1,1,1,1,0
sample_06496,google_api_key,T1.2,encoding,1,yaml,1,1,1,1,0
sample_06497,google_api_key,T1.2,encoding,1,yaml,1,1,1,1,0
sample_06498,google_api_key,T1.2,encoding,1,yaml,1,1,1,1,0
sample_06499,google_api_key,T1.2,encoding,1,yaml,1,1,1,1,0
sample_06500,google_api_key,T1.2,encoding,1,yaml,1,1,1,1,0
sample_06501,google_api_key,T1.2,encoding,1,yaml,1,1,1,1,0
sample_06502,google_api_key,T1.2,encoding,1,yaml,1,1,1,1,0
sample_06503,google_api_key,T1.2,encoding,1,yaml,1,1,1,1,0
sample_06504,google_api_key,T1.2,encoding,1,yaml,1,1,1,1,0
sample_06505,google_api_key,T1.2,encoding,1,yaml,1,1,1,1,0
sample_06506,google_api_key,T1.2,encoding,1,yaml,1,1,1,1,0
sample_06507,google_api_key,T1.2,encoding,1,yaml,1,1,1,1,0
sample_06508,google_api_key,T1.2,encoding,1,yaml,1,1,1,1,0
sample_06509,google_api_key,T1.2,encoding,1,yaml,1,1,1,1,0
sample_06510,google_api_key,T1.2,encoding,1,yaml,1,1,1,1,0
sample_06511,google_api_key,T1.3,encoding,1,python,0,0,0,0,0
sample_06512,google_api_key,T1.3,encoding,1,python,0,0,0,0,0
sample_06513,google_api_key,T1.3,encoding,1,python,0,0,0,0,0
sample_06514,google_api_key,T1.3,encoding,1,python,0,0,0,0,0
sample_06515,google_api_key,T1.3,encoding,1,python,0,0,0,0,0
sample_06516,google_api_key,T1.3,encoding,1,python,0,0,0,0,0
sample_06517,google_api_key,T1.3,encoding,1,python,0,0,0,0,0
sample_06518,google_api_key,T1.3,encoding,1,python,0,0,0,0,0
sample_06519,google_api_key,T1.3,encoding,1,python,0,0,0,0,0
sample_06520,google_api_key,T1.3,encoding,1,python,0,0,0,0,0
sample_06521,google_api_key,T1.3,encoding,1,python,0,0,0,0,0
sample_06522,google_api_key,T1.3,encoding,1,python,0,0,0,0,0
sample_06523,google_api_key,T1.3,encoding,1,python,0,0,0,0,0
sample_06524,google_api_key,T1.3,encoding,1,python,0,0,0,0,0
sample_06525,google_api_key,T1.3,encoding,1,python,0,0,0,0,0
sample_06526,google_api_key,T1.3,encoding,1,python,0,0,0,0,0
sample_06527,google_api_key,T1.3,encoding,1,python,0,0,0,0,0
sample_06528,google_api_key,T1.3,encoding,1,python,0,0,0,0,0
sample_06529,google_api_key,T1.3,encoding,1,python,0,0,0,0,0
sample_06530,google_api_key,T1.3,encoding,1,python,0,0,0,0,0
sample_06531,google_api_key,T1.3,encoding,1,python,0,0,0,0,0
sample_06532,google_api_key,T1.3,encoding,1,python,0,0,0,0,0
sample_06533,google_api_key,T1.3,encoding,1,python,0,0,0,0,0
sample_06534,google_api_key,T1.3,encoding,1,python,0,0,0,0,0
sample_06535,google_api_key,T1.3,encoding,1,python,0,0,0,0,0
sample_06536,google_api_key,T1.3,encoding,1,python,0,0,0,0,0
sample_06537,google_api_key,T1.3,encoding,1,python,0,0,0,0,0
sample_06538,google_api_key,T1.3,encoding,1,python,0,0,0,0,0
sample_06539,google_api_key,T1.3,encoding,1,python,0,0,0,0,0
sample_06540,google_api_key,T1.3,encoding,1,python,0,0,0,0,0
sample_06541,google_api_key,T1.3,encoding,1,dotenv,0,0,0,0,0
sample_06542,google_api_key,T1.3,encoding,1,dotenv,0,0,0,0,0
sample_06543,google_api_key,T1.3,encoding,1,dotenv,0,0,0,0,0
sample_06544,google_api_key,T1.3,encoding,1,dotenv,0,0,0,0,0
sample_06545,google_api_key,T1.3,encoding,1,dotenv,0,0,0,0,0
sample_06546,google_api_key,T1.3,encoding,1,dotenv,0,0,0,0,0
sample_06547,google_api_key,T1.3,encoding,1,dotenv,0,0,0,0,0
sample_06548,google_api_key,T1.3,encoding,1,dotenv,0,0,0,0,0
sample_06549,google_api_key,T1.3,encoding,1,dotenv,0,0,0,0,0
sample_06550,google_api_key,T1.3,encoding,1,dotenv,0,0,0,0,0
sample_06551,google_api_key,T1.3,encoding,1,dotenv,0,0,0,0,0
sample_06552,google_api_key,T1.3,encoding,1,dotenv,0,0,0,0,0
sample_06553,google_api_key,T1.3,encoding,1,dotenv,0,0,0,0,0
sample_06554,google_api_key,T1.3,encoding,1,dotenv,0,0,0,0,0
sample_06555,google_api_key,T1.3,encoding,1,dotenv,0,0,0,0,0
sample_06556,google_api_key,T1.3,encoding,1,dotenv,0,0,0,0,0
sample_06557,google_api_key,T1.3,encoding,1,dotenv,0,0,0,0,0
sample_06558,google_api_key,T1.3,encoding,1,dotenv,0,0,0,0,0
sample_06559,google_api_key,T1.3,encoding,1,dotenv,0,0,0,0,0
sample_06560,google_api_key,T1.3,encoding,1,dotenv,0,0,0,0,0
sample_06561,google_api_key,T1.3,encoding,1,dotenv,0,0,0,0,0
sample_06562,google_api_key,T1.3,encoding,1,dotenv,0,0,0,0,0
sample_06563,google_api_key,T1.3,encoding,1,dotenv,0,0,0,0,0
sample_06564,google_api_key,T1.3,encoding,1,dotenv,0,0,0,0,0
sample_06565,google_api_key,T1.3,encoding,1,dotenv,0,0,0,0,0
sample_06566,google_api_key,T1.3,encoding,1,dotenv,0,0,0,0,0
sample_06567,google_api_key,T1.3,encoding,1,dotenv,0,0,0,0,0
sample_06568,google_api_key,T1.3,encoding,1,dotenv,0,0,0,0,0
sample_06569,google_api_key,T1.3,encoding,1,dotenv,0,0,0,0,0
sample_06570,google_api_key,T1.3,encoding,1,dotenv,0,0,0,0,0
sample_06571,google_api_key,T1.3,encoding,1,yaml,0,0,0,0,0
sample_06572,google_api_key,T1.3,encoding,1,yaml,0,0,0,0,0
sample_06573,google_api_key,T1.3,encoding,1,yaml,0,0,0,0,0
sample_06574,google_api_key,T1.3,encoding,1,yaml,0,0,0,0,0
sample_06575,google_api_key,T1.3,encoding,1,yaml,0,0,0,0,0
sample_06576,google_api_key,T1.3,encoding,1,yaml,0,0,0,0,0
sample_06577,google_api_key,T1.3,encoding,1,yaml,0,0,0,0,0
sample_06578,google_api_key,T1.3,encoding,1,yaml,0,0,0,0,0
sample_06579,google_api_key,T1.3,encoding,1,yaml,0,0,0,0,0
sample_06580,google_api_key,T1.3,encoding,1,yaml,0,0,0,0,0
sample_06581,google_api_key,T1.3,encoding,1,yaml,0,0,0,0,0
sample_06582,google_api_key,T1.3,encoding,1,yaml,0,0,0,0,0
sample_06583,google_api_key,T1.3,encoding,1,yaml,0,0,0,0,0
sample_06584,google_api_key,T1.3,encoding,1,yaml,0,0,0,0,0
sample_06585,google_api_key,T1.3,encoding,1,yaml,0,0,0,0,0
sample_06586,google_api_key,T1.3,encoding,1,yaml,0,0,0,0,0
sample_06587,google_api_key,T1.3,encoding,1,yaml,0,0,0,0,0
sample_06588,google_api_key,T1.3,encoding,1,yaml,0,0,0,0,0
sample_06589,google_api_key,T1.3,encoding,1,yaml,0,0,0,0,0
sample_06590,google_api_key,T1.3,encoding,1,yaml,0,0,0,0,0
sample_06591,google_api_key,T1.3,encoding,1,yaml,0,0,0,0,0
sample_06592,google_api_key,T1.3,encoding,1,yaml,0,0,0,0,0
sample_06593,google_api_key,T1.3,encoding,1,yaml,0,0,0,0,0
sample_06594,google_api_key,T1.3,encoding,1,yaml,0,0,0,0,0
sample_06595,google_api_key,T1.3,encoding,1,yaml,0,0,0,0,0
sample_06596,google_api_key,T1.3,encoding,1,yaml,0,0,0,0,0
sample_06597,google_api_key,T1.3,encoding,1,yaml,0,0,0,0,0
sample_06598,google_api_key,T1.3,encoding,1,yaml,0,0,0,0,0
sample_06599,google_api_key,T1.3,encoding,1,yaml,0,0,0,0,0
sample_06600,google_api_key,T1.3,encoding,1,yaml,0,0,0,0,0
sample_06601,google_api_key,T1.4,encoding,1,python,1,1,1,1,0
sample_06602,google_api_key,T1.4,encoding,1,python,0,1,0,1,0
sample_06603,google_api_key,T1.4,encoding,1,python,1,1,1,1,0
sample_06604,google_api_key,T1.4,encoding,1,python,1,1,1,1,0
sample_06605,google_api_key,T1.4,encoding,1,python,1,1,1,1,0
sample_06606,google_api_key,T1.4,encoding,1,python,1,1,1,1,0
sample_06607,google_api_key,T1.4,encoding,1,python,0,1,0,1,0
sample_06608,google_api_key,T1.4,encoding,1,python,0,1,0,1,0
sample_06609,google_api_key,T1.4,encoding,1,python,0,1,0,1,0
sample_06610,google_api_key,T1.4,encoding,1,python,0,1,0,1,0
sample_06611,google_api_key,T1.4,encoding,1,python,1,1,1,1,0
sample_06612,google_api_key,T1.4,encoding,1,python,1,1,1,1,0
sample_06613,google_api_key,T1.4,encoding,1,python,0,1,0,1,0
sample_06614,google_api_key,T1.4,encoding,1,python,0,1,0,1,0
sample_06615,google_api_key,T1.4,encoding,1,python,0,1,0,1,0
sample_06616,google_api_key,T1.4,encoding,1,python,1,1,1,1,0
sample_06617,google_api_key,T1.4,encoding,1,python,0,1,0,1,0
sample_06618,google_api_key,T1.4,encoding,1,python,0,1,0,1,0
sample_06619,google_api_key,T1.4,encoding,1,python,0,1,0,1,0
sample_06620,google_api_key,T1.4,encoding,1,python,1,1,1,1,0
sample_06621,google_api_key,T1.4,encoding,1,python,0,1,0,1,0
sample_06622,google_api_key,T1.4,encoding,1,python,0,1,0,1,0
sample_06623,google_api_key,T1.4,encoding,1,python,0,1,0,1,0
sample_06624,google_api_key,T1.4,encoding,1,python,0,1,0,1,0
sample_06625,google_api_key,T1.4,encoding,1,python,0,1,0,1,0
sample_06626,google_api_key,T1.4,encoding,1,python,0,1,0,1,0
sample_06627,google_api_key,T1.4,encoding,1,python,1,1,1,1,0
sample_06628,google_api_key,T1.4,encoding,1,python,1,1,1,1,0
sample_06629,google_api_key,T1.4,encoding,1,python,0,1,0,1,0
sample_06630,google_api_key,T1.4,encoding,1,python,0,1,0,1,0
sample_06631,google_api_key,T1.4,encoding,1,dotenv,0,1,0,1,0
sample_06632,google_api_key,T1.4,encoding,1,dotenv,0,1,0,1,0
sample_06633,google_api_key,T1.4,encoding,1,dotenv,1,1,1,1,0
sample_06634,google_api_key,T1.4,encoding,1,dotenv,1,1,1,1,0
sample_06635,google_api_key,T1.4,encoding,1,dotenv,0,1,0,1,0
sample_06636,google_api_key,T1.4,encoding,1,dotenv,0,1,0,1,0
sample_06637,google_api_key,T1.4,encoding,1,dotenv,0,1,0,1,0
sample_06638,google_api_key,T1.4,encoding,1,dotenv,0,1,0,1,0
sample_06639,google_api_key,T1.4,encoding,1,dotenv,0,1,0,1,0
sample_06640,google_api_key,T1.4,encoding,1,dotenv,0,1,0,1,0
sample_06641,google_api_key,T1.4,encoding,1,dotenv,0,1,0,1,0
sample_06642,google_api_key,T1.4,encoding,1,dotenv,0,1,0,1,0
sample_06643,google_api_key,T1.4,encoding,1,dotenv,0,1,0,1,0
sample_06644,google_api_key,T1.4,encoding,1,dotenv,0,1,0,1,0
sample_06645,google_api_key,T1.4,encoding,1,dotenv,1,1,1,1,0
sample_06646,google_api_key,T1.4,encoding,1,dotenv,0,1,0,1,0
sample_06647,google_api_key,T1.4,encoding,1,dotenv,0,1,0,1,0
sample_06648,google_api_key,T1.4,encoding,1,dotenv,0,1,0,1,0
sample_06649,google_api_key,T1.4,encoding,1,dotenv,0,1,0,1,0
sample_06650,google_api_key,T1.4,encoding,1,dotenv,1,1,1,1,0
sample_06651,google_api_key,T1.4,encoding,1,dotenv,1,1,1,1,0
sample_06652,google_api_key,T1.4,encoding,1,dotenv,0,1,0,1,0
sample_06653,google_api_key,T1.4,encoding,1,dotenv,0,1,0,1,0
sample_06654,google_api_key,T1.4,encoding,1,dotenv,0,1,0,1,0
sample_06655,google_api_key,T1.4,encoding,1,dotenv,0,1,0,1,0
sample_06656,google_api_key,T1.4,encoding,1,dotenv,0,1,0,1,0
sample_06657,google_api_key,T1.4,encoding,1,dotenv,0,1,0,1,0
sample_06658,google_api_key,T1.4,encoding,1,dotenv,0,1,0,1,0
sample_06659,google_api_key,T1.4,encoding,1,dotenv,0,1,0,1,0
sample_06660,google_api_key,T1.4,encoding,1,dotenv,0,1,0,1,0
sample_06661,google_api_key,T1.4,encoding,1,yaml,0,1,0,1,0
sample_06662,google_api_key,T1.4,encoding,1,yaml,0,1,0,1,0
sample_06663,google_api_key,T1.4,encoding,1,yaml,0,1,0,1,0
sample_06664,google_api_key,T1.4,encoding,1,yaml,0,1,0,1,0
sample_06665,google_api_key,T1.4,encoding,1,yaml,0,1,0,1,0
sample_06666,google_api_key,T1.4,encoding,1,yaml,0,1,0,1,0
sample_06667,google_api_key,T1.4,encoding,1,yaml,1,1,1,1,0
sample_06668,google_api_key,T1.4,encoding,1,yaml,1,1,1,1,0
sample_06669,google_api_key,T1.4,encoding,1,yaml,0,1,0,1,0
sample_06670,google_api_key,T1.4,encoding,1,yaml,0,1,0,1,0
sample_06671,google_api_key,T1.4,encoding,1,yaml,0,1,0,1,0
sample_06672,google_api_key,T1.4,encoding,1,yaml,0,1,0,1,0
sample_06673,google_api_key,T1.4,encoding,1,yaml,0,1,0,1,0
sample_06674,google_api_key,T1.4,encoding,1,yaml,1,1,1,1,0
sample_06675,google_api_key,T1.4,encoding,1,yaml,1,1,1,1,0
sample_06676,google_api_key,T1.4,encoding,1,yaml,1,1,1,1,0
sample_06677,google_api_key,T1.4,encoding,1,yaml,0,1,0,1,0
sample_06678,google_api_key,T1.4,encoding,1,yaml,0,1,0,1,0
sample_06679,google_api_key,T1.4,encoding,1,yaml,1,1,1,1,0
sample_06680,google_api_key,T1.4,encoding,1,yaml,0,1,0,1,0
sample_06681,google_api_key,T1.4,encoding,1,yaml,0,1,0,1,0
sample_06682,google_api_key,T1.4,encoding,1,yaml,0,1,0,1,0
sample_06683,google_api_key,T1.4,encoding,1,yaml,0,1,0,1,0
sample_06684,google_api_key,T1.4,encoding,1,yaml,0,1,0,1,0
sample_06685,google_api_key,T1.4,encoding,1,yaml,0,1,0,1,0
sample_06686,google_api_key,T1.4,encoding,1,yaml,1,1,1,1,0
sample_06687,google_api_key,T1.4,encoding,1,yaml,0,1,0,1,0
sample_06688,google_api_key,T1.4,encoding,1,yaml,0,1,0,1,0
sample_06689,google_api_key,T1.4,encoding,1,yaml,0,1,0,1,0
sample_06690,google_api_key,T1.4,encoding,1,yaml,0,1,0,1,0
sample_06691,google_api_key,T1.5,encoding,1,python,1,1,1,1,0
sample_06692,google_api_key,T1.5,encoding,1,python,1,1,1,1,0
sample_06693,google_api_key,T1.5,encoding,1,python,1,1,1,1,0
sample_06694,google_api_key,T1.5,encoding,1,python,1,1,1,1,0
sample_06695,google_api_key,T1.5,encoding,1,python,1,1,1,1,0
sample_06696,google_api_key,T1.5,encoding,1,python,1,1,1,1,0
sample_06697,google_api_key,T1.5,encoding,1,python,1,1,1,1,0
sample_06698,google_api_key,T1.5,encoding,1,python,1,1,1,1,0
sample_06699,google_api_key,T1.5,encoding,1,python,1,1,1,1,0
sample_06700,google_api_key,T1.5,encoding,1,python,1,1,1,1,0
sample_06701,google_api_key,T1.5,encoding,1,python,1,1,1,1,0
sample_06702,google_api_key,T1.5,encoding,1,python,1,1,1,1,0
sample_06703,google_api_key,T1.5,encoding,1,python,1,1,1,1,0
sample_06704,google_api_key,T1.5,encoding,1,python,1,1,1,1,0
sample_06705,google_api_key,T1.5,encoding,1,python,1,1,1,1,0
sample_06706,google_api_key,T1.5,encoding,1,python,1,1,1,1,0
sample_06707,google_api_key,T1.5,encoding,1,python,1,1,1,1,0
sample_06708,google_api_key,T1.5,encoding,1,python,1,1,1,1,0
sample_06709,google_api_key,T1.5,encoding,1,python,1,1,1,1,0
sample_06710,google_api_key,T1.5,encoding,1,python,1,1,1,1,0
sample_06711,google_api_key,T1.5,encoding,1,python,1,1,1,1,0
sample_06712,google_api_key,T1.5,encoding,1,python,1,1,1,1,0
sample_06713,google_api_key,T1.5,encoding,1,python,1,1,1,1,0
sample_06714,google_api_key,T1.5,encoding,1,python,1,1,1,1,0
sample_06715,google_api_key,T1.5,encoding,1,python,1,1,1,1,0
sample_06716,google_api_key,T1.5,encoding,1,python,1,1,1,1,0
sample_06717,google_api_key,T1.5,encoding,1,python,1,1,1,1,0
sample_06718,google_api_key,T1.5,encoding,1,python,1,1,1,1,0
sample_06719,google_api_key,T1.5,encoding,1,python,1,1,1,1,0
sample_06720,google_api_key,T1.5,encoding,1,python,1,1,1,1,0
sample_06721,google_api_key,T1.5,encoding,1,dotenv,1,1,1,1,0
sample_06722,google_api_key,T1.5,encoding,1,dotenv,1,1,1,1,0
sample_06723,google_api_key,T1.5,encoding,1,dotenv,1,1,1,1,0
sample_06724,google_api_key,T1.5,encoding,1,dotenv,1,1,1,1,0
sample_06725,google_api_key,T1.5,encoding,1,dotenv,1,1,1,1,0
sample_06726,google_api_key,T1.5,encoding,1,dotenv,1,1,1,1,0
sample_06727,google_api_key,T1.5,encoding,1,dotenv,1,1,1,1,0
sample_06728,google_api_key,T1.5,encoding,1,dotenv,1,1,1,1,0
sample_06729,google_api_key,T1.5,encoding,1,dotenv,1,1,1,1,0
sample_06730,google_api_key,T1.5,encoding,1,dotenv,1,1,1,1,0
sample_06731,google_api_key,T1.5,encoding,1,dotenv,1,1,1,1,0
sample_06732,google_api_key,T1.5,encoding,1,dotenv,1,1,1,1,0
sample_06733,google_api_key,T1.5,encoding,1,dotenv,1,1,1,1,0
sample_06734,google_api_key,T1.5,encoding,1,dotenv,1,1,1,1,0
sample_06735,google_api_key,T1.5,encoding,1,dotenv,1,1,1,1,0
sample_06736,google_api_key,T1.5,encoding,1,dotenv,1,1,1,1,0
sample_06737,google_api_key,T1.5,encoding,1,dotenv,1,1,1,1,0
sample_06738,google_api_key,T1.5,encoding,1,dotenv,1,1,1,1,0
sample_06739,google_api_key,T1.5,encoding,1,dotenv,1,1,1,1,0
sample_06740,google_api_key,T1.5,encoding,1,dotenv,1,1,1,1,0
sample_06741,google_api_key,T1.5,encoding,1,dotenv,1,1,1,1,0
sample_06742,google_api_key,T1.5,encoding,1,dotenv,1,1,1,1,0
sample_06743,google_api_key,T1.5,encoding,1,dotenv,1,1,1,1,0
sample_06744,google_api_key,T1.5,encoding,1,dotenv,1,1,1,1,0
sample_06745,google_api_key,T1.5,encoding,1,dotenv,1,1,1,1,0
sample_06746,google_api_key,T1.5,encoding,1,dotenv,1,1,1,1,0
sample_06747,google_api_key,T1.5,encoding,1,dotenv,1,1,1,1,0
sample_06748,google_api_key,T1.5,encoding,1,dotenv,1,1,1,1,0
sample_06749,google_api_key,T1.5,encoding,1,dotenv,1,1,1,1,0
sample_06750,google_api_key,T1.5,encoding,1,dotenv,1,1,1,1,0
sample_06751,google_api_key,T1.5,encoding,1,yaml,1,1,1,1,0
sample_06752,google_api_key,T1.5,encoding,1,yaml,1,1,1,1,0
sample_06753,google_api_key,T1.5,encoding,1,yaml,1,1,1,1,0
sample_06754,google_api_key,T1.5,encoding,1,yaml,1,1,1,1,0
sample_06755,google_api_key,T1.5,encoding,1,yaml,1,1,1,1,0
sample_06756,google_api_key,T1.5,encoding,1,yaml,1,1,1,1,0
sample_06757,google_api_key,T1.5,encoding,1,yaml,1,1,1,1,0
sample_06758,google_api_key,T1.5,encoding,1,yaml,1,1,1,1,0
sample_06759,google_api_key,T1.5,encoding,1,yaml,1,1,1,1,0
sample_06760,google_api_key,T1.5,encoding,1,yaml,1,1,1,1,0
sample_06761,google_api_key,T1.5,encoding,1,yaml,1,1,1,1,0
sample_06762,google_api_key,T1.5,encoding,1,yaml,1,1,1,1,0
sample_06763,google_api_key,T1.5,encoding,1,yaml,1,1,1,1,0
sample_06764,google_api_key,T1.5,encoding,1,yaml,1,1,1,1,0
sample_06765,google_api_key,T1.5,encoding,1,yaml,1,1,1,1,0
sample_06766,google_api_key,T1.5,encoding,1,yaml,1,1,1,1,0
sample_06767,google_api_key,T1.5,encoding,1,yaml,1,1,1,1,0
sample_06768,google_api_key,T1.5,encoding,1,yaml,1,1,1,1,0
sample_06769,google_api_key,T1.5,encoding,1,yaml,1,1,1,1,0
sample_06770,google_api_key,T1.5,encoding,1,yaml,1,1,1,1,0
sample_06771,google_api_key,T1.5,encoding,1,yaml,1,1,1,1,0
sample_06772,google_api_key,T1.5,encoding,1,yaml,1,1,1,1,0
sample_06773,google_api_key,T1.5,encoding,1,yaml,1,1,1,1,0
sample_06774,google_api_key,T1.5,encoding,1,yaml,1,1,1,1,0
sample_06775,google_api_key,T1.5,encoding,1,yaml,1,1,1,1,0
sample_06776,google_api_key,T1.5,encoding,1,yaml,1,1,1,1,0
sample_06777,google_api_key,T1.5,encoding,1,yaml,1,1,1,1,0
sample_06778,google_api_key,T1.5,encoding,1,yaml,1,1,1,1,0
sample_06779,google_api_key,T1.5,encoding,1,yaml,1,1,1,1,0
sample_06780,google_api_key,T1.5,encoding,1,yaml,1,1,1,1,0
sample_06781,google_api_key,T1.6,encoding,1,python,1,1,1,1,0
sample_06782,google_api_key,T1.6,encoding,1,python,1,1,1,1,0
sample_06783,google_api_key,T1.6,encoding,1,python,1,1,1,1,0
sample_06784,google_api_key,T1.6,encoding,1,python,1,1,1,1,0
sample_06785,google_api_key,T1.6,encoding,1,python,1,1,1,1,0
sample_06786,google_api_key,T1.6,encoding,1,python,1,1,1,1,0
sample_06787,google_api_key,T1.6,encoding,1,python,1,1,1,1,0
sample_06788,google_api_key,T1.6,encoding,1,python,1,1,1,1,0
sample_06789,google_api_key,T1.6,encoding,1,python,1,1,1,1,0
sample_06790,google_api_key,T1.6,encoding,1,python,1,1,1,1,0
sample_06791,google_api_key,T1.6,encoding,1,python,1,1,1,1,0
sample_06792,google_api_key,T1.6,encoding,1,python,1,1,1,1,0
sample_06793,google_api_key,T1.6,encoding,1,python,1,1,1,1,0
sample_06794,google_api_key,T1.6,encoding,1,python,1,1,1,1,0
sample_06795,google_api_key,T1.6,encoding,1,python,1,1,1,1,0
sample_06796,google_api_key,T1.6,encoding,1,python,1,1,1,1,0
sample_06797,google_api_key,T1.6,encoding,1,python,0,0,0,0,0
sample_06798,google_api_key,T1.6,encoding,1,python,1,1,1,1,0
sample_06799,google_api_key,T1.6,encoding,1,python,1,1,1,1,0
sample_06800,google_api_key,T1.6,encoding,1,python,1,1,1,1,0
sample_06801,google_api_key,T1.6,encoding,1,python,1,1,1,1,0
sample_06802,google_api_key,T1.6,encoding,1,python,1,1,1,1,0
sample_06803,google_api_key,T1.6,encoding,1,python,1,1,1,1,0
sample_06804,google_api_key,T1.6,encoding,1,python,1,1,1,1,0
sample_06805,google_api_key,T1.6,encoding,1,python,1,1,1,1,0
sample_06806,google_api_key,T1.6,encoding,1,python,1,1,1,1,0
sample_06807,google_api_key,T1.6,encoding,1,python,1,1,1,1,0
sample_06808,google_api_key,T1.6,encoding,1,python,1,1,1,1,0
sample_06809,google_api_key,T1.6,encoding,1,python,1,1,1,1,0
sample_06810,google_api_key,T1.6,encoding,1,python,1,1,1,1,0
sample_06811,google_api_key,T1.6,encoding,1,dotenv,1,1,1,1,0
sample_06812,google_api_key,T1.6,encoding,1,dotenv,1,1,1,1,0
sample_06813,google_api_key,T1.6,encoding,1,dotenv,1,1,1,1,0
sample_06814,google_api_key,T1.6,encoding,1,dotenv,0,0,0,0,0
sample_06815,google_api_key,T1.6,encoding,1,dotenv,1,1,1,1,0
sample_06816,google_api_key,T1.6,encoding,1,dotenv,1,1,1,1,0
sample_06817,google_api_key,T1.6,encoding,1,dotenv,1,1,1,1,0
sample_06818,google_api_key,T1.6,encoding,1,dotenv,1,1,1,1,0
sample_06819,google_api_key,T1.6,encoding,1,dotenv,1,1,1,1,0
sample_06820,google_api_key,T1.6,encoding,1,dotenv,1,1,1,1,0
sample_06821,google_api_key,T1.6,encoding,1,dotenv,1,1,1,1,0
sample_06822,google_api_key,T1.6,encoding,1,dotenv,1,1,1,1,0
sample_06823,google_api_key,T1.6,encoding,1,dotenv,1,1,1,1,0
sample_06824,google_api_key,T1.6,encoding,1,dotenv,1,1,1,1,0
sample_06825,google_api_key,T1.6,encoding,1,dotenv,1,1,1,1,0
sample_06826,google_api_key,T1.6,encoding,1,dotenv,1,1,1,1,0
sample_06827,google_api_key,T1.6,encoding,1,dotenv,1,1,1,1,0
sample_06828,google_api_key,T1.6,encoding,1,dotenv,1,1,1,1,0
sample_06829,google_api_key,T1.6,encoding,1,dotenv,1,1,1,1,0
sample_06830,google_api_key,T1.6,encoding,1,dotenv,1,1,1,1,0
sample_06831,google_api_key,T1.6,encoding,1,dotenv,1,1,1,1,0
sample_06832,google_api_key,T1.6,encoding,1,dotenv,1,1,1,1,0
sample_06833,google_api_key,T1.6,encoding,1,dotenv,1,1,1,1,0
sample_06834,google_api_key,T1.6,encoding,1,dotenv,1,1,1,1,0
sample_06835,google_api_key,T1.6,encoding,1,dotenv,1,1,1,1,0
sample_06836,google_api_key,T1.6,encoding,1,dotenv,1,1,1,1,0
sample_06837,google_api_key,T1.6,encoding,1,dotenv,1,1,1,1,0
sample_06838,google_api_key,T1.6,encoding,1,dotenv,1,1,1,1,0
sample_06839,google_api_key,T1.6,encoding,1,dotenv,1,1,1,1,0
sample_06840,google_api_key,T1.6,encoding,1,dotenv,1,1,1,1,0
sample_06841,google_api_key,T1.6,encoding,1,yaml,1,1,1,1,0
sample_06842,google_api_key,T1.6,encoding,1,yaml,1,1,1,1,0
sample_06843,google_api_key,T1.6,encoding,1,yaml,1,1,1,1,0
sample_06844,google_api_key,T1.6,encoding,1,yaml,1,1,1,1,0
sample_06845,google_api_key,T1.6,encoding,1,yaml,1,1,1,1,0
sample_06846,google_api_key,T1.6,encoding,1,yaml,1,1,1,1,0
sample_06847,google_api_key,T1.6,encoding,1,yaml,1,1,1,1,0
sample_06848,google_api_key,T1.6,encoding,1,yaml,1,1,1,1,0
sample_06849,google_api_key,T1.6,encoding,1,yaml,1,1,1,1,0
sample_06850,google_api_key,T1.6,encoding,1,yaml,1,1,1,1,0
sample_06851,google_api_key,T1.6,encoding,1,yaml,1,1,1,1,0
sample_06852,google_api_key,T1.6,encoding,1,yaml,1,1,1,1,0
sample_06853,google_api_key,T1.6,encoding,1,yaml,1,1,0,0,0
sample_06854,google_api_key,T1.6,encoding,1,yaml,1,1,1,1,0
sample_06855,google_api_key,T1.6,encoding,1,yaml,1,1,1,1,0
sample_06856,google_api_key,T1.6,encoding,1,yaml,1,1,1,1,0
sample_06857,google_api_key,T1.6,encoding,1,yaml,1,1,1,1,0
sample_06858,google_api_key,T1.6,encoding,1,yaml,1,1,1,1,0
sample_06859,google_api_key,T1.6,encoding,1,yaml,1,1,1,1,0
sample_06860,google_api_key,T1.6,encoding,1,yaml,1,1,1,1,0
sample_06861,google_api_key,T1.6,encoding,1,yaml,1,1,1,1,0
sample_06862,google_api_key,T1.6,encoding,1,yaml,1,1,1,1,0
sample_06863,google_api_key,T1.6,encoding,1,yaml,1,1,1,1,0
sample_06864,google_api_key,T1.6,encoding,1,yaml,1,1,1,1,0
sample_06865,google_api_key,T1.6,encoding,1,yaml,1,1,1,1,0
sample_06866,google_api_key,T1.6,encoding,1,yaml,1,1,1,1,0
sample_06867,google_api_key,T1.6,encoding,1,yaml,1,1,1,1,0
sample_06868,google_api_key,T1.6,encoding,1,yaml,1,1,1,1,0
sample_06869,google_api_key,T1.6,encoding,1,yaml,1,1,1,1,0
sample_06870,google_api_key,T1.6,encoding,1,yaml,1,1,1,1,0
sample_06871,google_api_key,T1.7,encoding,1,python,1,1,1,1,0
sample_06872,google_api_key,T1.7,encoding,1,python,1,1,1,1,0
sample_06873,google_api_key,T1.7,encoding,1,python,1,1,1,1,0
sample_06874,google_api_key,T1.7,encoding,1,python,1,1,1,1,0
sample_06875,google_api_key,T1.7,encoding,1,python,1,1,1,1,0
sample_06876,google_api_key,T1.7,encoding,1,python,1,1,1,1,0
sample_06877,google_api_key,T1.7,encoding,1,python,1,1,1,1,0
sample_06878,google_api_key,T1.7,encoding,1,python,1,1,1,1,0
sample_06879,google_api_key,T1.7,encoding,1,python,1,1,1,1,0
sample_06880,google_api_key,T1.7,encoding,1,python,1,1,1,1,0
sample_06881,google_api_key,T1.7,encoding,1,python,1,1,1,1,0
sample_06882,google_api_key,T1.7,encoding,1,python,1,1,1,1,0
sample_06883,google_api_key,T1.7,encoding,1,python,1,1,1,1,0
sample_06884,google_api_key,T1.7,encoding,1,python,1,1,1,1,0
sample_06885,google_api_key,T1.7,encoding,1,python,1,1,1,1,0
sample_06886,google_api_key,T1.7,encoding,1,python,0,0,0,0,0
sample_06887,google_api_key,T1.7,encoding,1,python,1,1,1,1,0
sample_06888,google_api_key,T1.7,encoding,1,python,1,1,1,1,0
sample_06889,google_api_key,T1.7,encoding,1,python,1,1,1,1,0
sample_06890,google_api_key,T1.7,encoding,1,python,1,1,1,1,0
sample_06891,google_api_key,T1.7,encoding,1,python,1,1,1,1,0
sample_06892,google_api_key,T1.7,encoding,1,python,1,1,1,1,0
sample_06893,google_api_key,T1.7,encoding,1,python,1,1,1,1,0
sample_06894,google_api_key,T1.7,encoding,1,python,1,1,1,1,0
sample_06895,google_api_key,T1.7,encoding,1,python,1,1,1,1,0
sample_06896,google_api_key,T1.7,encoding,1,python,1,1,1,1,0
sample_06897,google_api_key,T1.7,encoding,1,python,1,1,1,1,0
sample_06898,google_api_key,T1.7,encoding,1,python,1,1,1,1,0
sample_06899,google_api_key,T1.7,encoding,1,python,1,1,1,1,0
sample_06900,google_api_key,T1.7,encoding,1,python,1,1,1,1,0
sample_06901,google_api_key,T1.7,encoding,1,dotenv,1,1,1,1,0
sample_06902,google_api_key,T1.7,encoding,1,dotenv,1,1,1,1,0
sample_06903,google_api_key,T1.7,encoding,1,dotenv,1,1,1,1,0
sample_06904,google_api_key,T1.7,encoding,1,dotenv,1,1,1,1,0
sample_06905,google_api_key,T1.7,encoding,1,dotenv,1,1,1,1,0
sample_06906,google_api_key,T1.7,encoding,1,dotenv,1,1,1,1,0
sample_06907,google_api_key,T1.7,encoding,1,dotenv,1,1,1,1,0
sample_06908,google_api_key,T1.7,encoding,1,dotenv,1,1,1,1,0
sample_06909,google_api_key,T1.7,encoding,1,dotenv,1,1,1,1,0
sample_06910,google_api_key,T1.7,encoding,1,dotenv,1,1,0,0,0
sample_06911,google_api_key,T1.7,encoding,1,dotenv,1,1,1,1,0
sample_06912,google_api_key,T1.7,encoding,1,dotenv,1,1,1,1,0
sample_06913,google_api_key,T1.7,encoding,1,dotenv,1,1,1,1,0
sample_06914,google_api_key,T1.7,encoding,1,dotenv,1,1,1,1,0
sample_06915,google_api_key,T1.7,encoding,1,dotenv,1,1,1,1,0
sample_06916,google_api_key,T1.7,encoding,1,dotenv,1,1,1,1,0
sample_06917,google_api_key,T1.7,encoding,1,dotenv,1,1,1,1,0
sample_06918,google_api_key,T1.7,encoding,1,dotenv,1,1,1,1,0
sample_06919,google_api_key,T1.7,encoding,1,dotenv,1,1,1,1,0
sample_06920,google_api_key,T1.7,encoding,1,dotenv,1,1,1,1,0
sample_06921,google_api_key,T1.7,encoding,1,dotenv,1,1,1,1,0
sample_06922,google_api_key,T1.7,encoding,1,dotenv,1,1,1,1,0
sample_06923,google_api_key,T1.7,encoding,1,dotenv,1,1,1,1,0
sample_06924,google_api_key,T1.7,encoding,1,dotenv,1,1,1,1,0
sample_06925,google_api_key,T1.7,encoding,1,dotenv,1,1,1,1,0
sample_06926,google_api_key,T1.7,encoding,1,dotenv,1,1,1,1,0
sample_06927,google_api_key,T1.7,encoding,1,dotenv,1,1,1,1,0
sample_06928,google_api_key,T1.7,encoding,1,dotenv,1,1,1,1,0
sample_06929,google_api_key,T1.7,encoding,1,dotenv,1,1,1,1,0
sample_06930,google_api_key,T1.7,encoding,1,dotenv,1,1,1,1,0
sample_06931,google_api_key,T1.7,encoding,1,yaml,1,1,1,1,0
sample_06932,google_api_key,T1.7,encoding,1,yaml,1,1,1,1,0
sample_06933,google_api_key,T1.7,encoding,1,yaml,1,1,1,1,0
sample_06934,google_api_key,T1.7,encoding,1,yaml,1,1,1,1,0
sample_06935,google_api_key,T1.7,encoding,1,yaml,1,1,1,1,0
sample_06936,google_api_key,T1.7,encoding,1,yaml,1,1,1,1,0
sample_06937,google_api_key,T1.7,encoding,1,yaml,1,1,1,1,0
sample_06938,google_api_key,T1.7,encoding,1,yaml,1,1,1,1,0
sample_06939,google_api_key,T1.7,encoding,1,yaml,1,1,1,1,0
sample_06940,google_api_key,T1.7,encoding,1,yaml,1,1,1,1,0
sample_06941,google_api_key,T1.7,encoding,1,yaml,1,1,1,1,0
sample_06942,google_api_key,T1.7,encoding,1,yaml,1,1,1,1,0
sample_06943,google_api_key,T1.7,encoding,1,yaml,1,1,1,1,0
sample_06944,google_api_key,T1.7,encoding,1,yaml,1,1,1,1,0
sample_06945,google_api_key,T1.7,encoding,1,yaml,1,1,1,1,0
sample_06946,google_api_key,T1.7,encoding,1,yaml,1,1,1,1,0
sample_06947,google_api_key,T1.7,encoding,1,yaml,1,1,1,1,0
sample_06948,google_api_key,T1.7,encoding,1,yaml,0,0,0,0,0
sample_06949,google_api_key,T1.7,encoding,1,yaml,1,1,1,1,0
sample_06950,google_api_key,T1.7,encoding,1,yaml,1,1,1,1,0
sample_06951,google_api_key,T1.7,encoding,1,yaml,1,1,1,1,0
sample_06952,google_api_key,T1.7,encoding,1,yaml,1,1,1,1,0
sample_06953,google_api_key,T1.7,encoding,1,yaml,1,1,1,1,0
sample_06954,google_api_key,T1.7,encoding,1,yaml,1,1,1,1,0
sample_06955,google_api_key,T1.7,encoding,1,yaml,1,1,1,1,0
sample_06956,google_api_key,T1.7,encoding,1,yaml,1,1,1,1,0
sample_06957,google_api_key,T1.7,encoding,1,yaml,1,1,1,1,0
sample_06958,google_api_key,T1.7,encoding,1,yaml,1,1,1,1,0
sample_06959,google_api_key,T1.7,encoding,1,yaml,1,1,1,1,0
sample_06960,google_api_key,T1.7,encoding,1,yaml,1,1,1,1,0
sample_06961,google_api_key,T2.1,multi_encoding,2,python,1,1,1,1,0
sample_06962,google_api_key,T2.1,multi_encoding,2,python,1,1,1,1,0
sample_06963,google_api_key,T2.1,multi_encoding,2,python,1,1,1,1,0
sample_06964,google_api_key,T2.1,multi_encoding,2,python,1,1,1,1,0
sample_06965,google_api_key,T2.1,multi_encoding,2,python,1,1,1,1,0
sample_06966,google_api_key,T2.1,multi_encoding,2,python,1,1,1,1,0
sample_06967,google_api_key,T2.1,multi_encoding,2,python,1,1,1,1,0
sample_06968,google_api_key,T2.1,multi_encoding,2,python,1,1,1,1,0
sample_06969,google_api_key,T2.1,multi_encoding,2,python,1,1,1,1,0
sample_06970,google_api_key,T2.1,multi_encoding,2,python,1,1,1,1,0
sample_06971,google_api_key,T2.1,multi_encoding,2,python,1,1,1,1,0
sample_06972,google_api_key,T2.1,multi_encoding,2,python,1,1,1,1,0
sample_06973,google_api_key,T2.1,multi_encoding,2,python,1,1,1,1,0
sample_06974,google_api_key,T2.1,multi_encoding,2,python,1,1,1,1,0
sample_06975,google_api_key,T2.1,multi_encoding,2,python,1,1,1,1,0
sample_06976,google_api_key,T2.1,multi_encoding,2,python,1,1,1,1,0
sample_06977,google_api_key,T2.1,multi_encoding,2,python,1,1,1,1,0
sample_06978,google_api_key,T2.1,multi_encoding,2,python,1,1,1,1,0
sample_06979,google_api_key,T2.1,multi_encoding,2,python,1,1,1,1,0
sample_06980,google_api_key,T2.1,multi_encoding,2,python,1,1,1,1,0
sample_06981,google_api_key,T2.1,multi_encoding,2,python,1,1,1,1,0
sample_06982,google_api_key,T2.1,multi_encoding,2,python,1,1,1,1,0
sample_06983,google_api_key,T2.1,multi_encoding,2,python,1,1,1,1,0
sample_06984,google_api_key,T2.1,multi_encoding,2,python,1,1,1,1,0
sample_06985,google_api_key,T2.1,multi_encoding,2,python,1,1,0,1,0
sample_06986,google_api_key,T2.1,multi_encoding,2,python,1,1,1,1,0
sample_06987,google_api_key,T2.1,multi_encoding,2,python,1,1,1,1,0
sample_06988,google_api_key,T2.1,multi_encoding,2,python,1,1,1,1,0
sample_06989,google_api_key,T2.1,multi_encoding,2,python,1,1,1,1,0
sample_06990,google_api_key,T2.1,multi_encoding,2,python,1,1,1,1,0
sample_06991,google_api_key,T2.1,multi_encoding,2,dotenv,1,1,1,1,0
sample_06992,google_api_key,T2.1,multi_encoding,2,dotenv,1,1,1,1,0
sample_06993,google_api_key,T2.1,multi_encoding,2,dotenv,1,1,1,1,0
sample_06994,google_api_key,T2.1,multi_encoding,2,dotenv,1,1,1,1,0
sample_06995,google_api_key,T2.1,multi_encoding,2,dotenv,1,1,1,1,0
sample_06996,google_api_key,T2.1,multi_encoding,2,dotenv,1,1,1,1,0
sample_06997,google_api_key,T2.1,multi_encoding,2,dotenv,1,1,1,1,0
sample_06998,google_api_key,T2.1,multi_encoding,2,dotenv,1,1,1,1,0
sample_06999,google_api_key,T2.1,multi_encoding,2,dotenv,1,1,1,1,0
sample_07000,google_api_key,T2.1,multi_encoding,2,dotenv,1,1,1,1,0
sample_07001,google_api_key,T2.1,multi_encoding,2,dotenv,1,1,1,1,0
sample_07002,google_api_key,T2.1,multi_encoding,2,dotenv,1,1,1,1,0
sample_07003,google_api_key,T2.1,multi_encoding,2,dotenv,1,1,1,1,0
sample_07004,google_api_key,T2.1,multi_encoding,2,dotenv,1,1,1,1,0
sample_07005,google_api_key,T2.1,multi_encoding,2,dotenv,1,1,1,1,0
sample_07006,google_api_key,T2.1,multi_encoding,2,dotenv,1,1,1,1,0
sample_07007,google_api_key,T2.1,multi_encoding,2,dotenv,1,1,1,1,0
sample_07008,google_api_key,T2.1,multi_encoding,2,dotenv,1,1,1,1,0
sample_07009,google_api_key,T2.1,multi_encoding,2,dotenv,1,1,1,1,0
sample_07010,google_api_key,T2.1,multi_encoding,2,dotenv,1,1,1,1,0
sample_07011,google_api_key,T2.1,multi_encoding,2,dotenv,1,1,1,1,0
sample_07012,google_api_key,T2.1,multi_encoding,2,dotenv,1,1,1,1,0
sample_07013,google_api_key,T2.1,multi_encoding,2,dotenv,1,1,1,1,0
sample_07014,google_api_key,T2.1,multi_encoding,2,dotenv,1,1,1,1,0
sample_07015,google_api_key,T2.1,multi_encoding,2,dotenv,1,1,1,1,0
sample_07016,google_api_key,T2.1,multi_encoding,2,dotenv,1,1,1,1,0
sample_07017,google_api_key,T2.1,multi_encoding,2,dotenv,1,1,1,1,0
sample_07018,google_api_key,T2.1,multi_encoding,2,dotenv,1,1,1,1,0
sample_07019,google_api_key,T2.1,multi_encoding,2,dotenv,1,1,1,1,0
sample_07020,google_api_key,T2.1,multi_encoding,2,dotenv,1,1,1,1,0
sample_07021,google_api_key,T2.1,multi_encoding,2,yaml,1,1,1,1,0
sample_07022,google_api_key,T2.1,multi_encoding,2,yaml,1,1,1,1,0
sample_07023,google_api_key,T2.1,multi_encoding,2,yaml,1,1,1,1,0
sample_07024,google_api_key,T2.1,multi_encoding,2,yaml,1,1,1,1,0
sample_07025,google_api_key,T2.1,multi_encoding,2,yaml,1,1,1,1,0
sample_07026,google_api_key,T2.1,multi_encoding,2,yaml,1,1,1,1,0
sample_07027,google_api_key,T2.1,multi_encoding,2,yaml,1,1,1,1,0
sample_07028,google_api_key,T2.1,multi_encoding,2,yaml,1,1,1,1,0
sample_07029,google_api_key,T2.1,multi_encoding,2,yaml,1,1,1,1,0
sample_07030,google_api_key,T2.1,multi_encoding,2,yaml,1,1,1,1,0
sample_07031,google_api_key,T2.1,multi_encoding,2,yaml,1,1,1,1,0
sample_07032,google_api_key,T2.1,multi_encoding,2,yaml,1,1,1,1,0
sample_07033,google_api_key,T2.1,multi_encoding,2,yaml,1,1,1,1,0
sample_07034,google_api_key,T2.1,multi_encoding,2,yaml,1,1,1,1,0
sample_07035,google_api_key,T2.1,multi_encoding,2,yaml,1,1,1,1,0
sample_07036,google_api_key,T2.1,multi_encoding,2,yaml,1,1,1,1,0
sample_07037,google_api_key,T2.1,multi_encoding,2,yaml,1,1,1,1,0
sample_07038,google_api_key,T2.1,multi_encoding,2,yaml,1,1,1,1,0
sample_07039,google_api_key,T2.1,multi_encoding,2,yaml,1,1,1,1,0
sample_07040,google_api_key,T2.1,multi_encoding,2,yaml,1,1,1,1,0
sample_07041,google_api_key,T2.1,multi_encoding,2,yaml,1,1,1,1,0
sample_07042,google_api_key,T2.1,multi_encoding,2,yaml,1,1,1,1,0
sample_07043,google_api_key,T2.1,multi_encoding,2,yaml,1,1,1,1,0
sample_07044,google_api_key,T2.1,multi_encoding,2,yaml,1,1,1,1,0
sample_07045,google_api_key,T2.1,multi_encoding,2,yaml,1,1,1,1,0
sample_07046,google_api_key,T2.1,multi_encoding,2,yaml,1,1,1,1,0
sample_07047,google_api_key,T2.1,multi_encoding,2,yaml,1,1,1,1,0
sample_07048,google_api_key,T2.1,multi_encoding,2,yaml,1,1,1,1,0
sample_07049,google_api_key,T2.1,multi_encoding,2,yaml,1,1,1,1,0
sample_07050,google_api_key,T2.1,multi_encoding,2,yaml,1,1,1,1,0
sample_07051,google_api_key,T2.2,multi_encoding,3,python,1,1,1,1,0
sample_07052,google_api_key,T2.2,multi_encoding,3,python,1,1,1,1,0
sample_07053,google_api_key,T2.2,multi_encoding,3,python,1,1,1,1,0
sample_07054,google_api_key,T2.2,multi_encoding,3,python,1,1,1,1,0
sample_07055,google_api_key,T2.2,multi_encoding,3,python,1,1,1,1,0
sample_07056,google_api_key,T2.2,multi_encoding,3,python,1,1,1,1,0
sample_07057,google_api_key,T2.2,multi_encoding,3,python,1,1,1,1,0
sample_07058,google_api_key,T2.2,multi_encoding,3,python,1,1,1,1,0
sample_07059,google_api_key,T2.2,multi_encoding,3,python,1,1,1,1,0
sample_07060,google_api_key,T2.2,multi_encoding,3,python,1,1,1,1,0
sample_07061,google_api_key,T2.2,multi_encoding,3,python,1,1,1,1,0
sample_07062,google_api_key,T2.2,multi_encoding,3,python,1,1,1,1,0
sample_07063,google_api_key,T2.2,multi_encoding,3,python,1,1,1,1,0
sample_07064,google_api_key,T2.2,multi_encoding,3,python,1,1,1,1,0
sample_07065,google_api_key,T2.2,multi_encoding,3,python,1,1,1,1,0
sample_07066,google_api_key,T2.2,multi_encoding,3,python,1,1,1,1,0
sample_07067,google_api_key,T2.2,multi_encoding,3,python,1,1,1,1,0
sample_07068,google_api_key,T2.2,multi_encoding,3,python,1,1,1,1,0
sample_07069,google_api_key,T2.2,multi_encoding,3,python,1,1,1,1,0
sample_07070,google_api_key,T2.2,multi_encoding,3,python,1,1,1,1,0
sample_07071,google_api_key,T2.2,multi_encoding,3,python,1,1,1,1,0
sample_07072,google_api_key,T2.2,multi_encoding,3,python,1,1,1,1,0
sample_07073,google_api_key,T2.2,multi_encoding,3,python,1,1,1,1,0
sample_07074,google_api_key,T2.2,multi_encoding,3,python,1,1,1,1,0
sample_07075,google_api_key,T2.2,multi_encoding,3,python,1,1,1,1,0
sample_07076,google_api_key,T2.2,multi_encoding,3,python,1,1,1,1,0
sample_07077,google_api_key,T2.2,multi_encoding,3,python,1,1,1,1,0
sample_07078,google_api_key,T2.2,multi_encoding,3,python,1,1,1,1,0
sample_07079,google_api_key,T2.2,multi_encoding,3,python,1,1,1,1,0
sample_07080,google_api_key,T2.2,multi_encoding,3,python,1,1,1,1,0
sample_07081,google_api_key,T2.2,multi_encoding,3,dotenv,1,1,1,1,0
sample_07082,google_api_key,T2.2,multi_encoding,3,dotenv,1,1,1,1,0
sample_07083,google_api_key,T2.2,multi_encoding,3,dotenv,1,1,1,1,0
sample_07084,google_api_key,T2.2,multi_encoding,3,dotenv,1,1,1,1,0
sample_07085,google_api_key,T2.2,multi_encoding,3,dotenv,1,1,1,1,0
sample_07086,google_api_key,T2.2,multi_encoding,3,dotenv,1,1,1,1,0
sample_07087,google_api_key,T2.2,multi_encoding,3,dotenv,1,1,1,1,0
sample_07088,google_api_key,T2.2,multi_encoding,3,dotenv,1,1,1,1,0
sample_07089,google_api_key,T2.2,multi_encoding,3,dotenv,1,1,1,1,0
sample_07090,google_api_key,T2.2,multi_encoding,3,dotenv,1,1,1,1,0
sample_07091,google_api_key,T2.2,multi_encoding,3,dotenv,1,1,1,1,0
sample_07092,google_api_key,T2.2,multi_encoding,3,dotenv,1,1,1,1,0
sample_07093,google_api_key,T2.2,multi_encoding,3,dotenv,1,1,1,1,0
sample_07094,google_api_key,T2.2,multi_encoding,3,dotenv,1,1,1,1,0
sample_07095,google_api_key,T2.2,multi_encoding,3,dotenv,1,1,1,1,0
sample_07096,google_api_key,T2.2,multi_encoding,3,dotenv,1,1,1,1,0
sample_07097,google_api_key,T2.2,multi_encoding,3,dotenv,1,1,1,1,0
sample_07098,google_api_key,T2.2,multi_encoding,3,dotenv,1,1,1,1,0
sample_07099,google_api_key,T2.2,multi_encoding,3,dotenv,1,1,1,1,0
sample_07100,google_api_key,T2.2,multi_encoding,3,dotenv,1,1,1,1,0
sample_07101,google_api_key,T2.2,multi_encoding,3,dotenv,1,1,1,1,0
sample_07102,google_api_key,T2.2,multi_encoding,3,dotenv,1,1,1,1,0
sample_07103,google_api_key,T2.2,multi_encoding,3,dotenv,1,1,1,1,0
sample_07104,google_api_key,T2.2,multi_encoding,3,dotenv,1,1,1,1,0
sample_07105,google_api_key,T2.2,multi_encoding,3,dotenv,1,1,1,1,0
sample_07106,google_api_key,T2.2,multi_encoding,3,dotenv,1,1,1,1,0
sample_07107,google_api_key,T2.2,multi_encoding,3,dotenv,1,1,1,1,0
sample_07108,google_api_key,T2.2,multi_encoding,3,dotenv,1,1,1,1,0
sample_07109,google_api_key,T2.2,multi_encoding,3,dotenv,1,1,1,1,0
sample_07110,google_api_key,T2.2,multi_encoding,3,dotenv,1,1,1,1,0
sample_07111,google_api_key,T2.2,multi_encoding,3,yaml,1,1,1,1,0
sample_07112,google_api_key,T2.2,multi_encoding,3,yaml,1,1,1,1,0
sample_07113,google_api_key,T2.2,multi_encoding,3,yaml,1,1,1,1,0
sample_07114,google_api_key,T2.2,multi_encoding,3,yaml,1,1,1,1,0
sample_07115,google_api_key,T2.2,multi_encoding,3,yaml,1,1,1,1,0
sample_07116,google_api_key,T2.2,multi_encoding,3,yaml,1,1,1,1,0
sample_07117,google_api_key,T2.2,multi_encoding,3,yaml,1,1,1,1,0
sample_07118,google_api_key,T2.2,multi_encoding,3,yaml,1,1,1,1,0
sample_07119,google_api_key,T2.2,multi_encoding,3,yaml,1,1,1,1,0
sample_07120,google_api_key,T2.2,multi_encoding,3,yaml,1,1,1,1,0
sample_07121,google_api_key,T2.2,multi_encoding,3,yaml,0,1,0,1,0
sample_07122,google_api_key,T2.2,multi_encoding,3,yaml,1,1,1,1,0
sample_07123,google_api_key,T2.2,multi_encoding,3,yaml,1,1,1,1,0
sample_07124,google_api_key,T2.2,multi_encoding,3,yaml,1,1,1,1,0
sample_07125,google_api_key,T2.2,multi_encoding,3,yaml,1,1,1,1,0
sample_07126,google_api_key,T2.2,multi_encoding,3,yaml,1,1,1,1,0
sample_07127,google_api_key,T2.2,multi_encoding,3,yaml,1,1,1,1,0
sample_07128,google_api_key,T2.2,multi_encoding,3,yaml,1,1,1,1,0
sample_07129,google_api_key,T2.2,multi_encoding,3,yaml,1,1,1,1,0
sample_07130,google_api_key,T2.2,multi_encoding,3,yaml,1,1,1,1,0
sample_07131,google_api_key,T2.2,multi_encoding,3,yaml,1,1,1,1,0
sample_07132,google_api_key,T2.2,multi_encoding,3,yaml,1,1,1,1,0
sample_07133,google_api_key,T2.2,multi_encoding,3,yaml,1,1,1,1,0
sample_07134,google_api_key,T2.2,multi_encoding,3,yaml,1,1,1,1,0
sample_07135,google_api_key,T2.2,multi_encoding,3,yaml,1,1,1,1,0
sample_07136,google_api_key,T2.2,multi_encoding,3,yaml,1,1,1,1,0
sample_07137,google_api_key,T2.2,multi_encoding,3,yaml,1,1,1,1,0
sample_07138,google_api_key,T2.2,multi_encoding,3,yaml,1,1,1,1,0
sample_07139,google_api_key,T2.2,multi_encoding,3,yaml,0,1,0,1,0
sample_07140,google_api_key,T2.2,multi_encoding,3,yaml,1,1,1,1,0
sample_07141,google_api_key,T2.3,multi_encoding,2,python,0,1,0,1,0
sample_07142,google_api_key,T2.3,multi_encoding,2,python,0,1,0,1,0
sample_07143,google_api_key,T2.3,multi_encoding,2,python,0,1,0,1,0
sample_07144,google_api_key,T2.3,multi_encoding,2,python,0,1,0,1,0
sample_07145,google_api_key,T2.3,multi_encoding,2,python,0,1,0,1,0
sample_07146,google_api_key,T2.3,multi_encoding,2,python,0,1,0,1,0
sample_07147,google_api_key,T2.3,multi_encoding,2,python,0,1,0,1,0
sample_07148,google_api_key,T2.3,multi_encoding,2,python,0,1,0,1,0
sample_07149,google_api_key,T2.3,multi_encoding,2,python,0,1,0,1,0
sample_07150,google_api_key,T2.3,multi_encoding,2,python,0,1,0,1,0
sample_07151,google_api_key,T2.3,multi_encoding,2,python,0,1,0,1,0
sample_07152,google_api_key,T2.3,multi_encoding,2,python,0,1,0,1,0
sample_07153,google_api_key,T2.3,multi_encoding,2,python,0,1,0,1,0
sample_07154,google_api_key,T2.3,multi_encoding,2,python,0,1,0,1,0
sample_07155,google_api_key,T2.3,multi_encoding,2,python,0,1,0,1,0
sample_07156,google_api_key,T2.3,multi_encoding,2,python,0,1,0,1,0
sample_07157,google_api_key,T2.3,multi_encoding,2,python,0,1,0,1,0
sample_07158,google_api_key,T2.3,multi_encoding,2,python,0,1,0,1,0
sample_07159,google_api_key,T2.3,multi_encoding,2,python,0,1,0,1,0
sample_07160,google_api_key,T2.3,multi_encoding,2,python,0,1,0,1,0
sample_07161,google_api_key,T2.3,multi_encoding,2,python,0,1,0,1,0
sample_07162,google_api_key,T2.3,multi_encoding,2,python,0,1,0,1,0
sample_07163,google_api_key,T2.3,multi_encoding,2,python,1,1,1,1,0
sample_07164,google_api_key,T2.3,multi_encoding,2,python,0,1,0,1,0
sample_07165,google_api_key,T2.3,multi_encoding,2,python,0,1,0,1,0
sample_07166,google_api_key,T2.3,multi_encoding,2,python,0,1,0,1,0
sample_07167,google_api_key,T2.3,multi_encoding,2,python,0,1,0,1,0
sample_07168,google_api_key,T2.3,multi_encoding,2,python,0,1,0,1,0
sample_07169,google_api_key,T2.3,multi_encoding,2,python,0,1,0,1,0
sample_07170,google_api_key,T2.3,multi_encoding,2,python,0,1,0,1,0
sample_07171,google_api_key,T2.3,multi_encoding,2,dotenv,0,1,0,1,0
sample_07172,google_api_key,T2.3,multi_encoding,2,dotenv,0,1,0,1,0
sample_07173,google_api_key,T2.3,multi_encoding,2,dotenv,0,1,0,1,0
sample_07174,google_api_key,T2.3,multi_encoding,2,dotenv,0,1,0,1,0
sample_07175,google_api_key,T2.3,multi_encoding,2,dotenv,0,1,0,1,0
sample_07176,google_api_key,T2.3,multi_encoding,2,dotenv,0,1,0,1,0
sample_07177,google_api_key,T2.3,multi_encoding,2,dotenv,0,1,0,1,0
sample_07178,google_api_key,T2.3,multi_encoding,2,dotenv,0,1,0,1,0
sample_07179,google_api_key,T2.3,multi_encoding,2,dotenv,0,1,0,1,0
sample_07180,google_api_key,T2.3,multi_encoding,2,dotenv,0,1,0,1,0
sample_07181,google_api_key,T2.3,multi_encoding,2,dotenv,0,1,0,1,0
sample_07182,google_api_key,T2.3,multi_encoding,2,dotenv,0,1,0,1,0
sample_07183,google_api_key,T2.3,multi_encoding,2,dotenv,0,1,0,1,0
sample_07184,google_api_key,T2.3,multi_encoding,2,dotenv,0,1,0,1,0
sample_07185,google_api_key,T2.3,multi_encoding,2,dotenv,0,1,0,1,0
sample_07186,google_api_key,T2.3,multi_encoding,2,dotenv,0,1,0,1,0
sample_07187,google_api_key,T2.3,multi_encoding,2,dotenv,0,1,0,1,0
sample_07188,google_api_key,T2.3,multi_encoding,2,dotenv,0,1,0,1,0
sample_07189,google_api_key,T2.3,multi_encoding,2,dotenv,0,1,0,1,0
sample_07190,google_api_key,T2.3,multi_encoding,2,dotenv,0,1,0,1,0
sample_07191,google_api_key,T2.3,multi_encoding,2,dotenv,0,1,0,1,0
sample_07192,google_api_key,T2.3,multi_encoding,2,dotenv,0,1,0,1,0
sample_07193,google_api_key,T2.3,multi_encoding,2,dotenv,0,1,0,1,0
sample_07194,google_api_key,T2.3,multi_encoding,2,dotenv,0,1,0,1,0
sample_07195,google_api_key,T2.3,multi_encoding,2,dotenv,0,1,0,1,0
sample_07196,google_api_key,T2.3,multi_encoding,2,dotenv,0,1,0,1,0
sample_07197,google_api_key,T2.3,multi_encoding,2,dotenv,0,1,0,1,0
sample_07198,google_api_key,T2.3,multi_encoding,2,dotenv,0,1,0,1,0
sample_07199,google_api_key,T2.3,multi_encoding,2,dotenv,0,1,0,1,0
sample_07200,google_api_key,T2.3,multi_encoding,2,dotenv,0,1,0,1,0
sample_07201,google_api_key,T2.3,multi_encoding,2,yaml,0,1,0,1,0
sample_07202,google_api_key,T2.3,multi_encoding,2,yaml,0,1,0,1,0
sample_07203,google_api_key,T2.3,multi_encoding,2,yaml,0,1,0,1,0
sample_07204,google_api_key,T2.3,multi_encoding,2,yaml,0,1,0,1,0
sample_07205,google_api_key,T2.3,multi_encoding,2,yaml,0,1,0,1,0
sample_07206,google_api_key,T2.3,multi_encoding,2,yaml,0,1,0,1,0
sample_07207,google_api_key,T2.3,multi_encoding,2,yaml,0,1,0,1,0
sample_07208,google_api_key,T2.3,multi_encoding,2,yaml,0,1,0,1,0
sample_07209,google_api_key,T2.3,multi_encoding,2,yaml,0,1,0,1,0
sample_07210,google_api_key,T2.3,multi_encoding,2,yaml,0,1,0,1,0
sample_07211,google_api_key,T2.3,multi_encoding,2,yaml,0,1,0,1,0
sample_07212,google_api_key,T2.3,multi_encoding,2,yaml,0,1,0,1,0
sample_07213,google_api_key,T2.3,multi_encoding,2,yaml,0,1,0,1,0
sample_07214,google_api_key,T2.3,multi_encoding,2,yaml,0,1,0,1,0
sample_07215,google_api_key,T2.3,multi_encoding,2,yaml,0,1,0,1,0
sample_07216,google_api_key,T2.3,multi_encoding,2,yaml,0,1,0,1,0
sample_07217,google_api_key,T2.3,multi_encoding,2,yaml,0,1,0,1,0
sample_07218,google_api_key,T2.3,multi_encoding,2,yaml,0,1,0,1,0
sample_07219,google_api_key,T2.3,multi_encoding,2,yaml,0,1,0,1,0
sample_07220,google_api_key,T2.3,multi_encoding,2,yaml,0,1,0,1,0
sample_07221,google_api_key,T2.3,multi_encoding,2,yaml,0,1,0,1,0
sample_07222,google_api_key,T2.3,multi_encoding,2,yaml,0,1,0,1,0
sample_07223,google_api_key,T2.3,multi_encoding,2,yaml,0,1,0,1,0
sample_07224,google_api_key,T2.3,multi_encoding,2,yaml,1,1,1,1,0
sample_07225,google_api_key,T2.3,multi_encoding,2,yaml,0,1,0,1,0
sample_07226,google_api_key,T2.3,multi_encoding,2,yaml,0,1,0,1,0
sample_07227,google_api_key,T2.3,multi_encoding,2,yaml,0,1,0,1,0
sample_07228,google_api_key,T2.3,multi_encoding,2,yaml,0,1,0,1,0
sample_07229,google_api_key,T2.3,multi_encoding,2,yaml,0,1,0,1,0
sample_07230,google_api_key,T2.3,multi_encoding,2,yaml,1,1,1,1,0
sample_07231,google_api_key,T3.1,splitting,1,python,0,0,0,0,0
sample_07232,google_api_key,T3.1,splitting,1,python,1,1,1,1,0
sample_07233,google_api_key,T3.1,splitting,1,python,0,0,0,0,0
sample_07234,google_api_key,T3.1,splitting,1,python,0,0,0,0,0
sample_07235,google_api_key,T3.1,splitting,1,python,0,0,0,0,0
sample_07236,google_api_key,T3.1,splitting,1,python,0,0,0,0,0
sample_07237,google_api_key,T3.1,splitting,1,python,0,0,0,0,0
sample_07238,google_api_key,T3.1,splitting,1,python,0,0,0,0,0
sample_07239,google_api_key,T3.1,splitting,1,python,0,0,0,0,0
sample_07240,google_api_key,T3.1,splitting,1,python,1,1,1,1,0
sample_07241,google_api_key,T3.1,splitting,1,python,0,0,0,0,0
sample_07242,google_api_key,T3.1,splitting,1,python,1,1,1,1,0
sample_07243,google_api_key,T3.1,splitting,1,python,0,0,0,0,0
sample_07244,google_api_key,T3.1,splitting,1,python,0,0,0,0,0
sample_07245,google_api_key,T3.1,splitting,1,python,0,0,0,0,0
sample_07246,google_api_key,T3.1,splitting,1,python,1,1,1,1,0
sample_07247,google_api_key,T3.1,splitting,1,python,1,1,1,1,0
sample_07248,google_api_key,T3.1,splitting,1,python,1,1,1,1,0
sample_07249,google_api_key,T3.1,splitting,1,python,1,1,1,1,0
sample_07250,google_api_key,T3.1,splitting,1,python,0,0,0,0,0
sample_07251,google_api_key,T3.1,splitting,1,python,1,1,1,1,0
sample_07252,google_api_key,T3.1,splitting,1,python,1,1,1,1,0
sample_07253,google_api_key,T3.1,splitting,1,python,0,0,0,0,0
sample_07254,google_api_key,T3.1,splitting,1,python,0,0,0,0,0
sample_07255,google_api_key,T3.1,splitting,1,python,0,0,0,0,0
sample_07256,google_api_key,T3.1,splitting,1,python,0,0,0,0,0
sample_07257,google_api_key,T3.1,splitting,1,python,0,0,0,0,0
sample_07258,google_api_key,T3.1,splitting,1,python,1,1,1,1,0
sample_07259,google_api_key,T3.1,splitting,1,python,0,0,0,0,0
sample_07260,google_api_key,T3.1,splitting,1,python,0,0,0,0,0
sample_07261,google_api_key,T3.2,splitting,1,python,0,0,0,0,0
sample_07262,google_api_key,T3.2,splitting,1,python,0,0,0,0,0
sample_07263,google_api_key,T3.2,splitting,1,python,0,0,0,0,0
sample_07264,google_api_key,T3.2,splitting,1,python,0,0,0,0,0
sample_07265,google_api_key,T3.2,splitting,1,python,0,0,0,0,0
sample_07266,google_api_key,T3.2,splitting,1,python,0,0,0,0,0
sample_07267,google_api_key,T3.2,splitting,1,python,0,0,0,0,0
sample_07268,google_api_key,T3.2,splitting,1,python,0,0,0,0,0
sample_07269,google_api_key,T3.2,splitting,1,python,0,0,0,0,0
sample_07270,google_api_key,T3.2,splitting,1,python,0,0,0,0,0
sample_07271,google_api_key,T3.2,splitting,1,python,0,0,0,0,0
sample_07272,google_api_key,T3.2,splitting,1,python,0,0,0,0,0
sample_07273,google_api_key,T3.2,splitting,1,python,0,0,0,0,0
sample_07274,google_api_key,T3.2,splitting,1,python,0,0,0,0,0
sample_07275,google_api_key,T3.2,splitting,1,python,0,0,0,0,0
sample_07276,google_api_key,T3.2,splitting,1,python,0,0,0,0,0
sample_07277,google_api_key,T3.2,splitting,1,python,0,0,0,0,0
sample_07278,google_api_key,T3.2,splitting,1,python,0,0,0,0,0
sample_07279,google_api_key,T3.2,splitting,1,python,0,0,0,0,0
sample_07280,google_api_key,T3.2,splitting,1,python,0,0,0,0,0
sample_07281,google_api_key,T3.2,splitting,1,python,0,0,0,0,0
sample_07282,google_api_key,T3.2,splitting,1,python,0,0,0,0,0
sample_07283,google_api_key,T3.2,splitting,1,python,0,0,0,0,0
sample_07284,google_api_key,T3.2,splitting,1,python,0,0,0,0,0
sample_07285,google_api_key,T3.2,splitting,1,python,0,0,0,0,0
sample_07286,google_api_key,T3.2,splitting,1,python,0,0,0,0,0
sample_07287,google_api_key,T3.2,splitting,1,python,0,0,0,0,0
sample_07288,google_api_key,T3.2,splitting,1,python,0,0,0,0,0
sample_07289,google_api_key,T3.2,splitting,1,python,0,0,0,0,0
sample_07290,google_api_key,T3.2,splitting,1,python,0,0,0,0,0
sample_07291,google_api_key,T3.3,splitting,1,python,0,0,0,0,0
sample_07292,google_api_key,T3.3,splitting,1,python,0,0,0,0,0
sample_07293,google_api_key,T3.3,splitting,1,python,0,0,0,0,0
sample_07294,google_api_key,T3.3,splitting,1,python,0,0,0,0,0
sample_07295,google_api_key,T3.3,splitting,1,python,0,0,0,0,0
sample_07296,google_api_key,T3.3,splitting,1,python,0,0,0,0,0
sample_07297,google_api_key,T3.3,splitting,1,python,0,0,0,0,0
sample_07298,google_api_key,T3.3,splitting,1,python,0,0,0,0,0
sample_07299,google_api_key,T3.3,splitting,1,python,0,0,0,0,0
sample_07300,google_api_key,T3.3,splitting,1,python,0,0,0,0,0
sample_07301,google_api_key,T3.3,splitting,1,python,0,0,0,0,0
sample_07302,google_api_key,T3.3,splitting,1,python,0,0,0,0,0
sample_07303,google_api_key,T3.3,splitting,1,python,0,0,0,0,0
sample_07304,google_api_key,T3.3,splitting,1,python,0,0,0,0,0
sample_07305,google_api_key,T3.3,splitting,1,python,0,0,0,0,0
sample_07306,google_api_key,T3.3,splitting,1,python,0,0,0,0,0
sample_07307,google_api_key,T3.3,splitting,1,python,0,0,0,0,0
sample_07308,google_api_key,T3.3,splitting,1,python,0,0,0,0,0
sample_07309,google_api_key,T3.3,splitting,1,python,0,0,0,0,0
sample_07310,google_api_key,T3.3,splitting,1,python,0,0,0,0,0
sample_07311,google_api_key,T3.3,splitting,1,python,0,0,0,0,0
sample_07312,google_api_key,T3.3,splitting,1,python,0,0,0,0,0
sample_07313,google_api_key,T3.3,splitting,1,python,0,0,0,0,0
sample_07314,google_api_key,T3.3,splitting,1,python,0,0,0,0,0
sample_07315,google_api_key,T3.3,splitting,1,python,0,0,0,0,0
sample_07316,google_api_key,T3.3,splitting,1,python,0,0,0,0,0
sample_07317,google_api_key,T3.3,splitting,1,python,0,0,0,0,0
sample_07318,google_api_key,T3.3,splitting,1,python,0,0,0,0,0
sample_07319,google_api_key,T3.3,splitting,1,python,0,0,0,0,0
sample_07320,google_api_key,T3.3,splitting,1,python,0,0,0,0,0
sample_07321,google_api_key,T3.4,splitting,1,python,0,0,0,0,0
sample_07322,google_api_key,T3.4,splitting,1,python,0,0,0,0,0
sample_07323,google_api_key,T3.4,splitting,1,python,0,0,0,0,0
sample_07324,google_api_key,T3.4,splitting,1,python,0,0,0,0,0
sample_07325,google_api_key,T3.4,splitting,1,python,0,0,0,0,0
sample_07326,google_api_key,T3.4,splitting,1,python,0,0,0,0,0
sample_07327,google_api_key,T3.4,splitting,1,python,0,0,0,0,0
sample_07328,google_api_key,T3.4,splitting,1,python,0,0,0,0,0
sample_07329,google_api_key,T3.4,splitting,1,python,0,0,0,0,0
sample_07330,google_api_key,T3.4,splitting,1,python,0,0,0,0,0
sample_07331,google_api_key,T3.4,splitting,1,python,0,0,0,0,0
sample_07332,google_api_key,T3.4,splitting,1,python,0,0,0,0,0
sample_07333,google_api_key,T3.4,splitting,1,python,0,0,0,0,0
sample_07334,google_api_key,T3.4,splitting,1,python,0,0,0,0,0
sample_07335,google_api_key,T3.4,splitting,1,python,0,0,0,0,0
sample_07336,google_api_key,T3.4,splitting,1,python,0,0,0,0,0
sample_07337,google_api_key,T3.4,splitting,1,python,0,0,0,0,0
sample_07338,google_api_key,T3.4,splitting,1,python,0,0,0,0,0
sample_07339,google_api_key,T3.4,splitting,1,python,0,0,0,0,0
sample_07340,google_api_key,T3.4,splitting,1,python,0,0,0,0,0
sample_07341,google_api_key,T3.4,splitting,1,python,0,0,0,0,0
sample_07342,google_api_key,T3.4,splitting,1,python,0,0,0,0,0
sample_07343,google_api_key,T3.4,splitting,1,python,0,0,0,0,0
sample_07344,google_api_key,T3.4,splitting,1,python,0,0,0,0,0
sample_07345,google_api_key,T3.4,splitting,1,python,0,0,0,0,0
sample_07346,google_api_key,T3.4,splitting,1,python,0,0,0,0,0
sample_07347,google_api_key,T3.4,splitting,1,python,0,0,0,0,0
sample_07348,google_api_key,T3.4,splitting,1,python,0,0,0,0,0
sample_07349,google_api_key,T3.4,splitting,1,python,0,0,0,0,0
sample_07350,google_api_key,T3.4,splitting,1,python,0,0,0,0,0
sample_07351,google_api_key,T3.5,splitting,1,python,0,0,0,0,0
sample_07352,google_api_key,T3.5,splitting,1,python,0,0,0,0,0
sample_07353,google_api_key,T3.5,splitting,1,python,0,0,0,0,0
sample_07354,google_api_key,T3.5,splitting,1,python,0,0,0,0,0
sample_07355,google_api_key,T3.5,splitting,1,python,0,0,0,0,0
sample_07356,google_api_key,T3.5,splitting,1,python,0,0,0,0,0
sample_07357,google_api_key,T3.5,splitting,1,python,0,0,0,0,0
sample_07358,google_api_key,T3.5,splitting,1,python,0,0,0,0,0
sample_07359,google_api_key,T3.5,splitting,1,python,0,0,0,0,0
sample_07360,google_api_key,T3.5,splitting,1,python,0,0,0,0,0
sample_07361,google_api_key,T3.5,splitting,1,python,0,0,0,0,0
sample_07362,google_api_key,T3.5,splitting,1,python,0,0,0,0,0
sample_07363,google_api_key,T3.5,splitting,1,python,0,0,0,0,0
sample_07364,google_api_key,T3.5,splitting,1,python,0,0,0,0,0
sample_07365,google_api_key,T3.5,splitting,1,python,0,0,0,0,0
sample_07366,google_api_key,T3.5,splitting,1,python,0,0,0,0,0
sample_07367,google_api_key,T3.5,splitting,1,python,0,0,0,0,0
sample_07368,google_api_key,T3.5,splitting,1,python,0,0,0,0,0
sample_07369,google_api_key,T3.5,splitting,1,python,0,0,0,0,0
sample_07370,google_api_key,T3.5,splitting,1,python,0,0,0,0,0
sample_07371,google_api_key,T3.5,splitting,1,python,0,0,0,0,0
sample_07372,google_api_key,T3.5,splitting,1,python,0,0,0,0,0
sample_07373,google_api_key,T3.5,splitting,1,python,0,0,0,0,0
sample_07374,google_api_key,T3.5,splitting,1,python,0,0,0,0,0
sample_07375,google_api_key,T3.5,splitting,1,python,0,0,0,0,0
sample_07376,google_api_key,T3.5,splitting,1,python,0,0,0,0,0
sample_07377,google_api_key,T3.5,splitting,1,python,0,0,0,0,0
sample_07378,google_api_key,T3.5,splitting,1,python,0,0,0,0,0
sample_07379,google_api_key,T3.5,splitting,1,python,0,0,0,0,0
sample_07380,google_api_key,T3.5,splitting,1,python,0,0,0,0,0
sample_07381,google_api_key,T4.3,char_format,1,python,0,0,0,0,0
sample_07382,google_api_key,T4.3,char_format,1,python,0,0,0,0,0
sample_07383,google_api_key,T4.3,char_format,1,python,0,0,0,0,0
sample_07384,google_api_key,T4.3,char_format,1,python,0,0,0,0,0
sample_07385,google_api_key,T4.3,char_format,1,python,0,0,0,0,0
sample_07386,google_api_key,T4.3,char_format,1,python,0,0,0,0,0
sample_07387,google_api_key,T4.3,char_format,1,python,0,0,0,0,0
sample_07388,google_api_key,T4.3,char_format,1,python,0,0,0,0,0
sample_07389,google_api_key,T4.3,char_format,1,python,0,0,0,0,0
sample_07390,google_api_key,T4.3,char_format,1,python,0,0,0,0,0
sample_07391,google_api_key,T4.3,char_format,1,python,0,0,0,0,0
sample_07392,google_api_key,T4.3,char_format,1,python,0,0,0,0,0
sample_07393,google_api_key,T4.3,char_format,1,python,0,0,0,0,0
sample_07394,google_api_key,T4.3,char_format,1,python,0,0,0,0,0
sample_07395,google_api_key,T4.3,char_format,1,python,0,0,0,0,0
sample_07396,google_api_key,T4.3,char_format,1,python,0,0,0,0,0
sample_07397,google_api_key,T4.3,char_format,1,python,0,0,0,0,0
sample_07398,google_api_key,T4.3,char_format,1,python,0,0,0,0,0
sample_07399,google_api_key,T4.3,char_format,1,python,0,0,0,0,0
sample_07400,google_api_key,T4.3,char_format,1,python,0,0,0,0,0
sample_07401,google_api_key,T4.3,char_format,1,python,0,0,0,0,0
sample_07402,google_api_key,T4.3,char_format,1,python,0,0,0,0,0
sample_07403,google_api_key,T4.3,char_format,1,python,0,0,0,0,0
sample_07404,google_api_key,T4.3,char_format,1,python,0,0,0,0,0
sample_07405,google_api_key,T4.3,char_format,1,python,0,0,0,0,0
sample_07406,google_api_key,T4.3,char_format,1,python,0,0,0,0,0
sample_07407,google_api_key,T4.3,char_format,1,python,0,0,0,0,0
sample_07408,google_api_key,T4.3,char_format,1,python,0,0,0,0,0
sample_07409,google_api_key,T4.3,char_format,1,python,0,0,0,0,0
sample_07410,google_api_key,T4.3,char_format,1,python,0,0,0,0,0
sample_07411,google_api_key,T4.5,char_format,1,python,0,0,0,0,0
sample_07412,google_api_key,T4.5,char_format,1,python,0,0,0,0,0
sample_07413,google_api_key,T4.5,char_format,1,python,0,0,0,0,0
sample_07414,google_api_key,T4.5,char_format,1,python,0,0,0,0,0
sample_07415,google_api_key,T4.5,char_format,1,python,0,0,0,0,0
sample_07416,google_api_key,T4.5,char_format,1,python,0,0,0,0,0
sample_07417,google_api_key,T4.5,char_format,1,python,0,0,0,0,0
sample_07418,google_api_key,T4.5,char_format,1,python,0,0,0,0,0
sample_07419,google_api_key,T4.5,char_format,1,python,0,0,0,0,0
sample_07420,google_api_key,T4.5,char_format,1,python,0,0,0,0,0
sample_07421,google_api_key,T4.5,char_format,1,python,0,0,0,0,0
sample_07422,google_api_key,T4.5,char_format,1,python,0,0,0,0,0
sample_07423,google_api_key,T4.5,char_format,1,python,0,0,0,0,0
sample_07424,google_api_key,T4.5,char_format,1,python,0,0,0,0,0
sample_07425,google_api_key,T4.5,char_format,1,python,0,0,0,0,0
sample_07426,google_api_key,T4.5,char_format,1,python,0,0,0,0,0
sample_07427,google_api_key,T4.5,char_format,1,python,0,0,0,0,0
sample_07428,google_api_key,T4.5,char_format,1,python,0,0,0,0,0
sample_07429,google_api_key,T4.5,char_format,1,python,0,0,0,0,0
sample_07430,google_api_key,T4.5,char_format,1,python,0,0,0,0,0
sample_07431,google_api_key,T4.5,char_format,1,python,0,0,0,0,0
sample_07432,google_api_key,T4.5,char_format,1,python,0,0,0,0,0
sample_07433,google_api_key,T4.5,char_format,1,python,0,0,0,0,0
sample_07434,google_api_key,T4.5,char_format,1,python,0,0,0,0,0
sample_07435,google_api_key,T4.5,char_format,1,python,0,0,0,0,0
sample_07436,google_api_key,T4.5,char_format,1,python,0,0,0,0,0
sample_07437,google_api_key,T4.5,char_format,1,python,0,0,0,0,0
sample_07438,google_api_key,T4.5,char_format,1,python,0,0,0,0,0
sample_07439,google_api_key,T4.5,char_format,1,python,0,0,0,0,0
sample_07440,google_api_key,T4.5,char_format,1,python,0,0,0,0,0
sample_07441,google_api_key,T4.5,char_format,1,dotenv,0,0,0,0,0
sample_07442,google_api_key,T4.5,char_format,1,dotenv,0,0,0,0,0
sample_07443,google_api_key,T4.5,char_format,1,dotenv,0,0,0,0,0
sample_07444,google_api_key,T4.5,char_format,1,dotenv,0,0,0,0,0
sample_07445,google_api_key,T4.5,char_format,1,dotenv,0,0,0,0,0
sample_07446,google_api_key,T4.5,char_format,1,dotenv,0,0,0,0,0
sample_07447,google_api_key,T4.5,char_format,1,dotenv,0,0,0,0,0
sample_07448,google_api_key,T4.5,char_format,1,dotenv,0,0,0,0,0
sample_07449,google_api_key,T4.5,char_format,1,dotenv,0,0,0,0,0
sample_07450,google_api_key,T4.5,char_format,1,dotenv,0,0,0,0,0
sample_07451,google_api_key,T4.5,char_format,1,dotenv,0,0,0,0,0
sample_07452,google_api_key,T4.5,char_format,1,dotenv,0,0,0,0,0
sample_07453,google_api_key,T4.5,char_format,1,dotenv,0,0,0,0,0
sample_07454,google_api_key,T4.5,char_format,1,dotenv,0,0,0,0,0
sample_07455,google_api_key,T4.5,char_format,1,dotenv,0,0,0,0,0
sample_07456,google_api_key,T4.5,char_format,1,dotenv,0,0,0,0,0
sample_07457,google_api_key,T4.5,char_format,1,dotenv,0,0,0,0,0
sample_07458,google_api_key,T4.5,char_format,1,dotenv,0,0,0,0,0
sample_07459,google_api_key,T4.5,char_format,1,dotenv,0,0,0,0,0
sample_07460,google_api_key,T4.5,char_format,1,dotenv,0,0,0,0,0
sample_07461,google_api_key,T4.5,char_format,1,dotenv,0,0,0,0,0
sample_07462,google_api_key,T4.5,char_format,1,dotenv,0,0,0,0,0
sample_07463,google_api_key,T4.5,char_format,1,dotenv,0,0,0,0,0
sample_07464,google_api_key,T4.5,char_format,1,dotenv,0,0,0,0,0
sample_07465,google_api_key,T4.5,char_format,1,dotenv,0,0,0,0,0
sample_07466,google_api_key,T4.5,char_format,1,dotenv,0,0,0,0,0
sample_07467,google_api_key,T4.5,char_format,1,dotenv,0,0,0,0,0
sample_07468,google_api_key,T4.5,char_format,1,dotenv,0,0,0,0,0
sample_07469,google_api_key,T4.5,char_format,1,dotenv,0,0,0,0,0
sample_07470,google_api_key,T4.5,char_format,1,dotenv,0,0,0,0,0
sample_07471,google_api_key,T4.5,char_format,1,yaml,0,0,0,0,0
sample_07472,google_api_key,T4.5,char_format,1,yaml,0,0,0,0,0
sample_07473,google_api_key,T4.5,char_format,1,yaml,0,0,0,0,0
sample_07474,google_api_key,T4.5,char_format,1,yaml,0,0,0,0,0
sample_07475,google_api_key,T4.5,char_format,1,yaml,0,0,0,0,0
sample_07476,google_api_key,T4.5,char_format,1,yaml,0,0,0,0,0
sample_07477,google_api_key,T4.5,char_format,1,yaml,0,0,0,0,0
sample_07478,google_api_key,T4.5,char_format,1,yaml,0,0,0,0,0
sample_07479,google_api_key,T4.5,char_format,1,yaml,0,0,0,0,0
sample_07480,google_api_key,T4.5,char_format,1,yaml,0,0,0,0,0
sample_07481,google_api_key,T4.5,char_format,1,yaml,0,0,0,0,0
sample_07482,google_api_key,T4.5,char_format,1,yaml,0,0,0,0,0
sample_07483,google_api_key,T4.5,char_format,1,yaml,0,0,0,0,0
sample_07484,google_api_key,T4.5,char_format,1,yaml,0,0,0,0,0
sample_07485,google_api_key,T4.5,char_format,1,yaml,0,0,0,0,0
sample_07486,google_api_key,T4.5,char_format,1,yaml,0,0,0,0,0
sample_07487,google_api_key,T4.5,char_format,1,yaml,0,0,0,0,0
sample_07488,google_api_key,T4.5,char_format,1,yaml,0,0,0,0,0
sample_07489,google_api_key,T4.5,char_format,1,yaml,0,0,0,0,0
sample_07490,google_api_key,T4.5,char_format,1,yaml,0,0,0,0,0
sample_07491,google_api_key,T4.5,char_format,1,yaml,0,0,0,0,0
sample_07492,google_api_key,T4.5,char_format,1,yaml,0,0,0,0,0
sample_07493,google_api_key,T4.5,char_format,1,yaml,0,0,0,0,0
sample_07494,google_api_key,T4.5,char_format,1,yaml,0,0,0,0,0
sample_07495,google_api_key,T4.5,char_format,1,yaml,0,0,0,0,0
sample_07496,google_api_key,T4.5,char_format,1,yaml,0,0,0,0,0
sample_07497,google_api_key,T4.5,char_format,1,yaml,0,0,0,0,0
sample_07498,google_api_key,T4.5,char_format,1,yaml,0,0,0,0,0
sample_07499,google_api_key,T4.5,char_format,1,yaml,0,0,0,0,0
sample_07500,google_api_key,T4.5,char_format,1,yaml,0,0,0,0,0
sample_07501,google_api_key,T5.1,indirection,1,python,1,1,1,1,0
sample_07502,google_api_key,T5.1,indirection,1,python,1,1,1,1,0
sample_07503,google_api_key,T5.1,indirection,1,python,1,1,1,1,0
sample_07504,google_api_key,T5.1,indirection,1,python,1,1,1,1,0
sample_07505,google_api_key,T5.1,indirection,1,python,1,1,1,1,0
sample_07506,google_api_key,T5.1,indirection,1,python,1,1,1,1,0
sample_07507,google_api_key,T5.1,indirection,1,python,1,1,1,1,0
sample_07508,google_api_key,T5.1,indirection,1,python,1,1,1,1,0
sample_07509,google_api_key,T5.1,indirection,1,python,1,1,1,1,0
sample_07510,google_api_key,T5.1,indirection,1,python,1,1,1,1,0
sample_07511,google_api_key,T5.1,indirection,1,python,1,1,1,1,0
sample_07512,google_api_key,T5.1,indirection,1,python,1,1,1,1,0
sample_07513,google_api_key,T5.1,indirection,1,python,1,1,1,1,0
sample_07514,google_api_key,T5.1,indirection,1,python,1,1,1,1,0
sample_07515,google_api_key,T5.1,indirection,1,python,1,1,1,1,0
sample_07516,google_api_key,T5.1,indirection,1,python,1,1,1,1,0
sample_07517,google_api_key,T5.1,indirection,1,python,1,1,1,1,0
sample_07518,google_api_key,T5.1,indirection,1,python,1,1,1,1,0
sample_07519,google_api_key,T5.1,indirection,1,python,1,1,1,1,0
sample_07520,google_api_key,T5.1,indirection,1,python,1,1,1,1,0
sample_07521,google_api_key,T5.1,indirection,1,python,1,1,1,1,0
sample_07522,google_api_key,T5.1,indirection,1,python,1,1,1,1,0
sample_07523,google_api_key,T5.1,indirection,1,python,1,1,1,1,0
sample_07524,google_api_key,T5.1,indirection,1,python,0,0,0,0,0
sample_07525,google_api_key,T5.1,indirection,1,python,1,1,1,1,0
sample_07526,google_api_key,T5.1,indirection,1,python,1,1,1,1,0
sample_07527,google_api_key,T5.1,indirection,1,python,1,1,1,1,0
sample_07528,google_api_key,T5.1,indirection,1,python,1,1,1,1,0
sample_07529,google_api_key,T5.1,indirection,1,python,1,1,1,1,0
sample_07530,google_api_key,T5.1,indirection,1,python,1,1,1,1,0
sample_07531,google_api_key,T5.2,indirection,1,python,0,0,0,0,0
sample_07532,google_api_key,T5.2,indirection,1,python,0,0,0,0,0
sample_07533,google_api_key,T5.2,indirection,1,python,0,0,0,0,0
sample_07534,google_api_key,T5.2,indirection,1,python,0,0,0,0,0
sample_07535,google_api_key,T5.2,indirection,1,python,0,0,0,0,0
sample_07536,google_api_key,T5.2,indirection,1,python,0,0,0,0,0
sample_07537,google_api_key,T5.2,indirection,1,python,0,0,0,0,0
sample_07538,google_api_key,T5.2,indirection,1,python,0,0,0,0,0
sample_07539,google_api_key,T5.2,indirection,1,python,0,0,0,0,0
sample_07540,google_api_key,T5.2,indirection,1,python,0,0,0,0,0
sample_07541,google_api_key,T5.2,indirection,1,python,0,0,0,0,0
sample_07542,google_api_key,T5.2,indirection,1,python,0,0,0,0,0
sample_07543,google_api_key,T5.2,indirection,1,python,0,0,0,0,0
sample_07544,google_api_key,T5.2,indirection,1,python,0,0,0,0,0
sample_07545,google_api_key,T5.2,indirection,1,python,0,0,0,0,0
sample_07546,google_api_key,T5.2,indirection,1,python,0,0,0,0,0
sample_07547,google_api_key,T5.2,indirection,1,python,0,0,0,0,0
sample_07548,google_api_key,T5.2,indirection,1,python,0,0,0,0,0
sample_07549,google_api_key,T5.2,indirection,1,python,0,0,0,0,0
sample_07550,google_api_key,T5.2,indirection,1,python,0,0,0,0,0
sample_07551,google_api_key,T5.2,indirection,1,python,0,0,0,0,0
sample_07552,google_api_key,T5.2,indirection,1,python,0,0,0,0,0
sample_07553,google_api_key,T5.2,indirection,1,python,0,0,0,0,0
sample_07554,google_api_key,T5.2,indirection,1,python,0,0,0,0,0
sample_07555,google_api_key,T5.2,indirection,1,python,0,0,0,0,0
sample_07556,google_api_key,T5.2,indirection,1,python,0,0,0,0,0
sample_07557,google_api_key,T5.2,indirection,1,python,0,0,0,0,0
sample_07558,google_api_key,T5.2,indirection,1,python,0,0,0,0,0
sample_07559,google_api_key,T5.2,indirection,1,python,0,0,0,0,0
sample_07560,google_api_key,T5.2,indirection,1,python,0,0,0,0,0
sample_07561,google_api_key,T6.1,contextual,1,python,1,1,1,1,0
sample_07562,google_api_key,T6.1,contextual,1,python,1,1,1,1,0
sample_07563,google_api_key,T6.1,contextual,1,python,1,1,1,1,0
sample_07564,google_api_key,T6.1,contextual,1,python,1,1,1,1,0
sample_07565,google_api_key,T6.1,contextual,1,python,1,1,1,1,0
sample_07566,google_api_key,T6.1,contextual,1,python,1,1,1,1,0
sample_07567,google_api_key,T6.1,contextual,1,python,1,1,1,1,0
sample_07568,google_api_key,T6.1,contextual,1,python,1,1,1,1,0
sample_07569,google_api_key,T6.1,contextual,1,python,1,1,1,1,0
sample_07570,google_api_key,T6.1,contextual,1,python,1,1,1,1,0
sample_07571,google_api_key,T6.1,contextual,1,python,1,1,1,1,0
sample_07572,google_api_key,T6.1,contextual,1,python,1,1,1,1,0
sample_07573,google_api_key,T6.1,contextual,1,python,1,1,1,1,0
sample_07574,google_api_key,T6.1,contextual,1,python,1,1,1,1,0
sample_07575,google_api_key,T6.1,contextual,1,python,1,1,1,1,0
sample_07576,google_api_key,T6.1,contextual,1,python,1,1,1,1,0
sample_07577,google_api_key,T6.1,contextual,1,python,1,1,1,1,0
sample_07578,google_api_key,T6.1,contextual,1,python,1,1,1,1,0
sample_07579,google_api_key,T6.1,contextual,1,python,1,1,1,1,0
sample_07580,google_api_key,T6.1,contextual,1,python,1,1,1,1,0
sample_07581,google_api_key,T6.1,contextual,1,python,1,1,1,1,0
sample_07582,google_api_key,T6.1,contextual,1,python,1,1,1,1,0
sample_07583,google_api_key,T6.1,contextual,1,python,1,1,1,1,0
sample_07584,google_api_key,T6.1,contextual,1,python,1,1,1,1,0
sample_07585,google_api_key,T6.1,contextual,1,python,1,1,1,1,0
sample_07586,google_api_key,T6.1,contextual,1,python,1,1,1,1,0
sample_07587,google_api_key,T6.1,contextual,1,python,1,1,1,1,0
sample_07588,google_api_key,T6.1,contextual,1,python,1,1,1,1,0
sample_07589,google_api_key,T6.1,contextual,1,python,1,1,1,1,0
sample_07590,google_api_key,T6.1,contextual,1,python,1,1,1,1,0
sample_07591,google_api_key,T6.1,contextual,1,dotenv,1,1,1,1,0
sample_07592,google_api_key,T6.1,contextual,1,dotenv,1,1,1,1,0
sample_07593,google_api_key,T6.1,contextual,1,dotenv,1,1,1,1,0
sample_07594,google_api_key,T6.1,contextual,1,dotenv,1,1,1,1,0
sample_07595,google_api_key,T6.1,contextual,1,dotenv,1,1,1,1,0
sample_07596,google_api_key,T6.1,contextual,1,dotenv,1,1,1,1,0
sample_07597,google_api_key,T6.1,contextual,1,dotenv,1,1,1,1,0
sample_07598,google_api_key,T6.1,contextual,1,dotenv,1,1,1,1,0
sample_07599,google_api_key,T6.1,contextual,1,dotenv,1,1,1,1,0
sample_07600,google_api_key,T6.1,contextual,1,dotenv,1,1,1,1,0
sample_07601,google_api_key,T6.1,contextual,1,dotenv,1,1,1,1,0
sample_07602,google_api_key,T6.1,contextual,1,dotenv,1,1,1,1,0
sample_07603,google_api_key,T6.1,contextual,1,dotenv,1,1,1,1,0
sample_07604,google_api_key,T6.1,contextual,1,dotenv,1,1,1,1,0
sample_07605,google_api_key,T6.1,contextual,1,dotenv,1,1,1,1,0
sample_07606,google_api_key,T6.1,contextual,1,dotenv,1,1,1,1,0
sample_07607,google_api_key,T6.1,contextual,1,dotenv,1,1,1,1,0
sample_07608,google_api_key,T6.1,contextual,1,dotenv,1,1,1,1,0
sample_07609,google_api_key,T6.1,contextual,1,dotenv,1,1,1,1,0
sample_07610,google_api_key,T6.1,contextual,1,dotenv,1,1,1,1,0
sample_07611,google_api_key,T6.1,contextual,1,dotenv,1,1,1,1,0
sample_07612,google_api_key,T6.1,contextual,1,dotenv,1,1,1,1,0
sample_07613,google_api_key,T6.1,contextual,1,dotenv,1,1,1,1,0
sample_07614,google_api_key,T6.1,contextual,1,dotenv,1,1,1,1,0
sample_07615,google_api_key,T6.1,contextual,1,dotenv,1,1,1,1,0
sample_07616,google_api_key,T6.1,contextual,1,dotenv,1,1,1,1,0
sample_07617,google_api_key,T6.1,contextual,1,dotenv,1,1,1,1,0
sample_07618,google_api_key,T6.1,contextual,1,dotenv,1,1,1,1,0
sample_07619,google_api_key,T6.1,contextual,1,dotenv,1,1,1,1,0
sample_07620,google_api_key,T6.1,contextual,1,dotenv,1,1,1,1,0
sample_07621,google_api_key,T6.1,contextual,1,yaml,1,1,1,1,0
sample_07622,google_api_key,T6.1,contextual,1,yaml,1,1,1,1,0
sample_07623,google_api_key,T6.1,contextual,1,yaml,1,1,1,1,0
sample_07624,google_api_key,T6.1,contextual,1,yaml,1,1,1,1,0
sample_07625,google_api_key,T6.1,contextual,1,yaml,1,1,1,1,0
sample_07626,google_api_key,T6.1,contextual,1,yaml,1,1,1,1,0
sample_07627,google_api_key,T6.1,contextual,1,yaml,1,1,1,1,0
sample_07628,google_api_key,T6.1,contextual,1,yaml,1,1,1,1,0
sample_07629,google_api_key,T6.1,contextual,1,yaml,1,1,1,1,0
sample_07630,google_api_key,T6.1,contextual,1,yaml,1,1,1,1,0
sample_07631,google_api_key,T6.1,contextual,1,yaml,1,1,1,1,0
sample_07632,google_api_key,T6.1,contextual,1,yaml,1,1,1,1,0
sample_07633,google_api_key,T6.1,contextual,1,yaml,1,1,1,1,0
sample_07634,google_api_key,T6.1,contextual,1,yaml,1,1,1,1,0
sample_07635,google_api_key,T6.1,contextual,1,yaml,1,1,1,1,0
sample_07636,google_api_key,T6.1,contextual,1,yaml,1,1,1,1,0
sample_07637,google_api_key,T6.1,contextual,1,yaml,1,1,1,1,0
sample_07638,google_api_key,T6.1,contextual,1,yaml,1,1,1,1,0
sample_07639,google_api_key,T6.1,contextual,1,yaml,1,1,1,1,0
sample_07640,google_api_key,T6.1,contextual,1,yaml,1,1,1,1,0
sample_07641,google_api_key,T6.1,contextual,1,yaml,1,1,1,1,0
sample_07642,google_api_key,T6.1,contextual,1,yaml,1,1,1,1,0
sample_07643,google_api_key,T6.1,contextual,1,yaml,1,1,1,1,0
sample_07644,google_api_key,T6.1,contextual,1,yaml,1,1,1,1,0
sample_07645,google_api_key,T6.1,contextual,1,yaml,1,1,1,1,0
sample_07646,google_api_key,T6.1,contextual,1,yaml,1,1,1,1,0
sample_07647,google_api_key,T6.1,contextual,1,yaml,1,1,1,1,0
sample_07648,google_api_key,T6.1,contextual,1,yaml,1,1,1,1,0
sample_07649,google_api_key,T6.1,contextual,1,yaml,1,1,1,1,0
sample_07650,google_api_key,T6.1,contextual,1,yaml,1,1,1,1,0
sample_07651,google_api_key,T6.4,contextual,1,python,1,1,1,1,0
sample_07652,google_api_key,T6.4,contextual,1,python,1,1,1,1,0
sample_07653,google_api_key,T6.4,contextual,1,python,1,1,1,1,0
sample_07654,google_api_key,T6.4,contextual,1,python,1,1,1,1,0
sample_07655,google_api_key,T6.4,contextual,1,python,1,1,1,1,0
sample_07656,google_api_key,T6.4,contextual,1,python,1,1,1,1,0
sample_07657,google_api_key,T6.4,contextual,1,python,1,1,1,1,0
sample_07658,google_api_key,T6.4,contextual,1,python,1,1,1,1,0
sample_07659,google_api_key,T6.4,contextual,1,python,1,1,1,1,0
sample_07660,google_api_key,T6.4,contextual,1,python,1,1,1,1,0
sample_07661,google_api_key,T6.4,contextual,1,python,1,1,1,1,0
sample_07662,google_api_key,T6.4,contextual,1,python,1,1,1,1,0
sample_07663,google_api_key,T6.4,contextual,1,python,1,1,1,1,0
sample_07664,google_api_key,T6.4,contextual,1,python,1,1,1,1,0
sample_07665,google_api_key,T6.4,contextual,1,python,1,1,1,1,0
sample_07666,google_api_key,T6.4,contextual,1,python,1,1,1,1,0
sample_07667,google_api_key,T6.4,contextual,1,python,1,1,1,1,0
sample_07668,google_api_key,T6.4,contextual,1,python,1,1,1,1,0
sample_07669,google_api_key,T6.4,contextual,1,python,1,1,1,1,0
sample_07670,google_api_key,T6.4,contextual,1,python,1,1,1,1,0
sample_07671,google_api_key,T6.4,contextual,1,python,1,1,1,1,0
sample_07672,google_api_key,T6.4,contextual,1,python,1,1,1,1,0
sample_07673,google_api_key,T6.4,contextual,1,python,1,1,1,1,0
sample_07674,google_api_key,T6.4,contextual,1,python,1,1,1,1,0
sample_07675,google_api_key,T6.4,contextual,1,python,1,1,1,1,0
sample_07676,google_api_key,T6.4,contextual,1,python,1,1,1,1,0
sample_07677,google_api_key,T6.4,contextual,1,python,1,1,1,1,0
sample_07678,google_api_key,T6.4,contextual,1,python,1,1,1,1,0
sample_07679,google_api_key,T6.4,contextual,1,python,1,1,1,1,0
sample_07680,google_api_key,T6.4,contextual,1,python,1,1,1,1,0
sample_07681,google_api_key,T6.4,contextual,1,dotenv,1,1,1,1,0
sample_07682,google_api_key,T6.4,contextual,1,dotenv,1,1,1,1,0
sample_07683,google_api_key,T6.4,contextual,1,dotenv,1,1,1,1,0
sample_07684,google_api_key,T6.4,contextual,1,dotenv,1,1,1,1,0
sample_07685,google_api_key,T6.4,contextual,1,dotenv,1,1,1,1,0
sample_07686,google_api_key,T6.4,contextual,1,dotenv,1,1,1,1,0
sample_07687,google_api_key,T6.4,contextual,1,dotenv,1,1,1,1,0
sample_07688,google_api_key,T6.4,contextual,1,dotenv,1,1,1,1,0
sample_07689,google_api_key,T6.4,contextual,1,dotenv,1,1,1,1,0
sample_07690,google_api_key,T6.4,contextual,1,dotenv,1,1,1,1,0
sample_07691,google_api_key,T6.4,contextual,1,dotenv,1,1,1,1,0
sample_07692,google_api_key,T6.4,contextual,1,dotenv,1,1,1,1,0
sample_07693,google_api_key,T6.4,contextual,1,dotenv,1,1,1,1,0
sample_07694,google_api_key,T6.4,contextual,1,dotenv,1,1,1,1,0
sample_07695,google_api_key,T6.4,contextual,1,dotenv,1,1,1,1,0
sample_07696,google_api_key,T6.4,contextual,1,dotenv,1,1,1,1,0
sample_07697,google_api_key,T6.4,contextual,1,dotenv,1,1,1,1,0
sample_07698,google_api_key,T6.4,contextual,1,dotenv,1,1,1,1,0
sample_07699,google_api_key,T6.4,contextual,1,dotenv,1,1,1,1,0
sample_07700,google_api_key,T6.4,contextual,1,dotenv,1,1,1,1,0
sample_07701,google_api_key,T6.4,contextual,1,dotenv,1,1,1,1,0
sample_07702,google_api_key,T6.4,contextual,1,dotenv,1,1,1,1,0
sample_07703,google_api_key,T6.4,contextual,1,dotenv,1,1,1,1,0
sample_07704,google_api_key,T6.4,contextual,1,dotenv,1,1,1,1,0
sample_07705,google_api_key,T6.4,contextual,1,dotenv,1,1,1,1,0
sample_07706,google_api_key,T6.4,contextual,1,dotenv,1,1,1,1,0
sample_07707,google_api_key,T6.4,contextual,1,dotenv,1,1,1,1,0
sample_07708,google_api_key,T6.4,contextual,1,dotenv,1,1,1,1,0
sample_07709,google_api_key,T6.4,contextual,1,dotenv,1,1,1,1,0
sample_07710,google_api_key,T6.4,contextual,1,dotenv,1,1,1,1,0
sample_07711,google_api_key,T6.4,contextual,1,yaml,1,1,1,1,0
sample_07712,google_api_key,T6.4,contextual,1,yaml,1,1,1,1,0
sample_07713,google_api_key,T6.4,contextual,1,yaml,1,1,1,1,0
sample_07714,google_api_key,T6.4,contextual,1,yaml,1,1,1,1,0
sample_07715,google_api_key,T6.4,contextual,1,yaml,1,1,1,1,0
sample_07716,google_api_key,T6.4,contextual,1,yaml,1,1,1,1,0
sample_07717,google_api_key,T6.4,contextual,1,yaml,1,1,1,1,0
sample_07718,google_api_key,T6.4,contextual,1,yaml,1,1,1,1,0
sample_07719,google_api_key,T6.4,contextual,1,yaml,1,1,1,1,0
sample_07720,google_api_key,T6.4,contextual,1,yaml,1,1,1,1,0
sample_07721,google_api_key,T6.4,contextual,1,yaml,1,1,1,1,0
sample_07722,google_api_key,T6.4,contextual,1,yaml,1,1,1,1,0
sample_07723,google_api_key,T6.4,contextual,1,yaml,1,1,1,1,0
sample_07724,google_api_key,T6.4,contextual,1,yaml,1,1,1,1,0
sample_07725,google_api_key,T6.4,contextual,1,yaml,1,1,1,1,0
sample_07726,google_api_key,T6.4,contextual,1,yaml,1,1,1,1,0
sample_07727,google_api_key,T6.4,contextual,1,yaml,1,1,1,1,0
sample_07728,google_api_key,T6.4,contextual,1,yaml,1,1,1,1,0
sample_07729,google_api_key,T6.4,contextual,1,yaml,1,1,1,1,0
sample_07730,google_api_key,T6.4,contextual,1,yaml,1,1,1,1,0
sample_07731,google_api_key,T6.4,contextual,1,yaml,1,1,1,1,0
sample_07732,google_api_key,T6.4,contextual,1,yaml,1,1,1,1,0
sample_07733,google_api_key,T6.4,contextual,1,yaml,1,1,1,1,0
sample_07734,google_api_key,T6.4,contextual,1,yaml,1,1,1,1,0
sample_07735,google_api_key,T6.4,contextual,1,yaml,1,1,1,1,0
sample_07736,google_api_key,T6.4,contextual,1,yaml,1,1,1,1,0
sample_07737,google_api_key,T6.4,contextual,1,yaml,1,1,1,1,0
sample_07738,google_api_key,T6.4,contextual,1,yaml,1,1,1,1,0
sample_07739,google_api_key,T6.4,contextual,1,yaml,1,1,1,1,0
sample_07740,google_api_key,T6.4,contextual,1,yaml,1,1,1,1,0
sample_07741,google_api_key,T7.1,composition,2,python,0,0,0,0,0
sample_07742,google_api_key,T7.1,composition,2,python,0,0,0,0,0
sample_07743,google_api_key,T7.1,composition,2,python,0,0,0,0,0
sample_07744,google_api_key,T7.1,composition,2,python,0,0,0,0,0
sample_07745,google_api_key,T7.1,composition,2,python,0,0,0,0,0
sample_07746,google_api_key,T7.1,composition,2,python,0,0,0,0,0
sample_07747,google_api_key,T7.1,composition,2,python,0,0,0,0,0
sample_07748,google_api_key,T7.1,composition,2,python,0,0,0,0,0
sample_07749,google_api_key,T7.1,composition,2,python,0,0,0,0,0
sample_07750,google_api_key,T7.1,composition,2,python,0,0,0,0,0
sample_07751,google_api_key,T7.1,composition,2,python,0,0,0,0,0
sample_07752,google_api_key,T7.1,composition,2,python,0,0,0,0,0
sample_07753,google_api_key,T7.1,composition,2,python,0,0,0,0,0
sample_07754,google_api_key,T7.1,composition,2,python,0,0,0,0,0
sample_07755,google_api_key,T7.1,composition,2,python,0,0,0,0,0
sample_07756,google_api_key,T7.1,composition,2,python,0,0,0,0,0
sample_07757,google_api_key,T7.1,composition,2,python,0,0,0,0,0
sample_07758,google_api_key,T7.1,composition,2,python,0,0,0,0,0
sample_07759,google_api_key,T7.1,composition,2,python,0,0,0,0,0
sample_07760,google_api_key,T7.1,composition,2,python,0,0,0,0,0
sample_07761,google_api_key,T7.1,composition,2,python,0,0,0,0,0
sample_07762,google_api_key,T7.1,composition,2,python,0,0,0,0,0
sample_07763,google_api_key,T7.1,composition,2,python,0,0,0,0,0
sample_07764,google_api_key,T7.1,composition,2,python,0,0,0,0,0
sample_07765,google_api_key,T7.1,composition,2,python,0,0,0,0,0
sample_07766,google_api_key,T7.1,composition,2,python,0,0,0,0,0
sample_07767,google_api_key,T7.1,composition,2,python,0,0,0,0,0
sample_07768,google_api_key,T7.1,composition,2,python,0,0,0,0,0
sample_07769,google_api_key,T7.1,composition,2,python,0,0,0,0,0
sample_07770,google_api_key,T7.1,composition,2,python,0,0,0,0,0
sample_07771,google_api_key,T7.2,composition,2,python,0,0,0,0,0
sample_07772,google_api_key,T7.2,composition,2,python,0,0,0,0,0
sample_07773,google_api_key,T7.2,composition,2,python,0,0,0,0,0
sample_07774,google_api_key,T7.2,composition,2,python,0,0,0,0,0
sample_07775,google_api_key,T7.2,composition,2,python,0,0,0,0,0
sample_07776,google_api_key,T7.2,composition,2,python,0,0,0,0,0
sample_07777,google_api_key,T7.2,composition,2,python,0,0,0,0,0
sample_07778,google_api_key,T7.2,composition,2,python,0,0,0,0,0
sample_07779,google_api_key,T7.2,composition,2,python,0,0,0,0,0
sample_07780,google_api_key,T7.2,composition,2,python,0,0,0,0,0
sample_07781,google_api_key,T7.2,composition,2,python,0,0,0,0,0
sample_07782,google_api_key,T7.2,composition,2,python,0,0,0,0,0
sample_07783,google_api_key,T7.2,composition,2,python,0,0,0,0,0
sample_07784,google_api_key,T7.2,composition,2,python,0,0,0,0,0
sample_07785,google_api_key,T7.2,composition,2,python,0,0,0,0,0
sample_07786,google_api_key,T7.2,composition,2,python,0,0,0,0,0
sample_07787,google_api_key,T7.2,composition,2,python,0,0,0,0,0
sample_07788,google_api_key,T7.2,composition,2,python,0,0,0,0,0
sample_07789,google_api_key,T7.2,composition,2,python,0,0,0,0,0
sample_07790,google_api_key,T7.2,composition,2,python,0,0,0,0,0
sample_07791,google_api_key,T7.2,composition,2,python,0,0,0,0,0
sample_07792,google_api_key,T7.2,composition,2,python,0,0,0,0,0
sample_07793,google_api_key,T7.2,composition,2,python,0,0,0,0,0
sample_07794,google_api_key,T7.2,composition,2,python,0,0,0,0,0
sample_07795,google_api_key,T7.2,composition,2,python,0,0,0,0,0
sample_07796,google_api_key,T7.2,composition,2,python,0,0,0,0,0
sample_07797,google_api_key,T7.2,composition,2,python,0,0,0,0,0
sample_07798,google_api_key,T7.2,composition,2,python,0,0,0,0,0
sample_07799,google_api_key,T7.2,composition,2,python,0,0,0,0,0
sample_07800,google_api_key,T7.2,composition,2,python,0,0,0,0,0
sample_07801,slack_bot_token,T0.0,control,1,python,1,1,1,1,1
sample_07802,slack_bot_token,T0.0,control,1,python,1,1,1,1,1
sample_07803,slack_bot_token,T0.0,control,1,python,1,1,1,1,1
sample_07804,slack_bot_token,T0.0,control,1,python,1,1,1,1,1
sample_07805,slack_bot_token,T0.0,control,1,python,1,1,1,1,1
sample_07806,slack_bot_token,T0.0,control,1,python,1,1,1,1,1
sample_07807,slack_bot_token,T0.0,control,1,python,1,1,1,1,1
sample_07808,slack_bot_token,T0.0,control,1,python,1,1,1,1,1
sample_07809,slack_bot_token,T0.0,control,1,python,1,1,1,1,1
sample_07810,slack_bot_token,T0.0,control,1,python,1,1,1,1,1
sample_07811,slack_bot_token,T0.0,control,1,python,1,1,1,1,1
sample_07812,slack_bot_token,T0.0,control,1,python,1,1,1,1,1
sample_07813,slack_bot_token,T0.0,control,1,python,1,1,1,1,1
sample_07814,slack_bot_token,T0.0,control,1,python,1,1,1,1,1
sample_07815,slack_bot_token,T0.0,control,1,python,1,1,1,1,1
sample_07816,slack_bot_token,T0.0,control,1,python,1,1,1,1,1
sample_07817,slack_bot_token,T0.0,control,1,python,1,1,1,1,1
sample_07818,slack_bot_token,T0.0,control,1,python,1,1,1,1,1
sample_07819,slack_bot_token,T0.0,control,1,python,1,1,1,1,1
sample_07820,slack_bot_token,T0.0,control,1,python,1,1,1,1,1
sample_07821,slack_bot_token,T0.0,control,1,python,1,1,1,1,1
sample_07822,slack_bot_token,T0.0,control,1,python,1,1,1,1,1
sample_07823,slack_bot_token,T0.0,control,1,python,1,1,1,1,1
sample_07824,slack_bot_token,T0.0,control,1,python,1,1,1,1,1
sample_07825,slack_bot_token,T0.0,control,1,python,1,1,1,1,1
sample_07826,slack_bot_token,T0.0,control,1,python,1,1,1,1,1
sample_07827,slack_bot_token,T0.0,control,1,python,1,1,1,1,1
sample_07828,slack_bot_token,T0.0,control,1,python,1,1,1,1,1
sample_07829,slack_bot_token,T0.0,control,1,python,1,1,1,1,1
sample_07830,slack_bot_token,T0.0,control,1,python,1,1,1,1,1
sample_07831,slack_bot_token,T0.0,control,1,dotenv,1,1,1,1,1
sample_07832,slack_bot_token,T0.0,control,1,dotenv,1,1,1,1,1
sample_07833,slack_bot_token,T0.0,control,1,dotenv,1,1,1,1,1
sample_07834,slack_bot_token,T0.0,control,1,dotenv,1,1,1,1,1
sample_07835,slack_bot_token,T0.0,control,1,dotenv,1,1,1,1,1
sample_07836,slack_bot_token,T0.0,control,1,dotenv,1,1,1,1,1
sample_07837,slack_bot_token,T0.0,control,1,dotenv,1,1,1,1,1
sample_07838,slack_bot_token,T0.0,control,1,dotenv,1,1,1,1,1
sample_07839,slack_bot_token,T0.0,control,1,dotenv,1,1,1,1,1
sample_07840,slack_bot_token,T0.0,control,1,dotenv,1,1,1,1,1
sample_07841,slack_bot_token,T0.0,control,1,dotenv,1,1,1,1,1
sample_07842,slack_bot_token,T0.0,control,1,dotenv,1,1,1,1,1
sample_07843,slack_bot_token,T0.0,control,1,dotenv,1,1,1,1,1
sample_07844,slack_bot_token,T0.0,control,1,dotenv,1,1,1,1,0
sample_07845,slack_bot_token,T0.0,control,1,dotenv,1,1,1,1,1
sample_07846,slack_bot_token,T0.0,control,1,dotenv,1,1,1,1,1
sample_07847,slack_bot_token,T0.0,control,1,dotenv,1,1,1,1,1
sample_07848,slack_bot_token,T0.0,control,1,dotenv,1,1,1,1,1
sample_07849,slack_bot_token,T0.0,control,1,dotenv,1,1,1,1,1
sample_07850,slack_bot_token,T0.0,control,1,dotenv,1,1,1,1,1
sample_07851,slack_bot_token,T0.0,control,1,dotenv,1,1,1,1,1
sample_07852,slack_bot_token,T0.0,control,1,dotenv,1,1,1,1,1
sample_07853,slack_bot_token,T0.0,control,1,dotenv,1,1,1,1,1
sample_07854,slack_bot_token,T0.0,control,1,dotenv,1,1,1,1,1
sample_07855,slack_bot_token,T0.0,control,1,dotenv,1,1,1,1,1
sample_07856,slack_bot_token,T0.0,control,1,dotenv,1,1,1,1,1
sample_07857,slack_bot_token,T0.0,control,1,dotenv,1,1,1,1,1
sample_07858,slack_bot_token,T0.0,control,1,dotenv,1,1,1,1,1
sample_07859,slack_bot_token,T0.0,control,1,dotenv,1,1,1,1,1
sample_07860,slack_bot_token,T0.0,control,1,dotenv,1,1,1,1,1
sample_07861,slack_bot_token,T0.0,control,1,yaml,1,1,1,1,1
sample_07862,slack_bot_token,T0.0,control,1,yaml,1,1,1,1,1
sample_07863,slack_bot_token,T0.0,control,1,yaml,1,1,1,1,1
sample_07864,slack_bot_token,T0.0,control,1,yaml,1,1,1,1,1
sample_07865,slack_bot_token,T0.0,control,1,yaml,1,1,1,1,1
sample_07866,slack_bot_token,T0.0,control,1,yaml,1,1,1,1,1
sample_07867,slack_bot_token,T0.0,control,1,yaml,1,1,1,1,1
sample_07868,slack_bot_token,T0.0,control,1,yaml,1,1,1,1,0
sample_07869,slack_bot_token,T0.0,control,1,yaml,1,1,1,1,1
sample_07870,slack_bot_token,T0.0,control,1,yaml,1,1,1,1,1
sample_07871,slack_bot_token,T0.0,control,1,yaml,1,1,1,1,1
sample_07872,slack_bot_token,T0.0,control,1,yaml,1,1,1,1,1
sample_07873,slack_bot_token,T0.0,control,1,yaml,1,1,1,1,1
sample_07874,slack_bot_token,T0.0,control,1,yaml,1,1,1,1,1
sample_07875,slack_bot_token,T0.0,control,1,yaml,1,1,1,1,1
sample_07876,slack_bot_token,T0.0,control,1,yaml,1,1,1,1,1
sample_07877,slack_bot_token,T0.0,control,1,yaml,1,1,1,1,1
sample_07878,slack_bot_token,T0.0,control,1,yaml,1,1,1,1,1
sample_07879,slack_bot_token,T0.0,control,1,yaml,1,1,1,1,1
sample_07880,slack_bot_token,T0.0,control,1,yaml,1,1,1,1,1
sample_07881,slack_bot_token,T0.0,control,1,yaml,1,1,1,1,1
sample_07882,slack_bot_token,T0.0,control,1,yaml,1,1,1,1,1
sample_07883,slack_bot_token,T0.0,control,1,yaml,1,1,1,1,1
sample_07884,slack_bot_token,T0.0,control,1,yaml,1,1,1,1,1
sample_07885,slack_bot_token,T0.0,control,1,yaml,1,1,1,1,1
sample_07886,slack_bot_token,T0.0,control,1,yaml,1,1,1,1,1
sample_07887,slack_bot_token,T0.0,control,1,yaml,1,1,1,1,1
sample_07888,slack_bot_token,T0.0,control,1,yaml,1,1,1,1,1
sample_07889,slack_bot_token,T0.0,control,1,yaml,1,1,1,1,1
sample_07890,slack_bot_token,T0.0,control,1,yaml,1,1,1,1,1
sample_07891,slack_bot_token,T1.1,encoding,1,python,1,1,1,1,1
sample_07892,slack_bot_token,T1.1,encoding,1,python,1,1,1,1,1
sample_07893,slack_bot_token,T1.1,encoding,1,python,1,1,1,1,1
sample_07894,slack_bot_token,T1.1,encoding,1,python,1,1,1,1,1
sample_07895,slack_bot_token,T1.1,encoding,1,python,1,1,1,1,1
sample_07896,slack_bot_token,T1.1,encoding,1,python,1,1,1,1,1
sample_07897,slack_bot_token,T1.1,encoding,1,python,1,1,1,1,1
sample_07898,slack_bot_token,T1.1,encoding,1,python,1,1,1,1,1
sample_07899,slack_bot_token,T1.1,encoding,1,python,1,1,1,1,1
sample_07900,slack_bot_token,T1.1,encoding,1,python,1,1,1,1,1
sample_07901,slack_bot_token,T1.1,encoding,1,python,1,1,1,1,1
sample_07902,slack_bot_token,T1.1,encoding,1,python,1,1,1,1,1
sample_07903,slack_bot_token,T1.1,encoding,1,python,1,1,1,1,1
sample_07904,slack_bot_token,T1.1,encoding,1,python,1,1,1,1,1
sample_07905,slack_bot_token,T1.1,encoding,1,python,1,1,1,1,1
sample_07906,slack_bot_token,T1.1,encoding,1,python,1,1,1,1,1
sample_07907,slack_bot_token,T1.1,encoding,1,python,1,1,1,1,1
sample_07908,slack_bot_token,T1.1,encoding,1,python,1,1,1,1,1
sample_07909,slack_bot_token,T1.1,encoding,1,python,1,1,1,1,1
sample_07910,slack_bot_token,T1.1,encoding,1,python,1,1,1,1,1
sample_07911,slack_bot_token,T1.1,encoding,1,python,1,1,1,1,1
sample_07912,slack_bot_token,T1.1,encoding,1,python,1,1,1,1,1
sample_07913,slack_bot_token,T1.1,encoding,1,python,1,1,1,1,1
sample_07914,slack_bot_token,T1.1,encoding,1,python,1,1,1,1,1
sample_07915,slack_bot_token,T1.1,encoding,1,python,1,1,1,1,1
sample_07916,slack_bot_token,T1.1,encoding,1,python,1,1,1,1,1
sample_07917,slack_bot_token,T1.1,encoding,1,python,1,1,1,1,1
sample_07918,slack_bot_token,T1.1,encoding,1,python,1,1,1,1,1
sample_07919,slack_bot_token,T1.1,encoding,1,python,1,1,1,1,1
sample_07920,slack_bot_token,T1.1,encoding,1,python,1,1,1,1,1
sample_07921,slack_bot_token,T1.1,encoding,1,dotenv,1,1,1,1,1
sample_07922,slack_bot_token,T1.1,encoding,1,dotenv,1,1,1,1,1
sample_07923,slack_bot_token,T1.1,encoding,1,dotenv,1,1,1,1,1
sample_07924,slack_bot_token,T1.1,encoding,1,dotenv,1,1,1,1,1
sample_07925,slack_bot_token,T1.1,encoding,1,dotenv,1,1,1,1,1
sample_07926,slack_bot_token,T1.1,encoding,1,dotenv,1,1,1,1,1
sample_07927,slack_bot_token,T1.1,encoding,1,dotenv,1,1,1,1,1
sample_07928,slack_bot_token,T1.1,encoding,1,dotenv,1,1,1,1,1
sample_07929,slack_bot_token,T1.1,encoding,1,dotenv,1,1,1,1,1
sample_07930,slack_bot_token,T1.1,encoding,1,dotenv,1,1,1,1,1
sample_07931,slack_bot_token,T1.1,encoding,1,dotenv,1,1,1,1,1
sample_07932,slack_bot_token,T1.1,encoding,1,dotenv,1,1,1,1,1
sample_07933,slack_bot_token,T1.1,encoding,1,dotenv,1,1,1,1,1
sample_07934,slack_bot_token,T1.1,encoding,1,dotenv,1,1,1,1,1
sample_07935,slack_bot_token,T1.1,encoding,1,dotenv,1,1,1,1,1
sample_07936,slack_bot_token,T1.1,encoding,1,dotenv,1,1,1,1,1
sample_07937,slack_bot_token,T1.1,encoding,1,dotenv,0,1,0,1,1
sample_07938,slack_bot_token,T1.1,encoding,1,dotenv,1,1,1,1,1
sample_07939,slack_bot_token,T1.1,encoding,1,dotenv,1,1,1,1,1
sample_07940,slack_bot_token,T1.1,encoding,1,dotenv,1,1,1,1,1
sample_07941,slack_bot_token,T1.1,encoding,1,dotenv,1,1,1,1,1
sample_07942,slack_bot_token,T1.1,encoding,1,dotenv,1,1,1,1,1
sample_07943,slack_bot_token,T1.1,encoding,1,dotenv,1,1,1,1,1
sample_07944,slack_bot_token,T1.1,encoding,1,dotenv,1,1,1,1,1
sample_07945,slack_bot_token,T1.1,encoding,1,dotenv,1,1,1,1,1
sample_07946,slack_bot_token,T1.1,encoding,1,dotenv,1,1,1,1,1
sample_07947,slack_bot_token,T1.1,encoding,1,dotenv,1,1,1,1,1
sample_07948,slack_bot_token,T1.1,encoding,1,dotenv,1,1,1,1,1
sample_07949,slack_bot_token,T1.1,encoding,1,dotenv,1,1,1,1,1
sample_07950,slack_bot_token,T1.1,encoding,1,dotenv,1,1,1,1,1
sample_07951,slack_bot_token,T1.1,encoding,1,yaml,1,1,1,1,1
sample_07952,slack_bot_token,T1.1,encoding,1,yaml,1,1,1,1,1
sample_07953,slack_bot_token,T1.1,encoding,1,yaml,1,1,1,1,1
sample_07954,slack_bot_token,T1.1,encoding,1,yaml,1,1,1,1,1
sample_07955,slack_bot_token,T1.1,encoding,1,yaml,1,1,1,1,1
sample_07956,slack_bot_token,T1.1,encoding,1,yaml,1,1,1,1,1
sample_07957,slack_bot_token,T1.1,encoding,1,yaml,1,1,1,1,1
sample_07958,slack_bot_token,T1.1,encoding,1,yaml,1,1,1,1,1
sample_07959,slack_bot_token,T1.1,encoding,1,yaml,1,1,1,1,1
sample_07960,slack_bot_token,T1.1,encoding,1,yaml,1,1,1,1,1
sample_07961,slack_bot_token,T1.1,encoding,1,yaml,1,1,1,1,1
sample_07962,slack_bot_token,T1.1,encoding,1,yaml,1,1,1,1,1
sample_07963,slack_bot_token,T1.1,encoding,1,yaml,1,1,1,1,1
sample_07964,slack_bot_token,T1.1,encoding,1,yaml,1,1,1,1,1
sample_07965,slack_bot_token,T1.1,encoding,1,yaml,1,1,1,1,1
sample_07966,slack_bot_token,T1.1,encoding,1,yaml,1,1,1,1,1
sample_07967,slack_bot_token,T1.1,encoding,1,yaml,1,1,1,1,1
sample_07968,slack_bot_token,T1.1,encoding,1,yaml,1,1,1,1,1
sample_07969,slack_bot_token,T1.1,encoding,1,yaml,1,1,1,1,1
sample_07970,slack_bot_token,T1.1,encoding,1,yaml,1,1,1,1,1
sample_07971,slack_bot_token,T1.1,encoding,1,yaml,1,1,1,1,1
sample_07972,slack_bot_token,T1.1,encoding,1,yaml,1,1,1,1,1
sample_07973,slack_bot_token,T1.1,encoding,1,yaml,1,1,1,1,1
sample_07974,slack_bot_token,T1.1,encoding,1,yaml,1,1,1,1,1
sample_07975,slack_bot_token,T1.1,encoding,1,yaml,1,1,1,1,1
sample_07976,slack_bot_token,T1.1,encoding,1,yaml,1,1,1,1,1
sample_07977,slack_bot_token,T1.1,encoding,1,yaml,1,1,1,1,1
sample_07978,slack_bot_token,T1.1,encoding,1,yaml,1,1,1,1,1
sample_07979,slack_bot_token,T1.1,encoding,1,yaml,1,1,1,1,1
sample_07980,slack_bot_token,T1.1,encoding,1,yaml,1,1,1,1,1
sample_07981,slack_bot_token,T1.2,encoding,1,python,1,1,1,1,0
sample_07982,slack_bot_token,T1.2,encoding,1,python,1,1,1,1,0
sample_07983,slack_bot_token,T1.2,encoding,1,python,1,1,1,1,0
sample_07984,slack_bot_token,T1.2,encoding,1,python,1,1,1,1,0
sample_07985,slack_bot_token,T1.2,encoding,1,python,1,1,1,1,0
sample_07986,slack_bot_token,T1.2,encoding,1,python,1,1,1,1,0
sample_07987,slack_bot_token,T1.2,encoding,1,python,1,1,1,1,0
sample_07988,slack_bot_token,T1.2,encoding,1,python,1,1,1,1,0
sample_07989,slack_bot_token,T1.2,encoding,1,python,1,1,1,1,0
sample_07990,slack_bot_token,T1.2,encoding,1,python,1,1,1,1,0
sample_07991,slack_bot_token,T1.2,encoding,1,python,1,1,1,1,0
sample_07992,slack_bot_token,T1.2,encoding,1,python,1,1,1,1,0
sample_07993,slack_bot_token,T1.2,encoding,1,python,1,1,1,1,0
sample_07994,slack_bot_token,T1.2,encoding,1,python,1,1,1,1,0
sample_07995,slack_bot_token,T1.2,encoding,1,python,1,1,1,1,0
sample_07996,slack_bot_token,T1.2,encoding,1,python,1,1,1,1,0
sample_07997,slack_bot_token,T1.2,encoding,1,python,1,1,1,1,0
sample_07998,slack_bot_token,T1.2,encoding,1,python,1,1,1,1,0
sample_07999,slack_bot_token,T1.2,encoding,1,python,1,1,1,1,0
sample_08000,slack_bot_token,T1.2,encoding,1,python,1,1,1,1,0
sample_08001,slack_bot_token,T1.2,encoding,1,python,1,1,1,1,0
sample_08002,slack_bot_token,T1.2,encoding,1,python,1,1,0,0,0
sample_08003,slack_bot_token,T1.2,encoding,1,python,1,1,1,1,0
sample_08004,slack_bot_token,T1.2,encoding,1,python,0,0,0,0,0
sample_08005,slack_bot_token,T1.2,encoding,1,python,1,1,1,1,0
sample_08006,slack_bot_token,T1.2,encoding,1,python,1,1,1,1,0
sample_08007,slack_bot_token,T1.2,encoding,1,python,1,1,1,1,0
sample_08008,slack_bot_token,T1.2,encoding,1,python,1,1,1,1,0
sample_08009,slack_bot_token,T1.2,encoding,1,python,1,1,1,1,0
sample_08010,slack_bot_token,T1.2,encoding,1,python,1,1,1,1,0
sample_08011,slack_bot_token,T1.2,encoding,1,dotenv,1,1,1,1,0
sample_08012,slack_bot_token,T1.2,encoding,1,dotenv,1,1,1,1,0
sample_08013,slack_bot_token,T1.2,encoding,1,dotenv,1,1,1,1,0
sample_08014,slack_bot_token,T1.2,encoding,1,dotenv,1,1,1,1,0
sample_08015,slack_bot_token,T1.2,encoding,1,dotenv,1,1,1,1,0
sample_08016,slack_bot_token,T1.2,encoding,1,dotenv,1,1,1,1,0
sample_08017,slack_bot_token,T1.2,encoding,1,dotenv,1,1,1,1,0
sample_08018,slack_bot_token,T1.2,encoding,1,dotenv,0,0,0,0,0
sample_08019,slack_bot_token,T1.2,encoding,1,dotenv,1,1,1,1,0
sample_08020,slack_bot_token,T1.2,encoding,1,dotenv,1,1,1,1,0
sample_08021,slack_bot_token,T1.2,encoding,1,dotenv,1,1,1,1,0
sample_08022,slack_bot_token,T1.2,encoding,1,dotenv,1,1,1,1,0
sample_08023,slack_bot_token,T1.2,encoding,1,dotenv,1,1,1,1,0
sample_08024,slack_bot_token,T1.2,encoding,1,dotenv,1,1,1,1,0
sample_08025,slack_bot_token,T1.2,encoding,1,dotenv,1,1,1,1,0
sample_08026,slack_bot_token,T1.2,encoding,1,dotenv,1,1,1,1,0
sample_08027,slack_bot_token,T1.2,encoding,1,dotenv,1,1,1,1,0
sample_08028,slack_bot_token,T1.2,encoding,1,dotenv,1,1,1,1,0
sample_08029,slack_bot_token,T1.2,encoding,1,dotenv,1,1,1,1,0
sample_08030,slack_bot_token,T1.2,encoding,1,dotenv,1,1,1,1,0
sample_08031,slack_bot_token,T1.2,encoding,1,dotenv,1,1,1,1,0
sample_08032,slack_bot_token,T1.2,encoding,1,dotenv,1,1,1,1,0
sample_08033,slack_bot_token,T1.2,encoding,1,dotenv,1,1,1,1,0
sample_08034,slack_bot_token,T1.2,encoding,1,dotenv,1,1,1,1,0
sample_08035,slack_bot_token,T1.2,encoding,1,dotenv,1,1,1,1,0
sample_08036,slack_bot_token,T1.2,encoding,1,dotenv,1,1,1,1,0
sample_08037,slack_bot_token,T1.2,encoding,1,dotenv,1,1,1,1,0
sample_08038,slack_bot_token,T1.2,encoding,1,dotenv,1,1,1,1,0
sample_08039,slack_bot_token,T1.2,encoding,1,dotenv,1,1,1,1,0
sample_08040,slack_bot_token,T1.2,encoding,1,dotenv,1,1,1,1,0
sample_08041,slack_bot_token,T1.2,encoding,1,yaml,1,1,1,1,0
sample_08042,slack_bot_token,T1.2,encoding,1,yaml,1,1,1,1,0
sample_08043,slack_bot_token,T1.2,encoding,1,yaml,1,1,1,1,0
sample_08044,slack_bot_token,T1.2,encoding,1,yaml,1,1,1,1,0
sample_08045,slack_bot_token,T1.2,encoding,1,yaml,1,1,1,1,0
sample_08046,slack_bot_token,T1.2,encoding,1,yaml,1,1,1,1,0
sample_08047,slack_bot_token,T1.2,encoding,1,yaml,1,1,1,1,0
sample_08048,slack_bot_token,T1.2,encoding,1,yaml,1,1,1,1,0
sample_08049,slack_bot_token,T1.2,encoding,1,yaml,1,1,1,1,0
sample_08050,slack_bot_token,T1.2,encoding,1,yaml,1,1,1,1,0
sample_08051,slack_bot_token,T1.2,encoding,1,yaml,1,1,1,1,0
sample_08052,slack_bot_token,T1.2,encoding,1,yaml,1,1,1,1,0
sample_08053,slack_bot_token,T1.2,encoding,1,yaml,1,1,1,1,0
sample_08054,slack_bot_token,T1.2,encoding,1,yaml,1,1,1,1,0
sample_08055,slack_bot_token,T1.2,encoding,1,yaml,1,1,1,1,0
sample_08056,slack_bot_token,T1.2,encoding,1,yaml,1,1,1,1,0
sample_08057,slack_bot_token,T1.2,encoding,1,yaml,1,1,1,1,0
sample_08058,slack_bot_token,T1.2,encoding,1,yaml,1,1,1,1,0
sample_08059,slack_bot_token,T1.2,encoding,1,yaml,1,1,1,1,0
sample_08060,slack_bot_token,T1.2,encoding,1,yaml,1,1,1,1,0
sample_08061,slack_bot_token,T1.2,encoding,1,yaml,1,1,1,1,0
sample_08062,slack_bot_token,T1.2,encoding,1,yaml,1,1,1,1,0
sample_08063,slack_bot_token,T1.2,encoding,1,yaml,1,1,1,1,0
sample_08064,slack_bot_token,T1.2,encoding,1,yaml,1,1,1,1,0
sample_08065,slack_bot_token,T1.2,encoding,1,yaml,1,1,1,1,0
sample_08066,slack_bot_token,T1.2,encoding,1,yaml,1,1,1,1,0
sample_08067,slack_bot_token,T1.2,encoding,1,yaml,1,1,1,1,0
sample_08068,slack_bot_token,T1.2,encoding,1,yaml,1,1,1,1,0
sample_08069,slack_bot_token,T1.2,encoding,1,yaml,1,1,1,1,0
sample_08070,slack_bot_token,T1.2,encoding,1,yaml,1,1,1,1,0
sample_08071,slack_bot_token,T1.3,encoding,1,python,0,0,0,0,0
sample_08072,slack_bot_token,T1.3,encoding,1,python,0,0,0,0,0
sample_08073,slack_bot_token,T1.3,encoding,1,python,0,0,0,0,0
sample_08074,slack_bot_token,T1.3,encoding,1,python,0,0,0,0,0
sample_08075,slack_bot_token,T1.3,encoding,1,python,0,0,0,0,0
sample_08076,slack_bot_token,T1.3,encoding,1,python,0,0,0,0,0
sample_08077,slack_bot_token,T1.3,encoding,1,python,0,0,0,0,0
sample_08078,slack_bot_token,T1.3,encoding,1,python,0,0,0,0,0
sample_08079,slack_bot_token,T1.3,encoding,1,python,0,0,0,0,0
sample_08080,slack_bot_token,T1.3,encoding,1,python,0,0,0,0,0
sample_08081,slack_bot_token,T1.3,encoding,1,python,0,0,0,0,0
sample_08082,slack_bot_token,T1.3,encoding,1,python,0,0,0,0,0
sample_08083,slack_bot_token,T1.3,encoding,1,python,0,0,0,0,0
sample_08084,slack_bot_token,T1.3,encoding,1,python,0,0,0,0,0
sample_08085,slack_bot_token,T1.3,encoding,1,python,0,0,0,0,0
sample_08086,slack_bot_token,T1.3,encoding,1,python,0,0,0,0,0
sample_08087,slack_bot_token,T1.3,encoding,1,python,0,0,0,0,0
sample_08088,slack_bot_token,T1.3,encoding,1,python,0,0,0,0,0
sample_08089,slack_bot_token,T1.3,encoding,1,python,0,0,0,0,0
sample_08090,slack_bot_token,T1.3,encoding,1,python,0,0,0,0,0
sample_08091,slack_bot_token,T1.3,encoding,1,python,0,0,0,0,0
sample_08092,slack_bot_token,T1.3,encoding,1,python,0,0,0,0,0
sample_08093,slack_bot_token,T1.3,encoding,1,python,0,0,0,0,0
sample_08094,slack_bot_token,T1.3,encoding,1,python,0,0,0,0,0
sample_08095,slack_bot_token,T1.3,encoding,1,python,0,0,0,0,0
sample_08096,slack_bot_token,T1.3,encoding,1,python,0,0,0,0,0
sample_08097,slack_bot_token,T1.3,encoding,1,python,0,0,0,0,0
sample_08098,slack_bot_token,T1.3,encoding,1,python,0,0,0,0,0
sample_08099,slack_bot_token,T1.3,encoding,1,python,0,0,0,0,0
sample_08100,slack_bot_token,T1.3,encoding,1,python,0,0,0,0,0
sample_08101,slack_bot_token,T1.3,encoding,1,dotenv,0,0,0,0,0
sample_08102,slack_bot_token,T1.3,encoding,1,dotenv,0,0,0,0,0
sample_08103,slack_bot_token,T1.3,encoding,1,dotenv,0,0,0,0,0
sample_08104,slack_bot_token,T1.3,encoding,1,dotenv,0,0,0,0,0
sample_08105,slack_bot_token,T1.3,encoding,1,dotenv,0,0,0,0,0
sample_08106,slack_bot_token,T1.3,encoding,1,dotenv,0,0,0,0,0
sample_08107,slack_bot_token,T1.3,encoding,1,dotenv,0,0,0,0,0
sample_08108,slack_bot_token,T1.3,encoding,1,dotenv,0,0,0,0,0
sample_08109,slack_bot_token,T1.3,encoding,1,dotenv,0,0,0,0,0
sample_08110,slack_bot_token,T1.3,encoding,1,dotenv,0,0,0,0,0
sample_08111,slack_bot_token,T1.3,encoding,1,dotenv,0,0,0,0,0
sample_08112,slack_bot_token,T1.3,encoding,1,dotenv,0,0,0,0,0
sample_08113,slack_bot_token,T1.3,encoding,1,dotenv,0,0,0,0,0
sample_08114,slack_bot_token,T1.3,encoding,1,dotenv,0,0,0,0,0
sample_08115,slack_bot_token,T1.3,encoding,1,dotenv,0,0,0,0,0
sample_08116,slack_bot_token,T1.3,encoding,1,dotenv,0,0,0,0,0
sample_08117,slack_bot_token,T1.3,encoding,1,dotenv,0,0,0,0,0
sample_08118,slack_bot_token,T1.3,encoding,1,dotenv,0,0,0,0,0
sample_08119,slack_bot_token,T1.3,encoding,1,dotenv,0,0,0,0,0
sample_08120,slack_bot_token,T1.3,encoding,1,dotenv,0,0,0,0,0
sample_08121,slack_bot_token,T1.3,encoding,1,dotenv,0,0,0,0,0
sample_08122,slack_bot_token,T1.3,encoding,1,dotenv,0,0,0,0,0
sample_08123,slack_bot_token,T1.3,encoding,1,dotenv,0,0,0,0,0
sample_08124,slack_bot_token,T1.3,encoding,1,dotenv,0,0,0,0,0
sample_08125,slack_bot_token,T1.3,encoding,1,dotenv,0,0,0,0,0
sample_08126,slack_bot_token,T1.3,encoding,1,dotenv,0,0,0,0,0
sample_08127,slack_bot_token,T1.3,encoding,1,dotenv,0,0,0,0,0
sample_08128,slack_bot_token,T1.3,encoding,1,dotenv,0,0,0,0,0
sample_08129,slack_bot_token,T1.3,encoding,1,dotenv,0,0,0,0,0
sample_08130,slack_bot_token,T1.3,encoding,1,dotenv,0,0,0,0,0
sample_08131,slack_bot_token,T1.3,encoding,1,yaml,0,0,0,0,0
sample_08132,slack_bot_token,T1.3,encoding,1,yaml,0,0,0,0,0
sample_08133,slack_bot_token,T1.3,encoding,1,yaml,0,0,0,0,0
sample_08134,slack_bot_token,T1.3,encoding,1,yaml,0,0,0,0,0
sample_08135,slack_bot_token,T1.3,encoding,1,yaml,0,0,0,0,0
sample_08136,slack_bot_token,T1.3,encoding,1,yaml,0,0,0,0,0
sample_08137,slack_bot_token,T1.3,encoding,1,yaml,0,0,0,0,0
sample_08138,slack_bot_token,T1.3,encoding,1,yaml,0,0,0,0,0
sample_08139,slack_bot_token,T1.3,encoding,1,yaml,0,0,0,0,0
sample_08140,slack_bot_token,T1.3,encoding,1,yaml,0,0,0,0,0
sample_08141,slack_bot_token,T1.3,encoding,1,yaml,0,0,0,0,0
sample_08142,slack_bot_token,T1.3,encoding,1,yaml,0,0,0,0,0
sample_08143,slack_bot_token,T1.3,encoding,1,yaml,0,0,0,0,0
sample_08144,slack_bot_token,T1.3,encoding,1,yaml,0,0,0,0,0
sample_08145,slack_bot_token,T1.3,encoding,1,yaml,0,0,0,0,0
sample_08146,slack_bot_token,T1.3,encoding,1,yaml,0,0,0,0,0
sample_08147,slack_bot_token,T1.3,encoding,1,yaml,0,0,0,0,0
sample_08148,slack_bot_token,T1.3,encoding,1,yaml,0,0,0,0,0
sample_08149,slack_bot_token,T1.3,encoding,1,yaml,0,0,0,0,0
sample_08150,slack_bot_token,T1.3,encoding,1,yaml,0,0,0,0,0
sample_08151,slack_bot_token,T1.3,encoding,1,yaml,0,0,0,0,0
sample_08152,slack_bot_token,T1.3,encoding,1,yaml,0,0,0,0,0
sample_08153,slack_bot_token,T1.3,encoding,1,yaml,0,0,0,0,0
sample_08154,slack_bot_token,T1.3,encoding,1,yaml,0,0,0,0,0
sample_08155,slack_bot_token,T1.3,encoding,1,yaml,0,0,0,0,0
sample_08156,slack_bot_token,T1.3,encoding,1,yaml,0,0,0,0,0
sample_08157,slack_bot_token,T1.3,encoding,1,yaml,0,0,0,0,0
sample_08158,slack_bot_token,T1.3,encoding,1,yaml,0,0,0,0,0
sample_08159,slack_bot_token,T1.3,encoding,1,yaml,0,0,0,0,0
sample_08160,slack_bot_token,T1.3,encoding,1,yaml,0,0,0,0,0
sample_08161,slack_bot_token,T1.4,encoding,1,python,0,1,0,1,0
sample_08162,slack_bot_token,T1.4,encoding,1,python,0,1,0,1,0
sample_08163,slack_bot_token,T1.4,encoding,1,python,0,1,0,1,0
sample_08164,slack_bot_token,T1.4,encoding,1,python,0,1,0,1,0
sample_08165,slack_bot_token,T1.4,encoding,1,python,0,1,0,1,0
sample_08166,slack_bot_token,T1.4,encoding,1,python,0,1,0,1,0
sample_08167,slack_bot_token,T1.4,encoding,1,python,0,1,0,1,0
sample_08168,slack_bot_token,T1.4,encoding,1,python,0,1,0,1,0
sample_08169,slack_bot_token,T1.4,encoding,1,python,0,1,0,1,0
sample_08170,slack_bot_token,T1.4,encoding,1,python,0,1,0,1,0
sample_08171,slack_bot_token,T1.4,encoding,1,python,0,1,0,1,0
sample_08172,slack_bot_token,T1.4,encoding,1,python,0,1,0,1,0
sample_08173,slack_bot_token,T1.4,encoding,1,python,0,1,0,1,0
sample_08174,slack_bot_token,T1.4,encoding,1,python,0,1,0,1,0
sample_08175,slack_bot_token,T1.4,encoding,1,python,0,1,0,1,0
sample_08176,slack_bot_token,T1.4,encoding,1,python,0,1,0,1,0
sample_08177,slack_bot_token,T1.4,encoding,1,python,0,1,0,1,0
sample_08178,slack_bot_token,T1.4,encoding,1,python,0,1,0,1,0
sample_08179,slack_bot_token,T1.4,encoding,1,python,0,1,0,1,0
sample_08180,slack_bot_token,T1.4,encoding,1,python,0,1,0,1,0
sample_08181,slack_bot_token,T1.4,encoding,1,python,0,1,0,1,0
sample_08182,slack_bot_token,T1.4,encoding,1,python,0,1,0,1,0
sample_08183,slack_bot_token,T1.4,encoding,1,python,0,1,0,1,0
sample_08184,slack_bot_token,T1.4,encoding,1,python,0,1,0,1,0
sample_08185,slack_bot_token,T1.4,encoding,1,python,0,1,0,1,0
sample_08186,slack_bot_token,T1.4,encoding,1,python,0,1,0,1,0
sample_08187,slack_bot_token,T1.4,encoding,1,python,0,1,0,1,0
sample_08188,slack_bot_token,T1.4,encoding,1,python,0,1,0,1,0
sample_08189,slack_bot_token,T1.4,encoding,1,python,0,1,0,1,0
sample_08190,slack_bot_token,T1.4,encoding,1,python,0,1,0,1,0
sample_08191,slack_bot_token,T1.4,encoding,1,dotenv,0,1,0,1,0
sample_08192,slack_bot_token,T1.4,encoding,1,dotenv,0,1,0,1,0
sample_08193,slack_bot_token,T1.4,encoding,1,dotenv,0,1,0,1,0
sample_08194,slack_bot_token,T1.4,encoding,1,dotenv,0,1,0,1,0
sample_08195,slack_bot_token,T1.4,encoding,1,dotenv,0,1,0,1,0
sample_08196,slack_bot_token,T1.4,encoding,1,dotenv,0,1,0,1,0
sample_08197,slack_bot_token,T1.4,encoding,1,dotenv,0,1,0,1,0
sample_08198,slack_bot_token,T1.4,encoding,1,dotenv,0,1,0,1,0
sample_08199,slack_bot_token,T1.4,encoding,1,dotenv,0,1,0,1,0
sample_08200,slack_bot_token,T1.4,encoding,1,dotenv,0,1,0,1,0
sample_08201,slack_bot_token,T1.4,encoding,1,dotenv,0,1,0,1,0
sample_08202,slack_bot_token,T1.4,encoding,1,dotenv,0,1,0,1,0
sample_08203,slack_bot_token,T1.4,encoding,1,dotenv,0,1,0,1,0
sample_08204,slack_bot_token,T1.4,encoding,1,dotenv,0,1,0,1,0
sample_08205,slack_bot_token,T1.4,encoding,1,dotenv,0,1,0,1,0
sample_08206,slack_bot_token,T1.4,encoding,1,dotenv,0,1,0,1,0
sample_08207,slack_bot_token,T1.4,encoding,1,dotenv,0,1,0,1,0
sample_08208,slack_bot_token,T1.4,encoding,1,dotenv,0,1,0,1,0
sample_08209,slack_bot_token,T1.4,encoding,1,dotenv,0,1,0,1,0
sample_08210,slack_bot_token,T1.4,encoding,1,dotenv,0,1,0,1,0
sample_08211,slack_bot_token,T1.4,encoding,1,dotenv,0,1,0,1,0
sample_08212,slack_bot_token,T1.4,encoding,1,dotenv,0,1,0,1,0
sample_08213,slack_bot_token,T1.4,encoding,1,dotenv,0,1,0,1,0
sample_08214,slack_bot_token,T1.4,encoding,1,dotenv,0,1,0,1,0
sample_08215,slack_bot_token,T1.4,encoding,1,dotenv,0,1,0,1,0
sample_08216,slack_bot_token,T1.4,encoding,1,dotenv,0,1,0,1,0
sample_08217,slack_bot_token,T1.4,encoding,1,dotenv,0,1,0,1,0
sample_08218,slack_bot_token,T1.4,encoding,1,dotenv,0,1,0,1,0
sample_08219,slack_bot_token,T1.4,encoding,1,dotenv,0,1,0,1,0
sample_08220,slack_bot_token,T1.4,encoding,1,dotenv,0,1,0,1,0
sample_08221,slack_bot_token,T1.4,encoding,1,yaml,0,1,0,1,0
sample_08222,slack_bot_token,T1.4,encoding,1,yaml,0,1,0,1,0
sample_08223,slack_bot_token,T1.4,encoding,1,yaml,0,1,0,1,0
sample_08224,slack_bot_token,T1.4,encoding,1,yaml,0,1,0,1,0
sample_08225,slack_bot_token,T1.4,encoding,1,yaml,0,1,0,1,0
sample_08226,slack_bot_token,T1.4,encoding,1,yaml,0,1,0,1,0
sample_08227,slack_bot_token,T1.4,encoding,1,yaml,0,1,0,1,0
sample_08228,slack_bot_token,T1.4,encoding,1,yaml,0,1,0,1,0
sample_08229,slack_bot_token,T1.4,encoding,1,yaml,0,1,0,1,0
sample_08230,slack_bot_token,T1.4,encoding,1,yaml,0,1,0,1,0
sample_08231,slack_bot_token,T1.4,encoding,1,yaml,0,1,0,1,0
sample_08232,slack_bot_token,T1.4,encoding,1,yaml,0,1,0,1,0
sample_08233,slack_bot_token,T1.4,encoding,1,yaml,0,1,0,1,0
sample_08234,slack_bot_token,T1.4,encoding,1,yaml,0,1,0,1,0
sample_08235,slack_bot_token,T1.4,encoding,1,yaml,0,1,0,1,0
sample_08236,slack_bot_token,T1.4,encoding,1,yaml,0,1,0,1,0
sample_08237,slack_bot_token,T1.4,encoding,1,yaml,0,1,0,1,0
sample_08238,slack_bot_token,T1.4,encoding,1,yaml,0,1,0,1,0
sample_08239,slack_bot_token,T1.4,encoding,1,yaml,0,1,0,1,0
sample_08240,slack_bot_token,T1.4,encoding,1,yaml,0,1,0,1,0
sample_08241,slack_bot_token,T1.4,encoding,1,yaml,0,1,0,1,0
sample_08242,slack_bot_token,T1.4,encoding,1,yaml,0,1,0,1,0
sample_08243,slack_bot_token,T1.4,encoding,1,yaml,0,1,0,1,0
sample_08244,slack_bot_token,T1.4,encoding,1,yaml,0,1,0,1,0
sample_08245,slack_bot_token,T1.4,encoding,1,yaml,0,1,0,1,0
sample_08246,slack_bot_token,T1.4,encoding,1,yaml,0,1,0,1,0
sample_08247,slack_bot_token,T1.4,encoding,1,yaml,0,1,0,1,0
sample_08248,slack_bot_token,T1.4,encoding,1,yaml,0,1,0,1,0
sample_08249,slack_bot_token,T1.4,encoding,1,yaml,0,1,0,1,0
sample_08250,slack_bot_token,T1.4,encoding,1,yaml,0,1,0,1,0
sample_08251,slack_bot_token,T1.5,encoding,1,python,1,1,1,1,1
sample_08252,slack_bot_token,T1.5,encoding,1,python,1,1,1,1,1
sample_08253,slack_bot_token,T1.5,encoding,1,python,1,1,1,1,1
sample_08254,slack_bot_token,T1.5,encoding,1,python,1,1,1,1,1
sample_08255,slack_bot_token,T1.5,encoding,1,python,1,1,1,1,1
sample_08256,slack_bot_token,T1.5,encoding,1,python,1,1,1,1,1
sample_08257,slack_bot_token,T1.5,encoding,1,python,1,1,1,1,1
sample_08258,slack_bot_token,T1.5,encoding,1,python,1,1,1,1,1
sample_08259,slack_bot_token,T1.5,encoding,1,python,1,1,1,1,1
sample_08260,slack_bot_token,T1.5,encoding,1,python,1,1,1,1,1
sample_08261,slack_bot_token,T1.5,encoding,1,python,1,1,1,1,1
sample_08262,slack_bot_token,T1.5,encoding,1,python,1,1,1,1,1
sample_08263,slack_bot_token,T1.5,encoding,1,python,1,1,1,1,1
sample_08264,slack_bot_token,T1.5,encoding,1,python,1,1,1,1,1
sample_08265,slack_bot_token,T1.5,encoding,1,python,1,1,1,1,1
sample_08266,slack_bot_token,T1.5,encoding,1,python,1,1,1,1,1
sample_08267,slack_bot_token,T1.5,encoding,1,python,1,1,1,1,1
sample_08268,slack_bot_token,T1.5,encoding,1,python,1,1,1,1,1
sample_08269,slack_bot_token,T1.5,encoding,1,python,1,1,1,1,1
sample_08270,slack_bot_token,T1.5,encoding,1,python,1,1,1,1,1
sample_08271,slack_bot_token,T1.5,encoding,1,python,1,1,1,1,1
sample_08272,slack_bot_token,T1.5,encoding,1,python,1,1,1,1,1
sample_08273,slack_bot_token,T1.5,encoding,1,python,1,1,1,1,1
sample_08274,slack_bot_token,T1.5,encoding,1,python,1,1,1,1,1
sample_08275,slack_bot_token,T1.5,encoding,1,python,1,1,1,1,1
sample_08276,slack_bot_token,T1.5,encoding,1,python,1,1,1,1,1
sample_08277,slack_bot_token,T1.5,encoding,1,python,1,1,1,1,1
sample_08278,slack_bot_token,T1.5,encoding,1,python,1,1,1,1,1
sample_08279,slack_bot_token,T1.5,encoding,1,python,1,1,1,1,1
sample_08280,slack_bot_token,T1.5,encoding,1,python,1,1,1,1,1
sample_08281,slack_bot_token,T1.5,encoding,1,dotenv,1,1,1,1,1
sample_08282,slack_bot_token,T1.5,encoding,1,dotenv,1,1,1,1,1
sample_08283,slack_bot_token,T1.5,encoding,1,dotenv,1,1,1,1,1
sample_08284,slack_bot_token,T1.5,encoding,1,dotenv,1,1,1,1,1
sample_08285,slack_bot_token,T1.5,encoding,1,dotenv,1,1,1,1,1
sample_08286,slack_bot_token,T1.5,encoding,1,dotenv,1,1,1,1,1
sample_08287,slack_bot_token,T1.5,encoding,1,dotenv,1,1,1,1,1
sample_08288,slack_bot_token,T1.5,encoding,1,dotenv,1,1,1,1,1
sample_08289,slack_bot_token,T1.5,encoding,1,dotenv,1,1,1,1,1
sample_08290,slack_bot_token,T1.5,encoding,1,dotenv,1,1,1,1,1
sample_08291,slack_bot_token,T1.5,encoding,1,dotenv,1,1,1,1,1
sample_08292,slack_bot_token,T1.5,encoding,1,dotenv,1,1,1,1,1
sample_08293,slack_bot_token,T1.5,encoding,1,dotenv,1,1,1,1,1
sample_08294,slack_bot_token,T1.5,encoding,1,dotenv,1,1,1,1,1
sample_08295,slack_bot_token,T1.5,encoding,1,dotenv,1,1,1,1,1
sample_08296,slack_bot_token,T1.5,encoding,1,dotenv,1,1,1,1,1
sample_08297,slack_bot_token,T1.5,encoding,1,dotenv,1,1,1,1,1
sample_08298,slack_bot_token,T1.5,encoding,1,dotenv,1,1,1,1,1
sample_08299,slack_bot_token,T1.5,encoding,1,dotenv,1,1,1,1,1
sample_08300,slack_bot_token,T1.5,encoding,1,dotenv,1,1,1,1,1
sample_08301,slack_bot_token,T1.5,encoding,1,dotenv,1,1,1,1,1
sample_08302,slack_bot_token,T1.5,encoding,1,dotenv,1,1,1,1,1
sample_08303,slack_bot_token,T1.5,encoding,1,dotenv,1,1,1,1,1
sample_08304,slack_bot_token,T1.5,encoding,1,dotenv,1,1,1,1,1
sample_08305,slack_bot_token,T1.5,encoding,1,dotenv,1,1,1,1,1
sample_08306,slack_bot_token,T1.5,encoding,1,dotenv,1,1,1,1,1
sample_08307,slack_bot_token,T1.5,encoding,1,dotenv,1,1,1,1,1
sample_08308,slack_bot_token,T1.5,encoding,1,dotenv,1,1,1,1,1
sample_08309,slack_bot_token,T1.5,encoding,1,dotenv,1,1,1,1,1
sample_08310,slack_bot_token,T1.5,encoding,1,dotenv,1,1,1,1,1
sample_08311,slack_bot_token,T1.5,encoding,1,yaml,1,1,1,1,1
sample_08312,slack_bot_token,T1.5,encoding,1,yaml,1,1,1,1,1
sample_08313,slack_bot_token,T1.5,encoding,1,yaml,1,1,1,1,1
sample_08314,slack_bot_token,T1.5,encoding,1,yaml,1,1,1,1,1
sample_08315,slack_bot_token,T1.5,encoding,1,yaml,1,1,1,1,1
sample_08316,slack_bot_token,T1.5,encoding,1,yaml,1,1,1,1,1
sample_08317,slack_bot_token,T1.5,encoding,1,yaml,1,1,1,1,1
sample_08318,slack_bot_token,T1.5,encoding,1,yaml,1,1,1,1,1
sample_08319,slack_bot_token,T1.5,encoding,1,yaml,1,1,1,1,1
sample_08320,slack_bot_token,T1.5,encoding,1,yaml,1,1,1,1,1
sample_08321,slack_bot_token,T1.5,encoding,1,yaml,1,1,1,1,1
sample_08322,slack_bot_token,T1.5,encoding,1,yaml,1,1,1,1,1
sample_08323,slack_bot_token,T1.5,encoding,1,yaml,1,1,1,1,1
sample_08324,slack_bot_token,T1.5,encoding,1,yaml,1,1,1,1,1
sample_08325,slack_bot_token,T1.5,encoding,1,yaml,1,1,1,1,1
sample_08326,slack_bot_token,T1.5,encoding,1,yaml,1,1,1,1,1
sample_08327,slack_bot_token,T1.5,encoding,1,yaml,1,1,1,1,1
sample_08328,slack_bot_token,T1.5,encoding,1,yaml,1,1,1,1,1
sample_08329,slack_bot_token,T1.5,encoding,1,yaml,1,1,1,1,1
sample_08330,slack_bot_token,T1.5,encoding,1,yaml,1,1,1,1,1
sample_08331,slack_bot_token,T1.5,encoding,1,yaml,1,1,1,1,1
sample_08332,slack_bot_token,T1.5,encoding,1,yaml,1,1,1,1,1
sample_08333,slack_bot_token,T1.5,encoding,1,yaml,1,1,1,1,1
sample_08334,slack_bot_token,T1.5,encoding,1,yaml,1,1,1,1,1
sample_08335,slack_bot_token,T1.5,encoding,1,yaml,1,1,1,1,1
sample_08336,slack_bot_token,T1.5,encoding,1,yaml,1,1,1,1,1
sample_08337,slack_bot_token,T1.5,encoding,1,yaml,1,1,1,1,1
sample_08338,slack_bot_token,T1.5,encoding,1,yaml,1,1,1,1,1
sample_08339,slack_bot_token,T1.5,encoding,1,yaml,1,1,1,1,1
sample_08340,slack_bot_token,T1.5,encoding,1,yaml,1,1,1,1,1
sample_08341,slack_bot_token,T1.6,encoding,1,python,1,1,1,1,0
sample_08342,slack_bot_token,T1.6,encoding,1,python,1,1,1,1,0
sample_08343,slack_bot_token,T1.6,encoding,1,python,1,1,1,1,0
sample_08344,slack_bot_token,T1.6,encoding,1,python,1,1,1,1,0
sample_08345,slack_bot_token,T1.6,encoding,1,python,1,1,1,1,0
sample_08346,slack_bot_token,T1.6,encoding,1,python,1,1,1,1,0
sample_08347,slack_bot_token,T1.6,encoding,1,python,1,1,1,1,0
sample_08348,slack_bot_token,T1.6,encoding,1,python,1,1,1,1,0
sample_08349,slack_bot_token,T1.6,encoding,1,python,1,1,1,1,0
sample_08350,slack_bot_token,T1.6,encoding,1,python,1,1,1,1,0
sample_08351,slack_bot_token,T1.6,encoding,1,python,1,1,1,1,0
sample_08352,slack_bot_token,T1.6,encoding,1,python,1,1,1,1,0
sample_08353,slack_bot_token,T1.6,encoding,1,python,1,1,1,1,0
sample_08354,slack_bot_token,T1.6,encoding,1,python,1,1,1,1,0
sample_08355,slack_bot_token,T1.6,encoding,1,python,1,1,1,1,0
sample_08356,slack_bot_token,T1.6,encoding,1,python,1,1,1,1,0
sample_08357,slack_bot_token,T1.6,encoding,1,python,1,1,1,1,0
sample_08358,slack_bot_token,T1.6,encoding,1,python,1,1,1,1,0
sample_08359,slack_bot_token,T1.6,encoding,1,python,0,0,0,0,0
sample_08360,slack_bot_token,T1.6,encoding,1,python,1,1,1,1,0
sample_08361,slack_bot_token,T1.6,encoding,1,python,1,1,1,1,0
sample_08362,slack_bot_token,T1.6,encoding,1,python,1,1,1,1,0
sample_08363,slack_bot_token,T1.6,encoding,1,python,1,1,1,1,0
sample_08364,slack_bot_token,T1.6,encoding,1,python,1,1,1,1,0
sample_08365,slack_bot_token,T1.6,encoding,1,python,1,1,1,1,0
sample_08366,slack_bot_token,T1.6,encoding,1,python,1,1,1,1,0
sample_08367,slack_bot_token,T1.6,encoding,1,python,1,1,1,1,0
sample_08368,slack_bot_token,T1.6,encoding,1,python,1,1,1,1,0
sample_08369,slack_bot_token,T1.6,encoding,1,python,1,1,1,1,0
sample_08370,slack_bot_token,T1.6,encoding,1,python,1,1,1,1,0
sample_08371,slack_bot_token,T1.6,encoding,1,dotenv,1,1,1,1,0
sample_08372,slack_bot_token,T1.6,encoding,1,dotenv,1,1,1,1,0
sample_08373,slack_bot_token,T1.6,encoding,1,dotenv,1,1,1,1,0
sample_08374,slack_bot_token,T1.6,encoding,1,dotenv,1,1,1,1,0
sample_08375,slack_bot_token,T1.6,encoding,1,dotenv,1,1,1,1,0
sample_08376,slack_bot_token,T1.6,encoding,1,dotenv,1,1,1,1,0
sample_08377,slack_bot_token,T1.6,encoding,1,dotenv,1,1,1,1,0
sample_08378,slack_bot_token,T1.6,encoding,1,dotenv,1,1,1,1,0
sample_08379,slack_bot_token,T1.6,encoding,1,dotenv,1,1,1,1,0
sample_08380,slack_bot_token,T1.6,encoding,1,dotenv,1,1,1,1,0
sample_08381,slack_bot_token,T1.6,encoding,1,dotenv,1,1,1,1,0
sample_08382,slack_bot_token,T1.6,encoding,1,dotenv,1,1,1,1,0
sample_08383,slack_bot_token,T1.6,encoding,1,dotenv,1,1,1,1,0
sample_08384,slack_bot_token,T1.6,encoding,1,dotenv,1,1,1,1,0
sample_08385,slack_bot_token,T1.6,encoding,1,dotenv,1,1,1,1,0
sample_08386,slack_bot_token,T1.6,encoding,1,dotenv,1,1,1,1,0
sample_08387,slack_bot_token,T1.6,encoding,1,dotenv,1,1,1,1,0
sample_08388,slack_bot_token,T1.6,encoding,1,dotenv,1,1,1,1,0
sample_08389,slack_bot_token,T1.6,encoding,1,dotenv,1,1,1,1,0
sample_08390,slack_bot_token,T1.6,encoding,1,dotenv,1,1,1,1,0
sample_08391,slack_bot_token,T1.6,encoding,1,dotenv,1,1,1,1,0
sample_08392,slack_bot_token,T1.6,encoding,1,dotenv,1,1,1,1,0
sample_08393,slack_bot_token,T1.6,encoding,1,dotenv,1,1,1,1,0
sample_08394,slack_bot_token,T1.6,encoding,1,dotenv,1,1,1,1,0
sample_08395,slack_bot_token,T1.6,encoding,1,dotenv,1,1,1,1,0
sample_08396,slack_bot_token,T1.6,encoding,1,dotenv,1,1,1,1,0
sample_08397,slack_bot_token,T1.6,encoding,1,dotenv,1,1,1,1,0
sample_08398,slack_bot_token,T1.6,encoding,1,dotenv,1,1,1,1,0
sample_08399,slack_bot_token,T1.6,encoding,1,dotenv,1,1,1,1,0
sample_08400,slack_bot_token,T1.6,encoding,1,dotenv,1,1,1,1,0
sample_08401,slack_bot_token,T1.6,encoding,1,yaml,1,1,1,1,0
sample_08402,slack_bot_token,T1.6,encoding,1,yaml,1,1,1,1,0
sample_08403,slack_bot_token,T1.6,encoding,1,yaml,1,1,1,1,0
sample_08404,slack_bot_token,T1.6,encoding,1,yaml,1,1,1,1,0
sample_08405,slack_bot_token,T1.6,encoding,1,yaml,1,1,1,1,0
sample_08406,slack_bot_token,T1.6,encoding,1,yaml,1,1,1,1,0
sample_08407,slack_bot_token,T1.6,encoding,1,yaml,1,1,1,1,0
sample_08408,slack_bot_token,T1.6,encoding,1,yaml,1,1,1,1,0
sample_08409,slack_bot_token,T1.6,encoding,1,yaml,1,1,1,1,0
sample_08410,slack_bot_token,T1.6,encoding,1,yaml,1,1,1,1,0
sample_08411,slack_bot_token,T1.6,encoding,1,yaml,1,1,1,1,0
sample_08412,slack_bot_token,T1.6,encoding,1,yaml,1,1,1,1,0
sample_08413,slack_bot_token,T1.6,encoding,1,yaml,1,1,1,1,0
sample_08414,slack_bot_token,T1.6,encoding,1,yaml,1,1,1,1,0
sample_08415,slack_bot_token,T1.6,encoding,1,yaml,1,1,1,1,0
sample_08416,slack_bot_token,T1.6,encoding,1,yaml,1,1,1,1,0
sample_08417,slack_bot_token,T1.6,encoding,1,yaml,1,1,1,1,0
sample_08418,slack_bot_token,T1.6,encoding,1,yaml,1,1,1,1,0
sample_08419,slack_bot_token,T1.6,encoding,1,yaml,1,1,1,1,0
sample_08420,slack_bot_token,T1.6,encoding,1,yaml,1,1,1,1,0
sample_08421,slack_bot_token,T1.6,encoding,1,yaml,1,1,1,1,0
sample_08422,slack_bot_token,T1.6,encoding,1,yaml,1,1,1,1,0
sample_08423,slack_bot_token,T1.6,encoding,1,yaml,1,1,1,1,0
sample_08424,slack_bot_token,T1.6,encoding,1,yaml,1,1,1,1,0
sample_08425,slack_bot_token,T1.6,encoding,1,yaml,1,1,1,1,0
sample_08426,slack_bot_token,T1.6,encoding,1,yaml,1,1,1,1,0
sample_08427,slack_bot_token,T1.6,encoding,1,yaml,1,1,1,1,0
sample_08428,slack_bot_token,T1.6,encoding,1,yaml,1,1,1,1,0
sample_08429,slack_bot_token,T1.6,encoding,1,yaml,1,1,1,1,0
sample_08430,slack_bot_token,T1.6,encoding,1,yaml,1,1,1,1,0
sample_08431,slack_bot_token,T1.7,encoding,1,python,1,1,1,1,0
sample_08432,slack_bot_token,T1.7,encoding,1,python,1,1,1,1,0
sample_08433,slack_bot_token,T1.7,encoding,1,python,1,1,1,1,0
sample_08434,slack_bot_token,T1.7,encoding,1,python,1,1,1,1,0
sample_08435,slack_bot_token,T1.7,encoding,1,python,1,1,1,1,0
sample_08436,slack_bot_token,T1.7,encoding,1,python,1,1,1,1,0
sample_08437,slack_bot_token,T1.7,encoding,1,python,1,1,1,1,0
sample_08438,slack_bot_token,T1.7,encoding,1,python,1,1,1,1,0
sample_08439,slack_bot_token,T1.7,encoding,1,python,1,1,1,1,0
sample_08440,slack_bot_token,T1.7,encoding,1,python,1,1,1,1,0
sample_08441,slack_bot_token,T1.7,encoding,1,python,1,1,1,1,0
sample_08442,slack_bot_token,T1.7,encoding,1,python,1,1,1,1,0
sample_08443,slack_bot_token,T1.7,encoding,1,python,1,1,1,1,0
sample_08444,slack_bot_token,T1.7,encoding,1,python,1,1,1,1,0
sample_08445,slack_bot_token,T1.7,encoding,1,python,1,1,1,1,0
sample_08446,slack_bot_token,T1.7,encoding,1,python,1,1,1,1,0
sample_08447,slack_bot_token,T1.7,encoding,1,python,1,1,1,1,0
sample_08448,slack_bot_token,T1.7,encoding,1,python,1,1,1,1,0
sample_08449,slack_bot_token,T1.7,encoding,1,python,1,1,1,1,0
sample_08450,slack_bot_token,T1.7,encoding,1,python,1,1,1,1,0
sample_08451,slack_bot_token,T1.7,encoding,1,python,1,1,1,1,0
sample_08452,slack_bot_token,T1.7,encoding,1,python,1,1,1,1,0
sample_08453,slack_bot_token,T1.7,encoding,1,python,1,1,1,1,0
sample_08454,slack_bot_token,T1.7,encoding,1,python,1,1,1,1,0
sample_08455,slack_bot_token,T1.7,encoding,1,python,1,1,1,1,0
sample_08456,slack_bot_token,T1.7,encoding,1,python,1,1,1,1,0
sample_08457,slack_bot_token,T1.7,encoding,1,python,1,1,1,1,0
sample_08458,slack_bot_token,T1.7,encoding,1,python,1,1,1,1,0
sample_08459,slack_bot_token,T1.7,encoding,1,python,1,1,1,1,0
sample_08460,slack_bot_token,T1.7,encoding,1,python,1,1,1,1,0
sample_08461,slack_bot_token,T1.7,encoding,1,dotenv,1,1,1,1,0
sample_08462,slack_bot_token,T1.7,encoding,1,dotenv,1,1,1,1,0
sample_08463,slack_bot_token,T1.7,encoding,1,dotenv,1,1,1,1,0
sample_08464,slack_bot_token,T1.7,encoding,1,dotenv,1,1,1,1,0
sample_08465,slack_bot_token,T1.7,encoding,1,dotenv,1,1,1,1,0
sample_08466,slack_bot_token,T1.7,encoding,1,dotenv,1,1,1,1,0
sample_08467,slack_bot_token,T1.7,encoding,1,dotenv,1,1,1,1,0
sample_08468,slack_bot_token,T1.7,encoding,1,dotenv,1,1,1,1,0
sample_08469,slack_bot_token,T1.7,encoding,1,dotenv,1,1,1,1,0
sample_08470,slack_bot_token,T1.7,encoding,1,dotenv,1,1,1,1,0
sample_08471,slack_bot_token,T1.7,encoding,1,dotenv,1,1,1,1,0
sample_08472,slack_bot_token,T1.7,encoding,1,dotenv,1,1,1,1,0
sample_08473,slack_bot_token,T1.7,encoding,1,dotenv,1,1,1,1,0
sample_08474,slack_bot_token,T1.7,encoding,1,dotenv,1,1,1,1,0
sample_08475,slack_bot_token,T1.7,encoding,1,dotenv,1,1,1,1,0
sample_08476,slack_bot_token,T1.7,encoding,1,dotenv,1,1,1,1,0
sample_08477,slack_bot_token,T1.7,encoding,1,dotenv,1,1,1,1,0
sample_08478,slack_bot_token,T1.7,encoding,1,dotenv,1,1,1,1,0
sample_08479,slack_bot_token,T1.7,encoding,1,dotenv,1,1,1,1,0
sample_08480,slack_bot_token,T1.7,encoding,1,dotenv,1,1,1,1,0
sample_08481,slack_bot_token,T1.7,encoding,1,dotenv,1,1,1,1,0
sample_08482,slack_bot_token,T1.7,encoding,1,dotenv,1,1,1,1,0
sample_08483,slack_bot_token,T1.7,encoding,1,dotenv,1,1,1,1,0
sample_08484,slack_bot_token,T1.7,encoding,1,dotenv,1,1,1,1,0
sample_08485,slack_bot_token,T1.7,encoding,1,dotenv,1,1,1,1,0
sample_08486,slack_bot_token,T1.7,encoding,1,dotenv,1,1,1,1,0
sample_08487,slack_bot_token,T1.7,encoding,1,dotenv,1,1,1,1,0
sample_08488,slack_bot_token,T1.7,encoding,1,dotenv,1,1,1,1,0
sample_08489,slack_bot_token,T1.7,encoding,1,dotenv,1,1,1,1,0
sample_08490,slack_bot_token,T1.7,encoding,1,dotenv,1,1,1,1,0
sample_08491,slack_bot_token,T1.7,encoding,1,yaml,1,1,1,1,0
sample_08492,slack_bot_token,T1.7,encoding,1,yaml,1,1,1,1,0
sample_08493,slack_bot_token,T1.7,encoding,1,yaml,1,1,1,1,0
sample_08494,slack_bot_token,T1.7,encoding,1,yaml,1,1,1,1,0
sample_08495,slack_bot_token,T1.7,encoding,1,yaml,1,1,1,1,0
sample_08496,slack_bot_token,T1.7,encoding,1,yaml,1,1,1,1,0
sample_08497,slack_bot_token,T1.7,encoding,1,yaml,1,1,1,1,0
sample_08498,slack_bot_token,T1.7,encoding,1,yaml,1,1,1,1,0
sample_08499,slack_bot_token,T1.7,encoding,1,yaml,1,1,1,1,0
sample_08500,slack_bot_token,T1.7,encoding,1,yaml,1,1,1,1,0
sample_08501,slack_bot_token,T1.7,encoding,1,yaml,1,1,1,1,0
sample_08502,slack_bot_token,T1.7,encoding,1,yaml,1,1,1,1,0
sample_08503,slack_bot_token,T1.7,encoding,1,yaml,1,1,1,1,0
sample_08504,slack_bot_token,T1.7,encoding,1,yaml,0,0,0,0,0
sample_08505,slack_bot_token,T1.7,encoding,1,yaml,1,1,1,1,0
sample_08506,slack_bot_token,T1.7,encoding,1,yaml,1,1,1,1,0
sample_08507,slack_bot_token,T1.7,encoding,1,yaml,1,1,1,1,0
sample_08508,slack_bot_token,T1.7,encoding,1,yaml,1,1,1,1,0
sample_08509,slack_bot_token,T1.7,encoding,1,yaml,1,1,1,1,0
sample_08510,slack_bot_token,T1.7,encoding,1,yaml,1,1,1,1,0
sample_08511,slack_bot_token,T1.7,encoding,1,yaml,1,1,1,1,0
sample_08512,slack_bot_token,T1.7,encoding,1,yaml,1,1,1,1,0
sample_08513,slack_bot_token,T1.7,encoding,1,yaml,1,1,1,1,0
sample_08514,slack_bot_token,T1.7,encoding,1,yaml,1,1,1,1,0
sample_08515,slack_bot_token,T1.7,encoding,1,yaml,1,1,1,1,0
sample_08516,slack_bot_token,T1.7,encoding,1,yaml,1,1,1,1,0
sample_08517,slack_bot_token,T1.7,encoding,1,yaml,1,1,1,1,0
sample_08518,slack_bot_token,T1.7,encoding,1,yaml,1,1,1,1,0
sample_08519,slack_bot_token,T1.7,encoding,1,yaml,1,1,1,1,0
sample_08520,slack_bot_token,T1.7,encoding,1,yaml,1,1,1,1,0
sample_08521,slack_bot_token,T2.1,multi_encoding,2,python,1,1,1,1,1
sample_08522,slack_bot_token,T2.1,multi_encoding,2,python,1,1,1,1,1
sample_08523,slack_bot_token,T2.1,multi_encoding,2,python,0,1,0,1,1
sample_08524,slack_bot_token,T2.1,multi_encoding,2,python,1,1,1,1,1
sample_08525,slack_bot_token,T2.1,multi_encoding,2,python,1,1,1,1,1
sample_08526,slack_bot_token,T2.1,multi_encoding,2,python,1,1,1,1,1
sample_08527,slack_bot_token,T2.1,multi_encoding,2,python,1,1,1,1,1
sample_08528,slack_bot_token,T2.1,multi_encoding,2,python,1,1,1,1,1
sample_08529,slack_bot_token,T2.1,multi_encoding,2,python,1,1,1,1,1
sample_08530,slack_bot_token,T2.1,multi_encoding,2,python,1,1,1,1,1
sample_08531,slack_bot_token,T2.1,multi_encoding,2,python,1,1,1,1,1
sample_08532,slack_bot_token,T2.1,multi_encoding,2,python,1,1,1,1,1
sample_08533,slack_bot_token,T2.1,multi_encoding,2,python,1,1,1,1,1
sample_08534,slack_bot_token,T2.1,multi_encoding,2,python,1,1,1,1,1
sample_08535,slack_bot_token,T2.1,multi_encoding,2,python,1,1,1,1,1
sample_08536,slack_bot_token,T2.1,multi_encoding,2,python,1,1,1,1,1
sample_08537,slack_bot_token,T2.1,multi_encoding,2,python,1,1,1,1,1
sample_08538,slack_bot_token,T2.1,multi_encoding,2,python,1,1,1,1,1
sample_08539,slack_bot_token,T2.1,multi_encoding,2,python,0,1,0,1,1
sample_08540,slack_bot_token,T2.1,multi_encoding,2,python,1,1,1,1,1
sample_08541,slack_bot_token,T2.1,multi_encoding,2,python,1,1,1,1,1
sample_08542,slack_bot_token,T2.1,multi_encoding,2,python,1,1,1,1,1
sample_08543,slack_bot_token,T2.1,multi_encoding,2,python,1,1,1,1,1
sample_08544,slack_bot_token,T2.1,multi_encoding,2,python,1,1,1,1,1
sample_08545,slack_bot_token,T2.1,multi_encoding,2,python,1,1,0,1,1
sample_08546,slack_bot_token,T2.1,multi_encoding,2,python,1,1,1,1,1
sample_08547,slack_bot_token,T2.1,multi_encoding,2,python,1,1,1,1,1
sample_08548,slack_bot_token,T2.1,multi_encoding,2,python,1,1,1,1,1
sample_08549,slack_bot_token,T2.1,multi_encoding,2,python,1,1,1,1,1
sample_08550,slack_bot_token,T2.1,multi_encoding,2,python,1,1,1,1,1
sample_08551,slack_bot_token,T2.1,multi_encoding,2,dotenv,1,1,1,1,1
sample_08552,slack_bot_token,T2.1,multi_encoding,2,dotenv,1,1,1,1,1
sample_08553,slack_bot_token,T2.1,multi_encoding,2,dotenv,1,1,1,1,1
sample_08554,slack_bot_token,T2.1,multi_encoding,2,dotenv,1,1,1,1,1
sample_08555,slack_bot_token,T2.1,multi_encoding,2,dotenv,1,1,1,1,1
sample_08556,slack_bot_token,T2.1,multi_encoding,2,dotenv,1,1,1,1,1
sample_08557,slack_bot_token,T2.1,multi_encoding,2,dotenv,1,1,1,1,1
sample_08558,slack_bot_token,T2.1,multi_encoding,2,dotenv,1,1,1,1,1
sample_08559,slack_bot_token,T2.1,multi_encoding,2,dotenv,1,1,1,1,1
sample_08560,slack_bot_token,T2.1,multi_encoding,2,dotenv,1,1,1,1,1
sample_08561,slack_bot_token,T2.1,multi_encoding,2,dotenv,1,1,1,1,1
sample_08562,slack_bot_token,T2.1,multi_encoding,2,dotenv,1,1,1,1,1
sample_08563,slack_bot_token,T2.1,multi_encoding,2,dotenv,1,1,1,1,1
sample_08564,slack_bot_token,T2.1,multi_encoding,2,dotenv,1,1,1,1,1
sample_08565,slack_bot_token,T2.1,multi_encoding,2,dotenv,1,1,1,1,1
sample_08566,slack_bot_token,T2.1,multi_encoding,2,dotenv,1,1,1,1,1
sample_08567,slack_bot_token,T2.1,multi_encoding,2,dotenv,1,1,1,1,1
sample_08568,slack_bot_token,T2.1,multi_encoding,2,dotenv,1,1,1,1,1
sample_08569,slack_bot_token,T2.1,multi_encoding,2,dotenv,1,1,1,1,1
sample_08570,slack_bot_token,T2.1,multi_encoding,2,dotenv,1,1,1,1,1
sample_08571,slack_bot_token,T2.1,multi_encoding,2,dotenv,1,1,1,1,1
sample_08572,slack_bot_token,T2.1,multi_encoding,2,dotenv,1,1,1,1,1
sample_08573,slack_bot_token,T2.1,multi_encoding,2,dotenv,1,1,1,1,1
sample_08574,slack_bot_token,T2.1,multi_encoding,2,dotenv,1,1,1,1,1
sample_08575,slack_bot_token,T2.1,multi_encoding,2,dotenv,1,1,1,1,1
sample_08576,slack_bot_token,T2.1,multi_encoding,2,dotenv,1,1,1,1,1
sample_08577,slack_bot_token,T2.1,multi_encoding,2,dotenv,1,1,1,1,1
sample_08578,slack_bot_token,T2.1,multi_encoding,2,dotenv,0,1,0,1,1
sample_08579,slack_bot_token,T2.1,multi_encoding,2,dotenv,1,1,1,1,1
sample_08580,slack_bot_token,T2.1,multi_encoding,2,dotenv,1,1,1,1,1
sample_08581,slack_bot_token,T2.1,multi_encoding,2,yaml,1,1,1,1,1
sample_08582,slack_bot_token,T2.1,multi_encoding,2,yaml,1,1,1,1,1
sample_08583,slack_bot_token,T2.1,multi_encoding,2,yaml,1,1,1,1,1
sample_08584,slack_bot_token,T2.1,multi_encoding,2,yaml,1,1,1,1,1
sample_08585,slack_bot_token,T2.1,multi_encoding,2,yaml,1,1,1,1,1
sample_08586,slack_bot_token,T2.1,multi_encoding,2,yaml,1,1,1,1,1
sample_08587,slack_bot_token,T2.1,multi_encoding,2,yaml,1,1,1,1,1
sample_08588,slack_bot_token,T2.1,multi_encoding,2,yaml,1,1,1,1,1
sample_08589,slack_bot_token,T2.1,multi_encoding,2,yaml,1,1,1,1,1
sample_08590,slack_bot_token,T2.1,multi_encoding,2,yaml,1,1,1,1,1
sample_08591,slack_bot_token,T2.1,multi_encoding,2,yaml,0,1,0,1,1
sample_08592,slack_bot_token,T2.1,multi_encoding,2,yaml,1,1,1,1,1
sample_08593,slack_bot_token,T2.1,multi_encoding,2,yaml,1,1,1,1,1
sample_08594,slack_bot_token,T2.1,multi_encoding,2,yaml,1,1,1,1,1
sample_08595,slack_bot_token,T2.1,multi_encoding,2,yaml,1,1,1,1,1
sample_08596,slack_bot_token,T2.1,multi_encoding,2,yaml,1,1,1,1,1
sample_08597,slack_bot_token,T2.1,multi_encoding,2,yaml,1,1,1,1,1
sample_08598,slack_bot_token,T2.1,multi_encoding,2,yaml,1,1,1,1,1
sample_08599,slack_bot_token,T2.1,multi_encoding,2,yaml,1,1,1,1,1
sample_08600,slack_bot_token,T2.1,multi_encoding,2,yaml,1,1,1,1,1
sample_08601,slack_bot_token,T2.1,multi_encoding,2,yaml,1,1,1,1,1
sample_08602,slack_bot_token,T2.1,multi_encoding,2,yaml,1,1,1,1,1
sample_08603,slack_bot_token,T2.1,multi_encoding,2,yaml,1,1,1,1,1
sample_08604,slack_bot_token,T2.1,multi_encoding,2,yaml,1,1,1,1,1
sample_08605,slack_bot_token,T2.1,multi_encoding,2,yaml,1,1,1,1,1
sample_08606,slack_bot_token,T2.1,multi_encoding,2,yaml,1,1,1,1,1
sample_08607,slack_bot_token,T2.1,multi_encoding,2,yaml,1,1,1,1,1
sample_08608,slack_bot_token,T2.1,multi_encoding,2,yaml,1,1,1,1,1
sample_08609,slack_bot_token,T2.1,multi_encoding,2,yaml,1,1,1,1,1
sample_08610,slack_bot_token,T2.1,multi_encoding,2,yaml,1,1,1,1,1
sample_08611,slack_bot_token,T2.2,multi_encoding,3,python,1,1,1,1,1
sample_08612,slack_bot_token,T2.2,multi_encoding,3,python,1,1,1,1,1
sample_08613,slack_bot_token,T2.2,multi_encoding,3,python,1,1,1,1,1
sample_08614,slack_bot_token,T2.2,multi_encoding,3,python,1,1,1,1,1
sample_08615,slack_bot_token,T2.2,multi_encoding,3,python,1,1,1,1,1
sample_08616,slack_bot_token,T2.2,multi_encoding,3,python,1,1,1,1,1
sample_08617,slack_bot_token,T2.2,multi_encoding,3,python,1,1,1,1,1
sample_08618,slack_bot_token,T2.2,multi_encoding,3,python,1,1,1,1,1
sample_08619,slack_bot_token,T2.2,multi_encoding,3,python,1,1,1,1,1
sample_08620,slack_bot_token,T2.2,multi_encoding,3,python,1,1,1,1,1
sample_08621,slack_bot_token,T2.2,multi_encoding,3,python,1,1,1,1,1
sample_08622,slack_bot_token,T2.2,multi_encoding,3,python,1,1,1,1,1
sample_08623,slack_bot_token,T2.2,multi_encoding,3,python,1,1,1,1,1
sample_08624,slack_bot_token,T2.2,multi_encoding,3,python,1,1,1,1,1
sample_08625,slack_bot_token,T2.2,multi_encoding,3,python,1,1,1,1,1
sample_08626,slack_bot_token,T2.2,multi_encoding,3,python,1,1,1,1,1
sample_08627,slack_bot_token,T2.2,multi_encoding,3,python,1,1,1,1,1
sample_08628,slack_bot_token,T2.2,multi_encoding,3,python,1,1,1,1,1
sample_08629,slack_bot_token,T2.2,multi_encoding,3,python,1,1,1,1,1
sample_08630,slack_bot_token,T2.2,multi_encoding,3,python,1,1,1,1,1
sample_08631,slack_bot_token,T2.2,multi_encoding,3,python,1,1,1,1,1
sample_08632,slack_bot_token,T2.2,multi_encoding,3,python,1,1,1,1,1
sample_08633,slack_bot_token,T2.2,multi_encoding,3,python,1,1,1,1,1
sample_08634,slack_bot_token,T2.2,multi_encoding,3,python,1,1,1,1,1
sample_08635,slack_bot_token,T2.2,multi_encoding,3,python,1,1,1,1,1
sample_08636,slack_bot_token,T2.2,multi_encoding,3,python,1,1,1,1,1
sample_08637,slack_bot_token,T2.2,multi_encoding,3,python,1,1,1,1,1
sample_08638,slack_bot_token,T2.2,multi_encoding,3,python,1,1,1,1,1
sample_08639,slack_bot_token,T2.2,multi_encoding,3,python,1,1,1,1,1
sample_08640,slack_bot_token,T2.2,multi_encoding,3,python,1,1,1,1,1
sample_08641,slack_bot_token,T2.2,multi_encoding,3,dotenv,0,1,0,1,1
sample_08642,slack_bot_token,T2.2,multi_encoding,3,dotenv,1,1,1,1,1
sample_08643,slack_bot_token,T2.2,multi_encoding,3,dotenv,1,1,1,1,1
sample_08644,slack_bot_token,T2.2,multi_encoding,3,dotenv,1,1,1,1,1
sample_08645,slack_bot_token,T2.2,multi_encoding,3,dotenv,1,1,1,1,1
sample_08646,slack_bot_token,T2.2,multi_encoding,3,dotenv,1,1,1,1,1
sample_08647,slack_bot_token,T2.2,multi_encoding,3,dotenv,1,1,1,1,1
sample_08648,slack_bot_token,T2.2,multi_encoding,3,dotenv,1,1,1,1,1
sample_08649,slack_bot_token,T2.2,multi_encoding,3,dotenv,1,1,1,1,1
sample_08650,slack_bot_token,T2.2,multi_encoding,3,dotenv,1,1,1,1,1
sample_08651,slack_bot_token,T2.2,multi_encoding,3,dotenv,1,1,1,1,1
sample_08652,slack_bot_token,T2.2,multi_encoding,3,dotenv,1,1,1,1,1
sample_08653,slack_bot_token,T2.2,multi_encoding,3,dotenv,1,1,1,1,1
sample_08654,slack_bot_token,T2.2,multi_encoding,3,dotenv,1,1,1,1,1
sample_08655,slack_bot_token,T2.2,multi_encoding,3,dotenv,1,1,1,1,1
sample_08656,slack_bot_token,T2.2,multi_encoding,3,dotenv,1,1,1,1,1
sample_08657,slack_bot_token,T2.2,multi_encoding,3,dotenv,1,1,1,1,1
sample_08658,slack_bot_token,T2.2,multi_encoding,3,dotenv,1,1,1,1,1
sample_08659,slack_bot_token,T2.2,multi_encoding,3,dotenv,0,1,0,1,1
sample_08660,slack_bot_token,T2.2,multi_encoding,3,dotenv,1,1,1,1,1
sample_08661,slack_bot_token,T2.2,multi_encoding,3,dotenv,1,1,1,1,1
sample_08662,slack_bot_token,T2.2,multi_encoding,3,dotenv,1,1,1,1,1
sample_08663,slack_bot_token,T2.2,multi_encoding,3,dotenv,1,1,1,1,1
sample_08664,slack_bot_token,T2.2,multi_encoding,3,dotenv,1,1,1,1,1
sample_08665,slack_bot_token,T2.2,multi_encoding,3,dotenv,1,1,1,1,1
sample_08666,slack_bot_token,T2.2,multi_encoding,3,dotenv,1,1,1,1,1
sample_08667,slack_bot_token,T2.2,multi_encoding,3,dotenv,1,1,1,1,1
sample_08668,slack_bot_token,T2.2,multi_encoding,3,dotenv,1,1,1,1,1
sample_08669,slack_bot_token,T2.2,multi_encoding,3,dotenv,1,1,1,1,1
sample_08670,slack_bot_token,T2.2,multi_encoding,3,dotenv,0,1,0,1,1
sample_08671,slack_bot_token,T2.2,multi_encoding,3,yaml,1,1,1,1,1
sample_08672,slack_bot_token,T2.2,multi_encoding,3,yaml,1,1,1,1,1
sample_08673,slack_bot_token,T2.2,multi_encoding,3,yaml,1,1,1,1,1
sample_08674,slack_bot_token,T2.2,multi_encoding,3,yaml,1,1,1,1,1
sample_08675,slack_bot_token,T2.2,multi_encoding,3,yaml,1,1,1,1,1
sample_08676,slack_bot_token,T2.2,multi_encoding,3,yaml,1,1,1,1,1
sample_08677,slack_bot_token,T2.2,multi_encoding,3,yaml,1,1,1,1,1
sample_08678,slack_bot_token,T2.2,multi_encoding,3,yaml,1,1,1,1,1
sample_08679,slack_bot_token,T2.2,multi_encoding,3,yaml,1,1,1,1,1
sample_08680,slack_bot_token,T2.2,multi_encoding,3,yaml,1,1,1,1,1
sample_08681,slack_bot_token,T2.2,multi_encoding,3,yaml,1,1,1,1,1
sample_08682,slack_bot_token,T2.2,multi_encoding,3,yaml,1,1,1,1,1
sample_08683,slack_bot_token,T2.2,multi_encoding,3,yaml,1,1,1,1,1
sample_08684,slack_bot_token,T2.2,multi_encoding,3,yaml,1,1,1,1,1
sample_08685,slack_bot_token,T2.2,multi_encoding,3,yaml,1,1,1,1,1
sample_08686,slack_bot_token,T2.2,multi_encoding,3,yaml,1,1,1,1,1
sample_08687,slack_bot_token,T2.2,multi_encoding,3,yaml,1,1,1,1,1
sample_08688,slack_bot_token,T2.2,multi_encoding,3,yaml,1,1,1,1,1
sample_08689,slack_bot_token,T2.2,multi_encoding,3,yaml,1,1,1,1,1
sample_08690,slack_bot_token,T2.2,multi_encoding,3,yaml,1,1,1,1,1
sample_08691,slack_bot_token,T2.2,multi_encoding,3,yaml,1,1,1,1,1
sample_08692,slack_bot_token,T2.2,multi_encoding,3,yaml,1,1,1,1,1
sample_08693,slack_bot_token,T2.2,multi_encoding,3,yaml,1,1,1,1,1
sample_08694,slack_bot_token,T2.2,multi_encoding,3,yaml,0,1,0,1,1
sample_08695,slack_bot_token,T2.2,multi_encoding,3,yaml,1,1,1,1,1
sample_08696,slack_bot_token,T2.2,multi_encoding,3,yaml,1,1,1,1,1
sample_08697,slack_bot_token,T2.2,multi_encoding,3,yaml,0,1,0,1,1
sample_08698,slack_bot_token,T2.2,multi_encoding,3,yaml,1,1,1,1,1
sample_08699,slack_bot_token,T2.2,multi_encoding,3,yaml,1,1,1,1,1
sample_08700,slack_bot_token,T2.2,multi_encoding,3,yaml,1,1,1,1,1
sample_08701,slack_bot_token,T2.3,multi_encoding,2,python,0,1,0,1,0
sample_08702,slack_bot_token,T2.3,multi_encoding,2,python,0,1,0,1,0
sample_08703,slack_bot_token,T2.3,multi_encoding,2,python,0,1,0,1,0
sample_08704,slack_bot_token,T2.3,multi_encoding,2,python,0,1,0,1,0
sample_08705,slack_bot_token,T2.3,multi_encoding,2,python,0,1,0,1,0
sample_08706,slack_bot_token,T2.3,multi_encoding,2,python,1,1,1,1,0
sample_08707,slack_bot_token,T2.3,multi_encoding,2,python,0,1,0,1,0
sample_08708,slack_bot_token,T2.3,multi_encoding,2,python,0,1,0,1,0
sample_08709,slack_bot_token,T2.3,multi_encoding,2,python,0,1,0,1,0
sample_08710,slack_bot_token,T2.3,multi_encoding,2,python,0,1,0,1,0
sample_08711,slack_bot_token,T2.3,multi_encoding,2,python,0,1,0,1,0
sample_08712,slack_bot_token,T2.3,multi_encoding,2,python,0,1,0,1,0
sample_08713,slack_bot_token,T2.3,multi_encoding,2,python,0,1,0,1,0
sample_08714,slack_bot_token,T2.3,multi_encoding,2,python,0,1,0,1,0
sample_08715,slack_bot_token,T2.3,multi_encoding,2,python,0,1,0,1,0
sample_08716,slack_bot_token,T2.3,multi_encoding,2,python,0,1,0,1,0
sample_08717,slack_bot_token,T2.3,multi_encoding,2,python,0,1,0,1,0
sample_08718,slack_bot_token,T2.3,multi_encoding,2,python,0,1,0,1,0
sample_08719,slack_bot_token,T2.3,multi_encoding,2,python,0,1,0,1,0
sample_08720,slack_bot_token,T2.3,multi_encoding,2,python,0,1,0,1,0
sample_08721,slack_bot_token,T2.3,multi_encoding,2,python,0,1,0,1,0
sample_08722,slack_bot_token,T2.3,multi_encoding,2,python,0,1,0,1,0
sample_08723,slack_bot_token,T2.3,multi_encoding,2,python,0,1,0,1,0
sample_08724,slack_bot_token,T2.3,multi_encoding,2,python,0,1,0,1,0
sample_08725,slack_bot_token,T2.3,multi_encoding,2,python,0,1,0,1,0
sample_08726,slack_bot_token,T2.3,multi_encoding,2,python,0,1,0,1,0
sample_08727,slack_bot_token,T2.3,multi_encoding,2,python,0,1,0,1,0
sample_08728,slack_bot_token,T2.3,multi_encoding,2,python,1,1,1,1,0
sample_08729,slack_bot_token,T2.3,multi_encoding,2,python,0,1,0,1,0
sample_08730,slack_bot_token,T2.3,multi_encoding,2,python,0,1,0,1,0
sample_08731,slack_bot_token,T2.3,multi_encoding,2,dotenv,0,1,0,1,0
sample_08732,slack_bot_token,T2.3,multi_encoding,2,dotenv,0,1,0,1,0
sample_08733,slack_bot_token,T2.3,multi_encoding,2,dotenv,0,1,0,1,0
sample_08734,slack_bot_token,T2.3,multi_encoding,2,dotenv,0,1,0,1,0
sample_08735,slack_bot_token,T2.3,multi_encoding,2,dotenv,0,1,0,1,0
sample_08736,slack_bot_token,T2.3,multi_encoding,2,dotenv,0,1,0,1,0
sample_08737,slack_bot_token,T2.3,multi_encoding,2,dotenv,0,1,0,1,0
sample_08738,slack_bot_token,T2.3,multi_encoding,2,dotenv,0,1,0,1,0
sample_08739,slack_bot_token,T2.3,multi_encoding,2,dotenv,0,1,0,1,0
sample_08740,slack_bot_token,T2.3,multi_encoding,2,dotenv,0,1,0,1,0
sample_08741,slack_bot_token,T2.3,multi_encoding,2,dotenv,0,1,0,1,0
sample_08742,slack_bot_token,T2.3,multi_encoding,2,dotenv,1,1,1,1,0
sample_08743,slack_bot_token,T2.3,multi_encoding,2,dotenv,1,1,1,1,0
sample_08744,slack_bot_token,T2.3,multi_encoding,2,dotenv,0,1,0,1,0
sample_08745,slack_bot_token,T2.3,multi_encoding,2,dotenv,0,1,0,1,0
sample_08746,slack_bot_token,T2.3,multi_encoding,2,dotenv,0,1,0,1,0
sample_08747,slack_bot_token,T2.3,multi_encoding,2,dotenv,0,1,0,1,0
sample_08748,slack_bot_token,T2.3,multi_encoding,2,dotenv,0,1,0,1,0
sample_08749,slack_bot_token,T2.3,multi_encoding,2,dotenv,0,1,0,1,0
sample_08750,slack_bot_token,T2.3,multi_encoding,2,dotenv,0,1,0,1,0
sample_08751,slack_bot_token,T2.3,multi_encoding,2,dotenv,0,1,0,1,0
sample_08752,slack_bot_token,T2.3,multi_encoding,2,dotenv,0,1,0,1,0
sample_08753,slack_bot_token,T2.3,multi_encoding,2,dotenv,0,1,0,1,0
sample_08754,slack_bot_token,T2.3,multi_encoding,2,dotenv,0,1,0,1,0
sample_08755,slack_bot_token,T2.3,multi_encoding,2,dotenv,0,1,0,1,0
sample_08756,slack_bot_token,T2.3,multi_encoding,2,dotenv,0,1,0,1,0
sample_08757,slack_bot_token,T2.3,multi_encoding,2,dotenv,0,1,0,1,0
sample_08758,slack_bot_token,T2.3,multi_encoding,2,dotenv,0,1,0,1,0
sample_08759,slack_bot_token,T2.3,multi_encoding,2,dotenv,0,1,0,1,0
sample_08760,slack_bot_token,T2.3,multi_encoding,2,dotenv,0,1,0,1,0
sample_08761,slack_bot_token,T2.3,multi_encoding,2,yaml,0,1,0,1,0
sample_08762,slack_bot_token,T2.3,multi_encoding,2,yaml,0,1,0,1,0
sample_08763,slack_bot_token,T2.3,multi_encoding,2,yaml,0,1,0,1,0
sample_08764,slack_bot_token,T2.3,multi_encoding,2,yaml,0,1,0,1,0
sample_08765,slack_bot_token,T2.3,multi_encoding,2,yaml,0,1,0,1,0
sample_08766,slack_bot_token,T2.3,multi_encoding,2,yaml,0,1,0,1,0
sample_08767,slack_bot_token,T2.3,multi_encoding,2,yaml,0,1,0,1,0
sample_08768,slack_bot_token,T2.3,multi_encoding,2,yaml,0,1,0,1,0
sample_08769,slack_bot_token,T2.3,multi_encoding,2,yaml,1,1,1,1,0
sample_08770,slack_bot_token,T2.3,multi_encoding,2,yaml,0,1,0,1,0
sample_08771,slack_bot_token,T2.3,multi_encoding,2,yaml,0,1,0,1,0
sample_08772,slack_bot_token,T2.3,multi_encoding,2,yaml,0,1,0,1,0
sample_08773,slack_bot_token,T2.3,multi_encoding,2,yaml,0,1,0,1,0
sample_08774,slack_bot_token,T2.3,multi_encoding,2,yaml,0,1,0,1,0
sample_08775,slack_bot_token,T2.3,multi_encoding,2,yaml,0,1,0,1,0
sample_08776,slack_bot_token,T2.3,multi_encoding,2,yaml,0,1,0,1,0
sample_08777,slack_bot_token,T2.3,multi_encoding,2,yaml,0,1,0,1,0
sample_08778,slack_bot_token,T2.3,multi_encoding,2,yaml,1,1,1,1,0
sample_08779,slack_bot_token,T2.3,multi_encoding,2,yaml,0,1,0,1,0
sample_08780,slack_bot_token,T2.3,multi_encoding,2,yaml,0,1,0,1,0
sample_08781,slack_bot_token,T2.3,multi_encoding,2,yaml,0,1,0,1,0
sample_08782,slack_bot_token,T2.3,multi_encoding,2,yaml,0,1,0,1,0
sample_08783,slack_bot_token,T2.3,multi_encoding,2,yaml,0,1,0,1,0
sample_08784,slack_bot_token,T2.3,multi_encoding,2,yaml,0,1,0,1,0
sample_08785,slack_bot_token,T2.3,multi_encoding,2,yaml,0,1,0,1,0
sample_08786,slack_bot_token,T2.3,multi_encoding,2,yaml,0,1,0,1,0
sample_08787,slack_bot_token,T2.3,multi_encoding,2,yaml,0,1,0,1,0
sample_08788,slack_bot_token,T2.3,multi_encoding,2,yaml,0,1,0,1,0
sample_08789,slack_bot_token,T2.3,multi_encoding,2,yaml,0,1,0,1,0
sample_08790,slack_bot_token,T2.3,multi_encoding,2,yaml,0,1,0,1,0
sample_08791,slack_bot_token,T3.1,splitting,1,python,0,0,0,0,0
sample_08792,slack_bot_token,T3.1,splitting,1,python,0,0,0,0,0
sample_08793,slack_bot_token,T3.1,splitting,1,python,0,0,0,0,0
sample_08794,slack_bot_token,T3.1,splitting,1,python,0,0,0,0,0
sample_08795,slack_bot_token,T3.1,splitting,1,python,0,0,0,0,0
sample_08796,slack_bot_token,T3.1,splitting,1,python,0,0,0,0,0
sample_08797,slack_bot_token,T3.1,splitting,1,python,0,0,0,0,0
sample_08798,slack_bot_token,T3.1,splitting,1,python,0,0,0,0,0
sample_08799,slack_bot_token,T3.1,splitting,1,python,0,0,0,0,0
sample_08800,slack_bot_token,T3.1,splitting,1,python,0,0,0,0,0
sample_08801,slack_bot_token,T3.1,splitting,1,python,0,0,0,0,0
sample_08802,slack_bot_token,T3.1,splitting,1,python,0,0,0,0,0
sample_08803,slack_bot_token,T3.1,splitting,1,python,1,1,1,1,1
sample_08804,slack_bot_token,T3.1,splitting,1,python,0,0,0,0,0
sample_08805,slack_bot_token,T3.1,splitting,1,python,0,0,0,0,0
sample_08806,slack_bot_token,T3.1,splitting,1,python,0,0,0,0,0
sample_08807,slack_bot_token,T3.1,splitting,1,python,1,1,1,1,1
sample_08808,slack_bot_token,T3.1,splitting,1,python,0,0,0,0,0
sample_08809,slack_bot_token,T3.1,splitting,1,python,0,0,0,0,0
sample_08810,slack_bot_token,T3.1,splitting,1,python,0,0,0,0,0
sample_08811,slack_bot_token,T3.1,splitting,1,python,0,0,0,0,0
sample_08812,slack_bot_token,T3.1,splitting,1,python,0,0,0,0,0
sample_08813,slack_bot_token,T3.1,splitting,1,python,0,0,0,0,0
sample_08814,slack_bot_token,T3.1,splitting,1,python,0,0,0,0,0
sample_08815,slack_bot_token,T3.1,splitting,1,python,0,0,0,0,0
sample_08816,slack_bot_token,T3.1,splitting,1,python,0,0,0,0,0
sample_08817,slack_bot_token,T3.1,splitting,1,python,0,0,0,0,0
sample_08818,slack_bot_token,T3.1,splitting,1,python,1,1,1,1,1
sample_08819,slack_bot_token,T3.1,splitting,1,python,0,0,0,0,0
sample_08820,slack_bot_token,T3.1,splitting,1,python,0,0,0,0,0
sample_08821,slack_bot_token,T3.2,splitting,1,python,1,1,1,1,1
sample_08822,slack_bot_token,T3.2,splitting,1,python,1,1,1,1,1
sample_08823,slack_bot_token,T3.2,splitting,1,python,0,0,0,0,0
sample_08824,slack_bot_token,T3.2,splitting,1,python,0,0,0,0,0
sample_08825,slack_bot_token,T3.2,splitting,1,python,0,0,0,0,0
sample_08826,slack_bot_token,T3.2,splitting,1,python,0,0,0,0,0
sample_08827,slack_bot_token,T3.2,splitting,1,python,0,0,0,0,0
sample_08828,slack_bot_token,T3.2,splitting,1,python,0,0,0,0,0
sample_08829,slack_bot_token,T3.2,splitting,1,python,0,0,0,0,0
sample_08830,slack_bot_token,T3.2,splitting,1,python,0,0,0,0,0
sample_08831,slack_bot_token,T3.2,splitting,1,python,1,1,1,1,1
sample_08832,slack_bot_token,T3.2,splitting,1,python,0,0,0,0,0
sample_08833,slack_bot_token,T3.2,splitting,1,python,0,0,0,0,0
sample_08834,slack_bot_token,T3.2,splitting,1,python,0,0,0,0,0
sample_08835,slack_bot_token,T3.2,splitting,1,python,0,0,0,0,0
sample_08836,slack_bot_token,T3.2,splitting,1,python,0,0,0,0,0
sample_08837,slack_bot_token,T3.2,splitting,1,python,0,0,0,0,0
sample_08838,slack_bot_token,T3.2,splitting,1,python,0,0,0,0,0
sample_08839,slack_bot_token,T3.2,splitting,1,python,0,0,0,0,0
sample_08840,slack_bot_token,T3.2,splitting,1,python,0,0,0,0,0
sample_08841,slack_bot_token,T3.2,splitting,1,python,0,0,0,0,0
sample_08842,slack_bot_token,T3.2,splitting,1,python,1,1,1,1,1
sample_08843,slack_bot_token,T3.2,splitting,1,python,0,0,0,0,0
sample_08844,slack_bot_token,T3.2,splitting,1,python,0,0,0,0,0
sample_08845,slack_bot_token,T3.2,splitting,1,python,1,1,1,1,1
sample_08846,slack_bot_token,T3.2,splitting,1,python,0,0,0,0,0
sample_08847,slack_bot_token,T3.2,splitting,1,python,0,0,0,0,0
sample_08848,slack_bot_token,T3.2,splitting,1,python,0,0,0,0,0
sample_08849,slack_bot_token,T3.2,splitting,1,python,0,0,0,0,0
sample_08850,slack_bot_token,T3.2,splitting,1,python,1,1,1,1,1
sample_08851,slack_bot_token,T3.3,splitting,1,python,0,0,0,0,0
sample_08852,slack_bot_token,T3.3,splitting,1,python,0,0,0,0,0
sample_08853,slack_bot_token,T3.3,splitting,1,python,0,0,0,0,0
sample_08854,slack_bot_token,T3.3,splitting,1,python,0,0,0,0,0
sample_08855,slack_bot_token,T3.3,splitting,1,python,0,0,0,0,0
sample_08856,slack_bot_token,T3.3,splitting,1,python,0,0,0,0,0
sample_08857,slack_bot_token,T3.3,splitting,1,python,0,0,0,0,0
sample_08858,slack_bot_token,T3.3,splitting,1,python,0,0,0,0,0
sample_08859,slack_bot_token,T3.3,splitting,1,python,0,0,0,0,0
sample_08860,slack_bot_token,T3.3,splitting,1,python,0,0,0,0,0
sample_08861,slack_bot_token,T3.3,splitting,1,python,0,0,0,0,0
sample_08862,slack_bot_token,T3.3,splitting,1,python,0,0,0,0,0
sample_08863,slack_bot_token,T3.3,splitting,1,python,0,0,0,0,0
sample_08864,slack_bot_token,T3.3,splitting,1,python,0,0,0,0,0
sample_08865,slack_bot_token,T3.3,splitting,1,python,0,0,0,0,0
sample_08866,slack_bot_token,T3.3,splitting,1,python,0,0,0,0,0
sample_08867,slack_bot_token,T3.3,splitting,1,python,0,0,0,0,0
sample_08868,slack_bot_token,T3.3,splitting,1,python,0,0,0,0,0
sample_08869,slack_bot_token,T3.3,splitting,1,python,0,0,0,0,0
sample_08870,slack_bot_token,T3.3,splitting,1,python,0,0,0,0,0
sample_08871,slack_bot_token,T3.3,splitting,1,python,0,0,0,0,0
sample_08872,slack_bot_token,T3.3,splitting,1,python,0,0,0,0,0
sample_08873,slack_bot_token,T3.3,splitting,1,python,0,0,0,0,0
sample_08874,slack_bot_token,T3.3,splitting,1,python,0,0,0,0,0
sample_08875,slack_bot_token,T3.3,splitting,1,python,0,0,0,0,0
sample_08876,slack_bot_token,T3.3,splitting,1,python,0,0,0,0,0
sample_08877,slack_bot_token,T3.3,splitting,1,python,0,0,0,0,0
sample_08878,slack_bot_token,T3.3,splitting,1,python,0,0,0,0,0
sample_08879,slack_bot_token,T3.3,splitting,1,python,0,0,0,0,0
sample_08880,slack_bot_token,T3.3,splitting,1,python,0,0,0,0,0
sample_08881,slack_bot_token,T3.4,splitting,1,python,0,0,0,0,0
sample_08882,slack_bot_token,T3.4,splitting,1,python,0,0,0,0,0
sample_08883,slack_bot_token,T3.4,splitting,1,python,0,0,0,0,0
sample_08884,slack_bot_token,T3.4,splitting,1,python,0,0,0,0,0
sample_08885,slack_bot_token,T3.4,splitting,1,python,0,0,0,0,0
sample_08886,slack_bot_token,T3.4,splitting,1,python,0,0,0,0,0
sample_08887,slack_bot_token,T3.4,splitting,1,python,0,0,0,0,0
sample_08888,slack_bot_token,T3.4,splitting,1,python,0,0,0,0,0
sample_08889,slack_bot_token,T3.4,splitting,1,python,0,0,0,0,0
sample_08890,slack_bot_token,T3.4,splitting,1,python,0,0,0,0,0
sample_08891,slack_bot_token,T3.4,splitting,1,python,0,0,0,0,0
sample_08892,slack_bot_token,T3.4,splitting,1,python,0,0,0,0,0
sample_08893,slack_bot_token,T3.4,splitting,1,python,1,1,1,1,1
sample_08894,slack_bot_token,T3.4,splitting,1,python,0,0,0,0,0
sample_08895,slack_bot_token,T3.4,splitting,1,python,0,0,0,0,0
sample_08896,slack_bot_token,T3.4,splitting,1,python,0,0,0,0,0
sample_08897,slack_bot_token,T3.4,splitting,1,python,0,0,0,0,0
sample_08898,slack_bot_token,T3.4,splitting,1,python,0,0,0,0,0
sample_08899,slack_bot_token,T3.4,splitting,1,python,1,1,1,1,1
sample_08900,slack_bot_token,T3.4,splitting,1,python,0,0,0,0,0
sample_08901,slack_bot_token,T3.4,splitting,1,python,0,0,0,0,0
sample_08902,slack_bot_token,T3.4,splitting,1,python,0,0,0,0,0
sample_08903,slack_bot_token,T3.4,splitting,1,python,1,1,1,1,1
sample_08904,slack_bot_token,T3.4,splitting,1,python,1,1,1,1,1
sample_08905,slack_bot_token,T3.4,splitting,1,python,0,0,0,0,0
sample_08906,slack_bot_token,T3.4,splitting,1,python,0,0,0,0,0
sample_08907,slack_bot_token,T3.4,splitting,1,python,1,1,1,1,1
sample_08908,slack_bot_token,T3.4,splitting,1,python,0,0,0,0,0
sample_08909,slack_bot_token,T3.4,splitting,1,python,1,1,1,1,1
sample_08910,slack_bot_token,T3.4,splitting,1,python,0,0,0,0,0
sample_08911,slack_bot_token,T3.5,splitting,1,python,0,0,0,0,0
sample_08912,slack_bot_token,T3.5,splitting,1,python,0,0,0,0,0
sample_08913,slack_bot_token,T3.5,splitting,1,python,0,0,0,0,0
sample_08914,slack_bot_token,T3.5,splitting,1,python,0,0,0,0,0
sample_08915,slack_bot_token,T3.5,splitting,1,python,0,0,0,0,0
sample_08916,slack_bot_token,T3.5,splitting,1,python,0,0,0,0,0
sample_08917,slack_bot_token,T3.5,splitting,1,python,1,1,1,1,1
sample_08918,slack_bot_token,T3.5,splitting,1,python,0,0,0,0,0
sample_08919,slack_bot_token,T3.5,splitting,1,python,0,0,0,0,0
sample_08920,slack_bot_token,T3.5,splitting,1,python,0,0,0,0,0
sample_08921,slack_bot_token,T3.5,splitting,1,python,0,0,0,0,0
sample_08922,slack_bot_token,T3.5,splitting,1,python,0,0,0,0,0
sample_08923,slack_bot_token,T3.5,splitting,1,python,0,0,0,0,0
sample_08924,slack_bot_token,T3.5,splitting,1,python,0,0,0,0,0
sample_08925,slack_bot_token,T3.5,splitting,1,python,0,0,0,0,0
sample_08926,slack_bot_token,T3.5,splitting,1,python,0,0,0,0,0
sample_08927,slack_bot_token,T3.5,splitting,1,python,1,1,1,1,1
sample_08928,slack_bot_token,T3.5,splitting,1,python,1,1,1,1,1
sample_08929,slack_bot_token,T3.5,splitting,1,python,0,0,0,0,0
sample_08930,slack_bot_token,T3.5,splitting,1,python,0,0,0,0,0
sample_08931,slack_bot_token,T3.5,splitting,1,python,0,0,0,0,0
sample_08932,slack_bot_token,T3.5,splitting,1,python,0,0,0,0,0
sample_08933,slack_bot_token,T3.5,splitting,1,python,0,0,0,0,0
sample_08934,slack_bot_token,T3.5,splitting,1,python,0,0,0,0,0
sample_08935,slack_bot_token,T3.5,splitting,1,python,0,0,0,0,0
sample_08936,slack_bot_token,T3.5,splitting,1,python,0,0,0,0,0
sample_08937,slack_bot_token,T3.5,splitting,1,python,0,0,0,0,0
sample_08938,slack_bot_token,T3.5,splitting,1,python,0,0,0,0,0
sample_08939,slack_bot_token,T3.5,splitting,1,python,0,0,0,0,0
sample_08940,slack_bot_token,T3.5,splitting,1,python,0,0,0,0,0
sample_08941,slack_bot_token,T4.3,char_format,1,python,0,0,0,0,0
sample_08942,slack_bot_token,T4.3,char_format,1,python,0,0,0,0,0
sample_08943,slack_bot_token,T4.3,char_format,1,python,0,0,0,0,0
sample_08944,slack_bot_token,T4.3,char_format,1,python,0,0,0,0,0
sample_08945,slack_bot_token,T4.3,char_format,1,python,0,0,0,0,0
sample_08946,slack_bot_token,T4.3,char_format,1,python,0,0,0,0,0
sample_08947,slack_bot_token,T4.3,char_format,1,python,0,0,0,0,0
sample_08948,slack_bot_token,T4.3,char_format,1,python,0,0,0,0,0
sample_08949,slack_bot_token,T4.3,char_format,1,python,0,0,0,0,0
sample_08950,slack_bot_token,T4.3,char_format,1,python,0,0,0,0,0
sample_08951,slack_bot_token,T4.3,char_format,1,python,0,0,0,0,0
sample_08952,slack_bot_token,T4.3,char_format,1,python,0,0,0,0,0
sample_08953,slack_bot_token,T4.3,char_format,1,python,0,0,0,0,0
sample_08954,slack_bot_token,T4.3,char_format,1,python,0,0,0,0,0
sample_08955,slack_bot_token,T4.3,char_format,1,python,0,0,0,0,0
sample_08956,slack_bot_token,T4.3,char_format,1,python,0,0,0,0,0
sample_08957,slack_bot_token,T4.3,char_format,1,python,0,0,0,0,0
sample_08958,slack_bot_token,T4.3,char_format,1,python,0,0,0,0,0
sample_08959,slack_bot_token,T4.3,char_format,1,python,0,0,0,0,0
sample_08960,slack_bot_token,T4.3,char_format,1,python,0,0,0,0,0
sample_08961,slack_bot_token,T4.3,char_format,1,python,0,0,0,0,0
sample_08962,slack_bot_token,T4.3,char_format,1,python,0,0,0,0,0
sample_08963,slack_bot_token,T4.3,char_format,1,python,0,0,0,0,0
sample_08964,slack_bot_token,T4.3,char_format,1,python,0,0,0,0,0
sample_08965,slack_bot_token,T4.3,char_format,1,python,0,0,0,0,0
sample_08966,slack_bot_token,T4.3,char_format,1,python,0,0,0,0,0
sample_08967,slack_bot_token,T4.3,char_format,1,python,0,0,0,0,0
sample_08968,slack_bot_token,T4.3,char_format,1,python,0,0,0,0,0
sample_08969,slack_bot_token,T4.3,char_format,1,python,0,0,0,0,0
sample_08970,slack_bot_token,T4.3,char_format,1,python,0,0,0,0,0
sample_08971,slack_bot_token,T4.5,char_format,1,python,0,0,0,0,0
sample_08972,slack_bot_token,T4.5,char_format,1,python,0,0,0,0,0
sample_08973,slack_bot_token,T4.5,char_format,1,python,0,0,0,0,0
sample_08974,slack_bot_token,T4.5,char_format,1,python,0,0,0,0,0
sample_08975,slack_bot_token,T4.5,char_format,1,python,0,0,0,0,0
sample_08976,slack_bot_token,T4.5,char_format,1,python,0,0,0,0,0
sample_08977,slack_bot_token,T4.5,char_format,1,python,0,0,0,0,0
sample_08978,slack_bot_token,T4.5,char_format,1,python,0,0,0,0,0
sample_08979,slack_bot_token,T4.5,char_format,1,python,0,0,0,0,0
sample_08980,slack_bot_token,T4.5,char_format,1,python,0,0,0,0,0
sample_08981,slack_bot_token,T4.5,char_format,1,python,0,0,0,0,0
sample_08982,slack_bot_token,T4.5,char_format,1,python,0,0,0,0,0
sample_08983,slack_bot_token,T4.5,char_format,1,python,0,0,0,0,0
sample_08984,slack_bot_token,T4.5,char_format,1,python,0,0,0,0,0
sample_08985,slack_bot_token,T4.5,char_format,1,python,0,0,0,0,0
sample_08986,slack_bot_token,T4.5,char_format,1,python,0,0,0,0,0
sample_08987,slack_bot_token,T4.5,char_format,1,python,0,0,0,0,0
sample_08988,slack_bot_token,T4.5,char_format,1,python,0,0,0,0,0
sample_08989,slack_bot_token,T4.5,char_format,1,python,0,0,0,0,0
sample_08990,slack_bot_token,T4.5,char_format,1,python,0,0,0,0,0
sample_08991,slack_bot_token,T4.5,char_format,1,python,0,0,0,0,0
sample_08992,slack_bot_token,T4.5,char_format,1,python,0,0,0,0,0
sample_08993,slack_bot_token,T4.5,char_format,1,python,0,0,0,0,0
sample_08994,slack_bot_token,T4.5,char_format,1,python,0,0,0,0,0
sample_08995,slack_bot_token,T4.5,char_format,1,python,0,0,0,0,0
sample_08996,slack_bot_token,T4.5,char_format,1,python,0,0,0,0,0
sample_08997,slack_bot_token,T4.5,char_format,1,python,0,0,0,0,0
sample_08998,slack_bot_token,T4.5,char_format,1,python,0,0,0,0,0
sample_08999,slack_bot_token,T4.5,char_format,1,python,0,0,0,0,0
sample_09000,slack_bot_token,T4.5,char_format,1,python,0,0,0,0,0
sample_09001,slack_bot_token,T4.5,char_format,1,dotenv,0,0,0,0,0
sample_09002,slack_bot_token,T4.5,char_format,1,dotenv,0,0,0,0,0
sample_09003,slack_bot_token,T4.5,char_format,1,dotenv,0,0,0,0,0
sample_09004,slack_bot_token,T4.5,char_format,1,dotenv,0,0,0,0,0
sample_09005,slack_bot_token,T4.5,char_format,1,dotenv,0,0,0,0,0
sample_09006,slack_bot_token,T4.5,char_format,1,dotenv,0,0,0,0,0
sample_09007,slack_bot_token,T4.5,char_format,1,dotenv,0,0,0,0,0
sample_09008,slack_bot_token,T4.5,char_format,1,dotenv,0,0,0,0,0
sample_09009,slack_bot_token,T4.5,char_format,1,dotenv,0,0,0,0,0
sample_09010,slack_bot_token,T4.5,char_format,1,dotenv,0,0,0,0,0
sample_09011,slack_bot_token,T4.5,char_format,1,dotenv,0,0,0,0,0
sample_09012,slack_bot_token,T4.5,char_format,1,dotenv,0,0,0,0,0
sample_09013,slack_bot_token,T4.5,char_format,1,dotenv,0,0,0,0,0
sample_09014,slack_bot_token,T4.5,char_format,1,dotenv,0,0,0,0,0
sample_09015,slack_bot_token,T4.5,char_format,1,dotenv,0,0,0,0,0
sample_09016,slack_bot_token,T4.5,char_format,1,dotenv,0,0,0,0,0
sample_09017,slack_bot_token,T4.5,char_format,1,dotenv,0,0,0,0,0
sample_09018,slack_bot_token,T4.5,char_format,1,dotenv,0,0,0,0,0
sample_09019,slack_bot_token,T4.5,char_format,1,dotenv,0,0,0,0,0
sample_09020,slack_bot_token,T4.5,char_format,1,dotenv,0,0,0,0,0
sample_09021,slack_bot_token,T4.5,char_format,1,dotenv,0,0,0,0,0
sample_09022,slack_bot_token,T4.5,char_format,1,dotenv,0,0,0,0,0
sample_09023,slack_bot_token,T4.5,char_format,1,dotenv,0,0,0,0,0
sample_09024,slack_bot_token,T4.5,char_format,1,dotenv,0,0,0,0,0
sample_09025,slack_bot_token,T4.5,char_format,1,dotenv,0,0,0,0,0
sample_09026,slack_bot_token,T4.5,char_format,1,dotenv,0,0,0,0,0
sample_09027,slack_bot_token,T4.5,char_format,1,dotenv,0,0,0,0,0
sample_09028,slack_bot_token,T4.5,char_format,1,dotenv,0,0,0,0,0
sample_09029,slack_bot_token,T4.5,char_format,1,dotenv,0,0,0,0,0
sample_09030,slack_bot_token,T4.5,char_format,1,dotenv,0,0,0,0,0
sample_09031,slack_bot_token,T4.5,char_format,1,yaml,0,0,0,0,0
sample_09032,slack_bot_token,T4.5,char_format,1,yaml,0,0,0,0,0
sample_09033,slack_bot_token,T4.5,char_format,1,yaml,0,0,0,0,0
sample_09034,slack_bot_token,T4.5,char_format,1,yaml,0,0,0,0,0
sample_09035,slack_bot_token,T4.5,char_format,1,yaml,0,0,0,0,0
sample_09036,slack_bot_token,T4.5,char_format,1,yaml,0,0,0,0,0
sample_09037,slack_bot_token,T4.5,char_format,1,yaml,0,0,0,0,0
sample_09038,slack_bot_token,T4.5,char_format,1,yaml,0,0,0,0,0
sample_09039,slack_bot_token,T4.5,char_format,1,yaml,0,0,0,0,0
sample_09040,slack_bot_token,T4.5,char_format,1,yaml,0,0,0,0,0
sample_09041,slack_bot_token,T4.5,char_format,1,yaml,0,0,0,0,0
sample_09042,slack_bot_token,T4.5,char_format,1,yaml,0,0,0,0,0
sample_09043,slack_bot_token,T4.5,char_format,1,yaml,0,0,0,0,0
sample_09044,slack_bot_token,T4.5,char_format,1,yaml,0,0,0,0,0
sample_09045,slack_bot_token,T4.5,char_format,1,yaml,0,0,0,0,0
sample_09046,slack_bot_token,T4.5,char_format,1,yaml,0,0,0,0,0
sample_09047,slack_bot_token,T4.5,char_format,1,yaml,0,0,0,0,0
sample_09048,slack_bot_token,T4.5,char_format,1,yaml,0,0,0,0,0
sample_09049,slack_bot_token,T4.5,char_format,1,yaml,0,0,0,0,0
sample_09050,slack_bot_token,T4.5,char_format,1,yaml,0,0,0,0,0
sample_09051,slack_bot_token,T4.5,char_format,1,yaml,0,0,0,0,0
sample_09052,slack_bot_token,T4.5,char_format,1,yaml,0,0,0,0,0
sample_09053,slack_bot_token,T4.5,char_format,1,yaml,0,0,0,0,0
sample_09054,slack_bot_token,T4.5,char_format,1,yaml,0,0,0,0,0
sample_09055,slack_bot_token,T4.5,char_format,1,yaml,0,0,0,0,0
sample_09056,slack_bot_token,T4.5,char_format,1,yaml,0,0,0,0,0
sample_09057,slack_bot_token,T4.5,char_format,1,yaml,0,0,0,0,0
sample_09058,slack_bot_token,T4.5,char_format,1,yaml,0,0,0,0,0
sample_09059,slack_bot_token,T4.5,char_format,1,yaml,0,0,0,0,0
sample_09060,slack_bot_token,T4.5,char_format,1,yaml,0,0,0,0,0
sample_09061,slack_bot_token,T5.1,indirection,1,python,1,1,1,1,0
sample_09062,slack_bot_token,T5.1,indirection,1,python,1,1,1,1,0
sample_09063,slack_bot_token,T5.1,indirection,1,python,1,1,1,1,0
sample_09064,slack_bot_token,T5.1,indirection,1,python,1,1,1,1,0
sample_09065,slack_bot_token,T5.1,indirection,1,python,1,1,1,1,0
sample_09066,slack_bot_token,T5.1,indirection,1,python,1,1,1,1,0
sample_09067,slack_bot_token,T5.1,indirection,1,python,1,1,1,1,0
sample_09068,slack_bot_token,T5.1,indirection,1,python,1,1,1,1,0
sample_09069,slack_bot_token,T5.1,indirection,1,python,1,1,1,1,0
sample_09070,slack_bot_token,T5.1,indirection,1,python,1,1,1,1,0
sample_09071,slack_bot_token,T5.1,indirection,1,python,1,1,1,1,0
sample_09072,slack_bot_token,T5.1,indirection,1,python,1,1,1,1,0
sample_09073,slack_bot_token,T5.1,indirection,1,python,1,1,1,1,0
sample_09074,slack_bot_token,T5.1,indirection,1,python,1,1,1,1,0
sample_09075,slack_bot_token,T5.1,indirection,1,python,1,1,1,1,0
sample_09076,slack_bot_token,T5.1,indirection,1,python,1,1,1,1,0
sample_09077,slack_bot_token,T5.1,indirection,1,python,1,1,1,1,0
sample_09078,slack_bot_token,T5.1,indirection,1,python,1,1,1,1,0
sample_09079,slack_bot_token,T5.1,indirection,1,python,1,1,1,1,0
sample_09080,slack_bot_token,T5.1,indirection,1,python,1,1,1,1,0
sample_09081,slack_bot_token,T5.1,indirection,1,python,1,1,1,1,0
sample_09082,slack_bot_token,T5.1,indirection,1,python,1,1,1,1,0
sample_09083,slack_bot_token,T5.1,indirection,1,python,1,1,1,1,0
sample_09084,slack_bot_token,T5.1,indirection,1,python,1,1,1,1,0
sample_09085,slack_bot_token,T5.1,indirection,1,python,1,1,1,1,0
sample_09086,slack_bot_token,T5.1,indirection,1,python,1,1,1,1,0
sample_09087,slack_bot_token,T5.1,indirection,1,python,1,1,1,1,0
sample_09088,slack_bot_token,T5.1,indirection,1,python,1,1,1,1,0
sample_09089,slack_bot_token,T5.1,indirection,1,python,1,1,1,1,0
sample_09090,slack_bot_token,T5.1,indirection,1,python,1,1,1,1,0
sample_09091,slack_bot_token,T5.2,indirection,1,python,0,0,0,0,0
sample_09092,slack_bot_token,T5.2,indirection,1,python,0,0,0,0,0
sample_09093,slack_bot_token,T5.2,indirection,1,python,0,0,0,0,0
sample_09094,slack_bot_token,T5.2,indirection,1,python,0,0,0,0,0
sample_09095,slack_bot_token,T5.2,indirection,1,python,0,0,0,0,0
sample_09096,slack_bot_token,T5.2,indirection,1,python,0,0,0,0,0
sample_09097,slack_bot_token,T5.2,indirection,1,python,0,0,0,0,0
sample_09098,slack_bot_token,T5.2,indirection,1,python,0,0,0,0,0
sample_09099,slack_bot_token,T5.2,indirection,1,python,0,0,0,0,0
sample_09100,slack_bot_token,T5.2,indirection,1,python,0,0,0,0,0
sample_09101,slack_bot_token,T5.2,indirection,1,python,0,0,0,0,0
sample_09102,slack_bot_token,T5.2,indirection,1,python,0,0,0,0,0
sample_09103,slack_bot_token,T5.2,indirection,1,python,0,0,0,0,0
sample_09104,slack_bot_token,T5.2,indirection,1,python,0,0,0,0,0
sample_09105,slack_bot_token,T5.2,indirection,1,python,0,0,0,0,0
sample_09106,slack_bot_token,T5.2,indirection,1,python,0,0,0,0,0
sample_09107,slack_bot_token,T5.2,indirection,1,python,0,0,0,0,0
sample_09108,slack_bot_token,T5.2,indirection,1,python,0,0,0,0,0
sample_09109,slack_bot_token,T5.2,indirection,1,python,0,0,0,0,0
sample_09110,slack_bot_token,T5.2,indirection,1,python,0,0,0,0,0
sample_09111,slack_bot_token,T5.2,indirection,1,python,0,0,0,0,0
sample_09112,slack_bot_token,T5.2,indirection,1,python,0,0,0,0,0
sample_09113,slack_bot_token,T5.2,indirection,1,python,0,0,0,0,0
sample_09114,slack_bot_token,T5.2,indirection,1,python,0,0,0,0,0
sample_09115,slack_bot_token,T5.2,indirection,1,python,0,0,0,0,0
sample_09116,slack_bot_token,T5.2,indirection,1,python,0,0,0,0,0
sample_09117,slack_bot_token,T5.2,indirection,1,python,0,0,0,0,0
sample_09118,slack_bot_token,T5.2,indirection,1,python,0,0,0,0,0
sample_09119,slack_bot_token,T5.2,indirection,1,python,0,0,0,0,0
sample_09120,slack_bot_token,T5.2,indirection,1,python,0,0,0,0,0
sample_09121,slack_bot_token,T6.1,contextual,1,python,1,1,1,1,1
sample_09122,slack_bot_token,T6.1,contextual,1,python,1,1,1,1,1
sample_09123,slack_bot_token,T6.1,contextual,1,python,1,1,1,1,1
sample_09124,slack_bot_token,T6.1,contextual,1,python,1,1,1,1,1
sample_09125,slack_bot_token,T6.1,contextual,1,python,1,1,1,1,1
sample_09126,slack_bot_token,T6.1,contextual,1,python,1,1,1,1,1
sample_09127,slack_bot_token,T6.1,contextual,1,python,1,1,1,1,1
sample_09128,slack_bot_token,T6.1,contextual,1,python,1,1,1,1,1
sample_09129,slack_bot_token,T6.1,contextual,1,python,1,1,1,1,1
sample_09130,slack_bot_token,T6.1,contextual,1,python,1,1,1,1,1
sample_09131,slack_bot_token,T6.1,contextual,1,python,1,1,1,1,1
sample_09132,slack_bot_token,T6.1,contextual,1,python,1,1,1,1,1
sample_09133,slack_bot_token,T6.1,contextual,1,python,1,1,1,1,1
sample_09134,slack_bot_token,T6.1,contextual,1,python,1,1,1,1,1
sample_09135,slack_bot_token,T6.1,contextual,1,python,1,1,1,1,1
sample_09136,slack_bot_token,T6.1,contextual,1,python,1,1,1,1,1
sample_09137,slack_bot_token,T6.1,contextual,1,python,1,1,1,1,1
sample_09138,slack_bot_token,T6.1,contextual,1,python,1,1,1,1,1
sample_09139,slack_bot_token,T6.1,contextual,1,python,1,1,1,1,1
sample_09140,slack_bot_token,T6.1,contextual,1,python,1,1,1,1,1
sample_09141,slack_bot_token,T6.1,contextual,1,python,1,1,1,1,1
sample_09142,slack_bot_token,T6.1,contextual,1,python,1,1,1,1,1
sample_09143,slack_bot_token,T6.1,contextual,1,python,1,1,1,1,1
sample_09144,slack_bot_token,T6.1,contextual,1,python,1,1,1,1,1
sample_09145,slack_bot_token,T6.1,contextual,1,python,1,1,1,1,1
sample_09146,slack_bot_token,T6.1,contextual,1,python,1,1,1,1,1
sample_09147,slack_bot_token,T6.1,contextual,1,python,1,1,1,1,1
sample_09148,slack_bot_token,T6.1,contextual,1,python,1,1,1,1,1
sample_09149,slack_bot_token,T6.1,contextual,1,python,1,1,1,1,1
sample_09150,slack_bot_token,T6.1,contextual,1,python,1,1,1,1,1
sample_09151,slack_bot_token,T6.1,contextual,1,dotenv,1,1,1,1,1
sample_09152,slack_bot_token,T6.1,contextual,1,dotenv,1,1,1,1,1
sample_09153,slack_bot_token,T6.1,contextual,1,dotenv,1,1,1,1,1
sample_09154,slack_bot_token,T6.1,contextual,1,dotenv,1,1,1,1,1
sample_09155,slack_bot_token,T6.1,contextual,1,dotenv,1,1,1,1,1
sample_09156,slack_bot_token,T6.1,contextual,1,dotenv,1,1,1,1,1
sample_09157,slack_bot_token,T6.1,contextual,1,dotenv,1,1,1,1,1
sample_09158,slack_bot_token,T6.1,contextual,1,dotenv,1,1,1,1,1
sample_09159,slack_bot_token,T6.1,contextual,1,dotenv,1,1,1,1,1
sample_09160,slack_bot_token,T6.1,contextual,1,dotenv,1,1,1,1,1
sample_09161,slack_bot_token,T6.1,contextual,1,dotenv,1,1,1,1,1
sample_09162,slack_bot_token,T6.1,contextual,1,dotenv,1,1,1,1,1
sample_09163,slack_bot_token,T6.1,contextual,1,dotenv,1,1,1,1,1
sample_09164,slack_bot_token,T6.1,contextual,1,dotenv,1,1,1,1,1
sample_09165,slack_bot_token,T6.1,contextual,1,dotenv,1,1,1,1,1
sample_09166,slack_bot_token,T6.1,contextual,1,dotenv,1,1,1,1,1
sample_09167,slack_bot_token,T6.1,contextual,1,dotenv,1,1,1,1,1
sample_09168,slack_bot_token,T6.1,contextual,1,dotenv,1,1,1,1,1
sample_09169,slack_bot_token,T6.1,contextual,1,dotenv,1,1,1,1,1
sample_09170,slack_bot_token,T6.1,contextual,1,dotenv,1,1,1,1,1
sample_09171,slack_bot_token,T6.1,contextual,1,dotenv,1,1,1,1,1
sample_09172,slack_bot_token,T6.1,contextual,1,dotenv,1,1,1,1,1
sample_09173,slack_bot_token,T6.1,contextual,1,dotenv,1,1,1,1,1
sample_09174,slack_bot_token,T6.1,contextual,1,dotenv,1,1,1,1,1
sample_09175,slack_bot_token,T6.1,contextual,1,dotenv,1,1,1,1,1
sample_09176,slack_bot_token,T6.1,contextual,1,dotenv,1,1,1,1,1
sample_09177,slack_bot_token,T6.1,contextual,1,dotenv,1,1,1,1,1
sample_09178,slack_bot_token,T6.1,contextual,1,dotenv,1,1,1,1,1
sample_09179,slack_bot_token,T6.1,contextual,1,dotenv,1,1,1,1,1
sample_09180,slack_bot_token,T6.1,contextual,1,dotenv,1,1,1,1,1
sample_09181,slack_bot_token,T6.1,contextual,1,yaml,1,1,1,1,1
sample_09182,slack_bot_token,T6.1,contextual,1,yaml,1,1,1,1,1
sample_09183,slack_bot_token,T6.1,contextual,1,yaml,1,1,1,1,1
sample_09184,slack_bot_token,T6.1,contextual,1,yaml,1,1,1,1,1
sample_09185,slack_bot_token,T6.1,contextual,1,yaml,1,1,1,1,1
sample_09186,slack_bot_token,T6.1,contextual,1,yaml,1,1,1,1,1
sample_09187,slack_bot_token,T6.1,contextual,1,yaml,1,1,1,1,1
sample_09188,slack_bot_token,T6.1,contextual,1,yaml,1,1,1,1,1
sample_09189,slack_bot_token,T6.1,contextual,1,yaml,1,1,1,1,1
sample_09190,slack_bot_token,T6.1,contextual,1,yaml,1,1,1,1,1
sample_09191,slack_bot_token,T6.1,contextual,1,yaml,1,1,1,1,1
sample_09192,slack_bot_token,T6.1,contextual,1,yaml,1,1,1,1,1
sample_09193,slack_bot_token,T6.1,contextual,1,yaml,1,1,1,1,1
sample_09194,slack_bot_token,T6.1,contextual,1,yaml,1,1,1,1,1
sample_09195,slack_bot_token,T6.1,contextual,1,yaml,1,1,1,1,1
sample_09196,slack_bot_token,T6.1,contextual,1,yaml,1,1,1,1,1
sample_09197,slack_bot_token,T6.1,contextual,1,yaml,1,1,1,1,1
sample_09198,slack_bot_token,T6.1,contextual,1,yaml,1,1,1,1,1
sample_09199,slack_bot_token,T6.1,contextual,1,yaml,1,1,1,1,1
sample_09200,slack_bot_token,T6.1,contextual,1,yaml,1,1,1,1,1
sample_09201,slack_bot_token,T6.1,contextual,1,yaml,1,1,1,1,1
sample_09202,slack_bot_token,T6.1,contextual,1,yaml,1,1,1,1,1
sample_09203,slack_bot_token,T6.1,contextual,1,yaml,1,1,1,1,1
sample_09204,slack_bot_token,T6.1,contextual,1,yaml,1,1,1,1,1
sample_09205,slack_bot_token,T6.1,contextual,1,yaml,1,1,1,1,1
sample_09206,slack_bot_token,T6.1,contextual,1,yaml,1,1,1,1,1
sample_09207,slack_bot_token,T6.1,contextual,1,yaml,1,1,1,1,1
sample_09208,slack_bot_token,T6.1,contextual,1,yaml,1,1,1,1,1
sample_09209,slack_bot_token,T6.1,contextual,1,yaml,1,1,1,1,1
sample_09210,slack_bot_token,T6.1,contextual,1,yaml,1,1,1,1,1
sample_09211,slack_bot_token,T6.4,contextual,1,python,1,1,1,1,1
sample_09212,slack_bot_token,T6.4,contextual,1,python,1,1,1,1,1
sample_09213,slack_bot_token,T6.4,contextual,1,python,1,1,1,1,1
sample_09214,slack_bot_token,T6.4,contextual,1,python,1,1,1,1,1
sample_09215,slack_bot_token,T6.4,contextual,1,python,1,1,1,1,1
sample_09216,slack_bot_token,T6.4,contextual,1,python,1,1,1,1,1
sample_09217,slack_bot_token,T6.4,contextual,1,python,1,1,1,1,1
sample_09218,slack_bot_token,T6.4,contextual,1,python,1,1,1,1,1
sample_09219,slack_bot_token,T6.4,contextual,1,python,1,1,1,1,1
sample_09220,slack_bot_token,T6.4,contextual,1,python,1,1,1,1,1
sample_09221,slack_bot_token,T6.4,contextual,1,python,1,1,1,1,1
sample_09222,slack_bot_token,T6.4,contextual,1,python,1,1,1,1,1
sample_09223,slack_bot_token,T6.4,contextual,1,python,1,1,1,1,1
sample_09224,slack_bot_token,T6.4,contextual,1,python,1,1,1,1,1
sample_09225,slack_bot_token,T6.4,contextual,1,python,1,1,1,1,1
sample_09226,slack_bot_token,T6.4,contextual,1,python,1,1,1,1,1
sample_09227,slack_bot_token,T6.4,contextual,1,python,1,1,1,1,1
sample_09228,slack_bot_token,T6.4,contextual,1,python,1,1,1,1,1
sample_09229,slack_bot_token,T6.4,contextual,1,python,1,1,1,1,1
sample_09230,slack_bot_token,T6.4,contextual,1,python,1,1,1,1,1
sample_09231,slack_bot_token,T6.4,contextual,1,python,1,1,1,1,1
sample_09232,slack_bot_token,T6.4,contextual,1,python,1,1,1,1,1
sample_09233,slack_bot_token,T6.4,contextual,1,python,1,1,1,1,1
sample_09234,slack_bot_token,T6.4,contextual,1,python,1,1,1,1,1
sample_09235,slack_bot_token,T6.4,contextual,1,python,1,1,1,1,1
sample_09236,slack_bot_token,T6.4,contextual,1,python,1,1,1,1,1
sample_09237,slack_bot_token,T6.4,contextual,1,python,1,1,1,1,1
sample_09238,slack_bot_token,T6.4,contextual,1,python,1,1,1,1,1
sample_09239,slack_bot_token,T6.4,contextual,1,python,1,1,1,1,1
sample_09240,slack_bot_token,T6.4,contextual,1,python,1,1,1,1,1
sample_09241,slack_bot_token,T6.4,contextual,1,dotenv,1,1,1,1,1
sample_09242,slack_bot_token,T6.4,contextual,1,dotenv,1,1,1,1,1
sample_09243,slack_bot_token,T6.4,contextual,1,dotenv,1,1,1,1,1
sample_09244,slack_bot_token,T6.4,contextual,1,dotenv,1,1,1,1,1
sample_09245,slack_bot_token,T6.4,contextual,1,dotenv,1,1,1,1,1
sample_09246,slack_bot_token,T6.4,contextual,1,dotenv,1,1,1,1,1
sample_09247,slack_bot_token,T6.4,contextual,1,dotenv,1,1,1,1,1
sample_09248,slack_bot_token,T6.4,contextual,1,dotenv,1,1,1,1,1
sample_09249,slack_bot_token,T6.4,contextual,1,dotenv,1,1,1,1,1
sample_09250,slack_bot_token,T6.4,contextual,1,dotenv,1,1,1,1,1
sample_09251,slack_bot_token,T6.4,contextual,1,dotenv,1,1,1,1,1
sample_09252,slack_bot_token,T6.4,contextual,1,dotenv,1,1,1,1,1
sample_09253,slack_bot_token,T6.4,contextual,1,dotenv,1,1,1,1,1
sample_09254,slack_bot_token,T6.4,contextual,1,dotenv,1,1,1,1,1
sample_09255,slack_bot_token,T6.4,contextual,1,dotenv,1,1,1,1,1
sample_09256,slack_bot_token,T6.4,contextual,1,dotenv,1,1,1,1,1
sample_09257,slack_bot_token,T6.4,contextual,1,dotenv,1,1,1,1,1
sample_09258,slack_bot_token,T6.4,contextual,1,dotenv,1,1,1,1,1
sample_09259,slack_bot_token,T6.4,contextual,1,dotenv,1,1,1,1,1
sample_09260,slack_bot_token,T6.4,contextual,1,dotenv,1,1,1,1,1
sample_09261,slack_bot_token,T6.4,contextual,1,dotenv,1,1,1,1,1
sample_09262,slack_bot_token,T6.4,contextual,1,dotenv,1,1,1,1,1
sample_09263,slack_bot_token,T6.4,contextual,1,dotenv,1,1,1,1,1
sample_09264,slack_bot_token,T6.4,contextual,1,dotenv,1,1,1,1,1
sample_09265,slack_bot_token,T6.4,contextual,1,dotenv,1,1,1,1,1
sample_09266,slack_bot_token,T6.4,contextual,1,dotenv,1,1,1,1,1
sample_09267,slack_bot_token,T6.4,contextual,1,dotenv,1,1,1,1,1
sample_09268,slack_bot_token,T6.4,contextual,1,dotenv,1,1,1,1,1
sample_09269,slack_bot_token,T6.4,contextual,1,dotenv,1,1,1,1,1
sample_09270,slack_bot_token,T6.4,contextual,1,dotenv,1,1,1,1,1
sample_09271,slack_bot_token,T6.4,contextual,1,yaml,1,1,1,1,1
sample_09272,slack_bot_token,T6.4,contextual,1,yaml,1,1,1,1,1
sample_09273,slack_bot_token,T6.4,contextual,1,yaml,1,1,1,1,1
sample_09274,slack_bot_token,T6.4,contextual,1,yaml,1,1,1,1,1
sample_09275,slack_bot_token,T6.4,contextual,1,yaml,1,1,1,1,1
sample_09276,slack_bot_token,T6.4,contextual,1,yaml,1,1,1,1,1
sample_09277,slack_bot_token,T6.4,contextual,1,yaml,1,1,1,1,1
sample_09278,slack_bot_token,T6.4,contextual,1,yaml,1,1,1,1,1
sample_09279,slack_bot_token,T6.4,contextual,1,yaml,1,1,1,1,1
sample_09280,slack_bot_token,T6.4,contextual,1,yaml,1,1,1,1,1
sample_09281,slack_bot_token,T6.4,contextual,1,yaml,1,1,1,1,1
sample_09282,slack_bot_token,T6.4,contextual,1,yaml,1,1,1,1,1
sample_09283,slack_bot_token,T6.4,contextual,1,yaml,1,1,1,1,1
sample_09284,slack_bot_token,T6.4,contextual,1,yaml,1,1,1,1,1
sample_09285,slack_bot_token,T6.4,contextual,1,yaml,1,1,1,1,1
sample_09286,slack_bot_token,T6.4,contextual,1,yaml,1,1,1,1,1
sample_09287,slack_bot_token,T6.4,contextual,1,yaml,1,1,1,1,1
sample_09288,slack_bot_token,T6.4,contextual,1,yaml,1,1,1,1,1
sample_09289,slack_bot_token,T6.4,contextual,1,yaml,1,1,1,1,1
sample_09290,slack_bot_token,T6.4,contextual,1,yaml,1,1,1,1,1
sample_09291,slack_bot_token,T6.4,contextual,1,yaml,1,1,1,1,1
sample_09292,slack_bot_token,T6.4,contextual,1,yaml,1,1,1,1,1
sample_09293,slack_bot_token,T6.4,contextual,1,yaml,1,1,1,1,1
sample_09294,slack_bot_token,T6.4,contextual,1,yaml,1,1,1,1,1
sample_09295,slack_bot_token,T6.4,contextual,1,yaml,1,1,1,1,1
sample_09296,slack_bot_token,T6.4,contextual,1,yaml,1,1,1,1,1
sample_09297,slack_bot_token,T6.4,contextual,1,yaml,1,1,1,1,1
sample_09298,slack_bot_token,T6.4,contextual,1,yaml,1,1,1,1,1
sample_09299,slack_bot_token,T6.4,contextual,1,yaml,1,1,1,1,1
sample_09300,slack_bot_token,T6.4,contextual,1,yaml,1,1,1,1,1
sample_09301,slack_bot_token,T7.1,composition,2,python,0,0,0,0,0
sample_09302,slack_bot_token,T7.1,composition,2,python,0,0,0,0,0
sample_09303,slack_bot_token,T7.1,composition,2,python,0,0,0,0,0
sample_09304,slack_bot_token,T7.1,composition,2,python,0,0,0,0,0
sample_09305,slack_bot_token,T7.1,composition,2,python,0,0,0,0,0
sample_09306,slack_bot_token,T7.1,composition,2,python,0,0,0,0,0
sample_09307,slack_bot_token,T7.1,composition,2,python,0,0,0,0,0
sample_09308,slack_bot_token,T7.1,composition,2,python,0,0,0,0,0
sample_09309,slack_bot_token,T7.1,composition,2,python,0,0,0,0,0
sample_09310,slack_bot_token,T7.1,composition,2,python,0,0,0,0,0
sample_09311,slack_bot_token,T7.1,composition,2,python,0,0,0,0,0
sample_09312,slack_bot_token,T7.1,composition,2,python,0,0,0,0,0
sample_09313,slack_bot_token,T7.1,composition,2,python,0,0,0,0,0
sample_09314,slack_bot_token,T7.1,composition,2,python,0,0,0,0,0
sample_09315,slack_bot_token,T7.1,composition,2,python,0,1,0,1,1
sample_09316,slack_bot_token,T7.1,composition,2,python,0,0,0,0,0
sample_09317,slack_bot_token,T7.1,composition,2,python,0,0,0,0,0
sample_09318,slack_bot_token,T7.1,composition,2,python,0,0,0,0,0
sample_09319,slack_bot_token,T7.1,composition,2,python,0,0,0,0,0
sample_09320,slack_bot_token,T7.1,composition,2,python,0,0,0,0,0
sample_09321,slack_bot_token,T7.1,composition,2,python,0,0,0,0,0
sample_09322,slack_bot_token,T7.1,composition,2,python,0,0,0,0,0
sample_09323,slack_bot_token,T7.1,composition,2,python,0,0,0,0,0
sample_09324,slack_bot_token,T7.1,composition,2,python,0,0,0,0,0
sample_09325,slack_bot_token,T7.1,composition,2,python,0,0,0,0,0
sample_09326,slack_bot_token,T7.1,composition,2,python,0,0,0,0,0
sample_09327,slack_bot_token,T7.1,composition,2,python,0,0,0,0,0
sample_09328,slack_bot_token,T7.1,composition,2,python,0,0,0,0,0
sample_09329,slack_bot_token,T7.1,composition,2,python,0,0,0,0,0
sample_09330,slack_bot_token,T7.1,composition,2,python,0,0,0,0,0
sample_09331,slack_bot_token,T7.2,composition,2,python,0,0,0,0,0
sample_09332,slack_bot_token,T7.2,composition,2,python,0,0,0,0,0
sample_09333,slack_bot_token,T7.2,composition,2,python,0,0,0,0,0
sample_09334,slack_bot_token,T7.2,composition,2,python,0,0,0,0,0
sample_09335,slack_bot_token,T7.2,composition,2,python,0,0,0,0,0
sample_09336,slack_bot_token,T7.2,composition,2,python,0,0,0,0,0
sample_09337,slack_bot_token,T7.2,composition,2,python,0,0,0,0,0
sample_09338,slack_bot_token,T7.2,composition,2,python,0,0,0,0,0
sample_09339,slack_bot_token,T7.2,composition,2,python,0,0,0,0,0
sample_09340,slack_bot_token,T7.2,composition,2,python,0,0,0,0,0
sample_09341,slack_bot_token,T7.2,composition,2,python,0,0,0,0,0
sample_09342,slack_bot_token,T7.2,composition,2,python,0,0,0,0,0
sample_09343,slack_bot_token,T7.2,composition,2,python,0,0,0,0,0
sample_09344,slack_bot_token,T7.2,composition,2,python,0,0,0,0,0
sample_09345,slack_bot_token,T7.2,composition,2,python,0,0,0,0,0
sample_09346,slack_bot_token,T7.2,composition,2,python,0,0,0,0,0
sample_09347,slack_bot_token,T7.2,composition,2,python,0,0,0,0,0
sample_09348,slack_bot_token,T7.2,composition,2,python,0,0,0,0,0
sample_09349,slack_bot_token,T7.2,composition,2,python,0,0,0,0,0
sample_09350,slack_bot_token,T7.2,composition,2,python,0,0,0,0,0
sample_09351,slack_bot_token,T7.2,composition,2,python,0,0,0,0,0
sample_09352,slack_bot_token,T7.2,composition,2,python,0,0,0,0,0
sample_09353,slack_bot_token,T7.2,composition,2,python,0,0,0,0,0
sample_09354,slack_bot_token,T7.2,composition,2,python,0,0,0,0,0
sample_09355,slack_bot_token,T7.2,composition,2,python,0,0,0,0,0
sample_09356,slack_bot_token,T7.2,composition,2,python,0,0,0,0,0
sample_09357,slack_bot_token,T7.2,composition,2,python,0,0,0,0,0
sample_09358,slack_bot_token,T7.2,composition,2,python,0,0,0,0,0
sample_09359,slack_bot_token,T7.2,composition,2,python,0,0,0,0,0
sample_09360,slack_bot_token,T7.2,composition,2,python,0,0,0,0,0
sample_09361,jwt,T0.0,control,1,python,1,1,1,1,0
sample_09362,jwt,T0.0,control,1,python,1,1,1,1,0
sample_09363,jwt,T0.0,control,1,python,1,1,1,1,0
sample_09364,jwt,T0.0,control,1,python,1,1,1,1,0
sample_09365,jwt,T0.0,control,1,python,1,1,1,1,0
sample_09366,jwt,T0.0,control,1,python,1,1,1,1,0
sample_09367,jwt,T0.0,control,1,python,1,1,1,1,0
sample_09368,jwt,T0.0,control,1,python,1,1,1,1,0
sample_09369,jwt,T0.0,control,1,python,1,1,1,1,0
sample_09370,jwt,T0.0,control,1,python,1,1,1,1,0
sample_09371,jwt,T0.0,control,1,python,1,1,1,1,0
sample_09372,jwt,T0.0,control,1,python,1,1,1,1,0
sample_09373,jwt,T0.0,control,1,python,1,1,1,1,0
sample_09374,jwt,T0.0,control,1,python,1,1,1,1,0
sample_09375,jwt,T0.0,control,1,python,1,1,1,1,0
sample_09376,jwt,T0.0,control,1,python,1,1,1,1,0
sample_09377,jwt,T0.0,control,1,python,1,1,1,1,0
sample_09378,jwt,T0.0,control,1,python,1,1,1,1,0
sample_09379,jwt,T0.0,control,1,python,1,1,1,1,0
sample_09380,jwt,T0.0,control,1,python,1,1,1,1,0
sample_09381,jwt,T0.0,control,1,python,1,1,1,1,0
sample_09382,jwt,T0.0,control,1,python,1,1,1,1,0
sample_09383,jwt,T0.0,control,1,python,1,1,1,1,0
sample_09384,jwt,T0.0,control,1,python,1,1,1,1,0
sample_09385,jwt,T0.0,control,1,python,1,1,1,1,0
sample_09386,jwt,T0.0,control,1,python,1,1,1,1,0
sample_09387,jwt,T0.0,control,1,python,1,1,1,1,0
sample_09388,jwt,T0.0,control,1,python,1,1,1,1,0
sample_09389,jwt,T0.0,control,1,python,1,1,1,1,0
sample_09390,jwt,T0.0,control,1,python,1,1,1,1,0
sample_09391,jwt,T0.0,control,1,dotenv,1,1,1,1,0
sample_09392,jwt,T0.0,control,1,dotenv,1,1,1,1,0
sample_09393,jwt,T0.0,control,1,dotenv,1,1,1,1,0
sample_09394,jwt,T0.0,control,1,dotenv,1,1,1,1,0
sample_09395,jwt,T0.0,control,1,dotenv,1,1,1,1,0
sample_09396,jwt,T0.0,control,1,dotenv,1,1,1,1,0
sample_09397,jwt,T0.0,control,1,dotenv,1,1,1,1,0
sample_09398,jwt,T0.0,control,1,dotenv,1,1,1,1,0
sample_09399,jwt,T0.0,control,1,dotenv,1,1,1,1,0
sample_09400,jwt,T0.0,control,1,dotenv,1,1,1,1,0
sample_09401,jwt,T0.0,control,1,dotenv,1,1,1,1,0
sample_09402,jwt,T0.0,control,1,dotenv,1,1,1,1,0
sample_09403,jwt,T0.0,control,1,dotenv,1,1,1,1,0
sample_09404,jwt,T0.0,control,1,dotenv,1,1,1,1,0
sample_09405,jwt,T0.0,control,1,dotenv,1,1,1,1,0
sample_09406,jwt,T0.0,control,1,dotenv,1,1,1,1,0
sample_09407,jwt,T0.0,control,1,dotenv,1,1,1,1,0
sample_09408,jwt,T0.0,control,1,dotenv,1,1,1,1,0
sample_09409,jwt,T0.0,control,1,dotenv,1,1,1,1,0
sample_09410,jwt,T0.0,control,1,dotenv,1,1,1,1,0
sample_09411,jwt,T0.0,control,1,dotenv,1,1,1,1,0
sample_09412,jwt,T0.0,control,1,dotenv,1,1,1,1,0
sample_09413,jwt,T0.0,control,1,dotenv,1,1,1,1,0
sample_09414,jwt,T0.0,control,1,dotenv,1,1,1,1,0
sample_09415,jwt,T0.0,control,1,dotenv,1,1,1,1,0
sample_09416,jwt,T0.0,control,1,dotenv,1,1,1,1,0
sample_09417,jwt,T0.0,control,1,dotenv,1,1,1,1,0
sample_09418,jwt,T0.0,control,1,dotenv,1,1,1,1,0
sample_09419,jwt,T0.0,control,1,dotenv,1,1,1,1,0
sample_09420,jwt,T0.0,control,1,dotenv,1,1,1,1,0
sample_09421,jwt,T0.0,control,1,yaml,1,1,1,1,0
sample_09422,jwt,T0.0,control,1,yaml,1,1,1,1,0
sample_09423,jwt,T0.0,control,1,yaml,1,1,1,1,0
sample_09424,jwt,T0.0,control,1,yaml,1,1,1,1,0
sample_09425,jwt,T0.0,control,1,yaml,1,1,1,1,0
sample_09426,jwt,T0.0,control,1,yaml,1,1,1,1,0
sample_09427,jwt,T0.0,control,1,yaml,1,1,1,1,0
sample_09428,jwt,T0.0,control,1,yaml,1,1,1,1,0
sample_09429,jwt,T0.0,control,1,yaml,1,1,1,1,0
sample_09430,jwt,T0.0,control,1,yaml,1,1,1,1,0
sample_09431,jwt,T0.0,control,1,yaml,1,1,1,1,0
sample_09432,jwt,T0.0,control,1,yaml,1,1,1,1,0
sample_09433,jwt,T0.0,control,1,yaml,1,1,1,1,0
sample_09434,jwt,T0.0,control,1,yaml,1,1,1,1,0
sample_09435,jwt,T0.0,control,1,yaml,1,1,1,1,0
sample_09436,jwt,T0.0,control,1,yaml,1,1,1,1,0
sample_09437,jwt,T0.0,control,1,yaml,1,1,1,1,0
sample_09438,jwt,T0.0,control,1,yaml,1,1,1,1,0
sample_09439,jwt,T0.0,control,1,yaml,1,1,1,1,0
sample_09440,jwt,T0.0,control,1,yaml,1,1,1,1,0
sample_09441,jwt,T0.0,control,1,yaml,1,1,1,1,0
sample_09442,jwt,T0.0,control,1,yaml,1,1,1,1,0
sample_09443,jwt,T0.0,control,1,yaml,1,1,1,1,0
sample_09444,jwt,T0.0,control,1,yaml,1,1,1,1,0
sample_09445,jwt,T0.0,control,1,yaml,1,1,1,1,0
sample_09446,jwt,T0.0,control,1,yaml,1,1,1,1,0
sample_09447,jwt,T0.0,control,1,yaml,1,1,1,1,0
sample_09448,jwt,T0.0,control,1,yaml,1,1,1,1,0
sample_09449,jwt,T0.0,control,1,yaml,1,1,1,1,0
sample_09450,jwt,T0.0,control,1,yaml,1,1,1,1,0
sample_09451,jwt,T1.1,encoding,1,python,1,1,1,1,0
sample_09452,jwt,T1.1,encoding,1,python,1,1,1,1,0
sample_09453,jwt,T1.1,encoding,1,python,1,1,1,1,0
sample_09454,jwt,T1.1,encoding,1,python,1,1,1,1,0
sample_09455,jwt,T1.1,encoding,1,python,1,1,1,1,0
sample_09456,jwt,T1.1,encoding,1,python,1,1,1,1,0
sample_09457,jwt,T1.1,encoding,1,python,1,1,1,1,0
sample_09458,jwt,T1.1,encoding,1,python,1,1,1,1,0
sample_09459,jwt,T1.1,encoding,1,python,1,1,1,1,0
sample_09460,jwt,T1.1,encoding,1,python,1,1,1,1,0
sample_09461,jwt,T1.1,encoding,1,python,1,1,1,1,0
sample_09462,jwt,T1.1,encoding,1,python,1,1,1,1,0
sample_09463,jwt,T1.1,encoding,1,python,1,1,1,1,0
sample_09464,jwt,T1.1,encoding,1,python,1,1,1,1,0
sample_09465,jwt,T1.1,encoding,1,python,1,1,1,1,0
sample_09466,jwt,T1.1,encoding,1,python,1,1,1,1,0
sample_09467,jwt,T1.1,encoding,1,python,1,1,1,1,0
sample_09468,jwt,T1.1,encoding,1,python,1,1,1,1,0
sample_09469,jwt,T1.1,encoding,1,python,1,1,1,1,0
sample_09470,jwt,T1.1,encoding,1,python,1,1,1,1,0
sample_09471,jwt,T1.1,encoding,1,python,1,1,1,1,0
sample_09472,jwt,T1.1,encoding,1,python,1,1,1,1,0
sample_09473,jwt,T1.1,encoding,1,python,1,1,1,1,0
sample_09474,jwt,T1.1,encoding,1,python,1,1,1,1,0
sample_09475,jwt,T1.1,encoding,1,python,1,1,1,1,0
sample_09476,jwt,T1.1,encoding,1,python,1,1,1,1,0
sample_09477,jwt,T1.1,encoding,1,python,1,1,1,1,0
sample_09478,jwt,T1.1,encoding,1,python,1,1,1,1,0
sample_09479,jwt,T1.1,encoding,1,python,1,1,1,1,0
sample_09480,jwt,T1.1,encoding,1,python,1,1,1,1,0
sample_09481,jwt,T1.1,encoding,1,dotenv,1,1,1,1,0
sample_09482,jwt,T1.1,encoding,1,dotenv,1,1,1,1,0
sample_09483,jwt,T1.1,encoding,1,dotenv,1,1,1,1,0
sample_09484,jwt,T1.1,encoding,1,dotenv,1,1,1,1,0
sample_09485,jwt,T1.1,encoding,1,dotenv,1,1,1,1,0
sample_09486,jwt,T1.1,encoding,1,dotenv,1,1,1,1,0
sample_09487,jwt,T1.1,encoding,1,dotenv,1,1,1,1,0
sample_09488,jwt,T1.1,encoding,1,dotenv,1,1,1,1,0
sample_09489,jwt,T1.1,encoding,1,dotenv,1,1,1,1,0
sample_09490,jwt,T1.1,encoding,1,dotenv,1,1,1,1,0
sample_09491,jwt,T1.1,encoding,1,dotenv,1,1,1,1,0
sample_09492,jwt,T1.1,encoding,1,dotenv,1,1,1,1,0
sample_09493,jwt,T1.1,encoding,1,dotenv,1,1,1,1,0
sample_09494,jwt,T1.1,encoding,1,dotenv,1,1,1,1,0
sample_09495,jwt,T1.1,encoding,1,dotenv,1,1,1,1,0
sample_09496,jwt,T1.1,encoding,1,dotenv,1,1,1,1,0
sample_09497,jwt,T1.1,encoding,1,dotenv,1,1,1,1,0
sample_09498,jwt,T1.1,encoding,1,dotenv,1,1,1,1,0
sample_09499,jwt,T1.1,encoding,1,dotenv,1,1,1,1,0
sample_09500,jwt,T1.1,encoding,1,dotenv,1,1,1,1,0
sample_09501,jwt,T1.1,encoding,1,dotenv,1,1,1,1,0
sample_09502,jwt,T1.1,encoding,1,dotenv,1,1,1,1,0
sample_09503,jwt,T1.1,encoding,1,dotenv,1,1,1,1,0
sample_09504,jwt,T1.1,encoding,1,dotenv,1,1,1,1,0
sample_09505,jwt,T1.1,encoding,1,dotenv,1,1,1,1,0
sample_09506,jwt,T1.1,encoding,1,dotenv,1,1,1,1,0
sample_09507,jwt,T1.1,encoding,1,dotenv,1,1,1,1,0
sample_09508,jwt,T1.1,encoding,1,dotenv,1,1,1,1,0
sample_09509,jwt,T1.1,encoding,1,dotenv,1,1,1,1,0
sample_09510,jwt,T1.1,encoding,1,dotenv,1,1,1,1,0
sample_09511,jwt,T1.1,encoding,1,yaml,1,1,1,1,0
sample_09512,jwt,T1.1,encoding,1,yaml,1,1,1,1,0
sample_09513,jwt,T1.1,encoding,1,yaml,1,1,1,1,0
sample_09514,jwt,T1.1,encoding,1,yaml,1,1,1,1,0
sample_09515,jwt,T1.1,encoding,1,yaml,1,1,1,1,0
sample_09516,jwt,T1.1,encoding,1,yaml,1,1,1,1,0
sample_09517,jwt,T1.1,encoding,1,yaml,1,1,1,1,0
sample_09518,jwt,T1.1,encoding,1,yaml,1,1,1,1,0
sample_09519,jwt,T1.1,encoding,1,yaml,1,1,1,1,0
sample_09520,jwt,T1.1,encoding,1,yaml,1,1,1,1,0
sample_09521,jwt,T1.1,encoding,1,yaml,1,1,1,1,0
sample_09522,jwt,T1.1,encoding,1,yaml,1,1,1,1,0
sample_09523,jwt,T1.1,encoding,1,yaml,1,1,1,1,0
sample_09524,jwt,T1.1,encoding,1,yaml,1,1,1,1,0
sample_09525,jwt,T1.1,encoding,1,yaml,1,1,1,1,0
sample_09526,jwt,T1.1,encoding,1,yaml,1,1,1,1,0
sample_09527,jwt,T1.1,encoding,1,yaml,1,1,1,1,0
sample_09528,jwt,T1.1,encoding,1,yaml,1,1,1,1,0
sample_09529,jwt,T1.1,encoding,1,yaml,1,1,1,1,0
sample_09530,jwt,T1.1,encoding,1,yaml,1,1,1,1,0
sample_09531,jwt,T1.1,encoding,1,yaml,1,1,1,1,0
sample_09532,jwt,T1.1,encoding,1,yaml,1,1,1,1,0
sample_09533,jwt,T1.1,encoding,1,yaml,1,1,1,1,0
sample_09534,jwt,T1.1,encoding,1,yaml,1,1,1,1,0
sample_09535,jwt,T1.1,encoding,1,yaml,1,1,1,1,0
sample_09536,jwt,T1.1,encoding,1,yaml,1,1,1,1,0
sample_09537,jwt,T1.1,encoding,1,yaml,1,1,1,1,0
sample_09538,jwt,T1.1,encoding,1,yaml,1,1,1,1,0
sample_09539,jwt,T1.1,encoding,1,yaml,1,1,1,1,0
sample_09540,jwt,T1.1,encoding,1,yaml,1,1,1,1,0
sample_09541,jwt,T1.2,encoding,1,python,0,0,0,0,0
sample_09542,jwt,T1.2,encoding,1,python,0,0,0,0,0
sample_09543,jwt,T1.2,encoding,1,python,0,0,0,0,0
sample_09544,jwt,T1.2,encoding,1,python,0,0,0,0,0
sample_09545,jwt,T1.2,encoding,1,python,0,0,0,0,0
sample_09546,jwt,T1.2,encoding,1,python,0,0,0,0,0
sample_09547,jwt,T1.2,encoding,1,python,0,0,0,0,0
sample_09548,jwt,T1.2,encoding,1,python,0,0,0,0,0
sample_09549,jwt,T1.2,encoding,1,python,0,0,0,0,0
sample_09550,jwt,T1.2,encoding,1,python,0,0,0,0,0
sample_09551,jwt,T1.2,encoding,1,python,0,0,0,0,0
sample_09552,jwt,T1.2,encoding,1,python,0,0,0,0,0
sample_09553,jwt,T1.2,encoding,1,python,0,0,0,0,0
sample_09554,jwt,T1.2,encoding,1,python,0,0,0,0,0
sample_09555,jwt,T1.2,encoding,1,python,0,0,0,0,0
sample_09556,jwt,T1.2,encoding,1,python,0,0,0,0,0
sample_09557,jwt,T1.2,encoding,1,python,0,0,0,0,0
sample_09558,jwt,T1.2,encoding,1,python,0,0,0,0,0
sample_09559,jwt,T1.2,encoding,1,python,0,0,0,0,0
sample_09560,jwt,T1.2,encoding,1,python,0,0,0,0,0
sample_09561,jwt,T1.2,encoding,1,python,0,0,0,0,0
sample_09562,jwt,T1.2,encoding,1,python,0,0,0,0,0
sample_09563,jwt,T1.2,encoding,1,python,0,0,0,0,0
sample_09564,jwt,T1.2,encoding,1,python,0,0,0,0,0
sample_09565,jwt,T1.2,encoding,1,python,0,0,0,0,0
sample_09566,jwt,T1.2,encoding,1,python,0,0,0,0,0
sample_09567,jwt,T1.2,encoding,1,python,0,0,0,0,0
sample_09568,jwt,T1.2,encoding,1,python,0,0,0,0,0
sample_09569,jwt,T1.2,encoding,1,python,0,0,0,0,0
sample_09570,jwt,T1.2,encoding,1,python,0,0,0,0,0
sample_09571,jwt,T1.2,encoding,1,dotenv,0,0,0,0,0
sample_09572,jwt,T1.2,encoding,1,dotenv,0,0,0,0,0
sample_09573,jwt,T1.2,encoding,1,dotenv,0,0,0,0,0
sample_09574,jwt,T1.2,encoding,1,dotenv,0,0,0,0,0
sample_09575,jwt,T1.2,encoding,1,dotenv,0,0,0,0,0
sample_09576,jwt,T1.2,encoding,1,dotenv,0,0,0,0,0
sample_09577,jwt,T1.2,encoding,1,dotenv,0,0,0,0,0
sample_09578,jwt,T1.2,encoding,1,dotenv,0,0,0,0,0
sample_09579,jwt,T1.2,encoding,1,dotenv,0,0,0,0,0
sample_09580,jwt,T1.2,encoding,1,dotenv,0,0,0,0,0
sample_09581,jwt,T1.2,encoding,1,dotenv,0,0,0,0,0
sample_09582,jwt,T1.2,encoding,1,dotenv,0,0,0,0,0
sample_09583,jwt,T1.2,encoding,1,dotenv,0,0,0,0,0
sample_09584,jwt,T1.2,encoding,1,dotenv,0,0,0,0,0
sample_09585,jwt,T1.2,encoding,1,dotenv,0,0,0,0,0
sample_09586,jwt,T1.2,encoding,1,dotenv,0,0,0,0,0
sample_09587,jwt,T1.2,encoding,1,dotenv,0,0,0,0,0
sample_09588,jwt,T1.2,encoding,1,dotenv,0,0,0,0,0
sample_09589,jwt,T1.2,encoding,1,dotenv,0,0,0,0,0
sample_09590,jwt,T1.2,encoding,1,dotenv,0,0,0,0,0
sample_09591,jwt,T1.2,encoding,1,dotenv,0,0,0,0,0
sample_09592,jwt,T1.2,encoding,1,dotenv,0,0,0,0,0
sample_09593,jwt,T1.2,encoding,1,dotenv,0,0,0,0,0
sample_09594,jwt,T1.2,encoding,1,dotenv,0,0,0,0,0
sample_09595,jwt,T1.2,encoding,1,dotenv,0,0,0,0,0
sample_09596,jwt,T1.2,encoding,1,dotenv,0,0,0,0,0
sample_09597,jwt,T1.2,encoding,1,dotenv,0,0,0,0,0
sample_09598,jwt,T1.2,encoding,1,dotenv,0,0,0,0,0
sample_09599,jwt,T1.2,encoding,1,dotenv,0,0,0,0,0
sample_09600,jwt,T1.2,encoding,1,dotenv,0,0,0,0,0
sample_09601,jwt,T1.2,encoding,1,yaml,0,0,0,0,0
sample_09602,jwt,T1.2,encoding,1,yaml,0,0,0,0,0
sample_09603,jwt,T1.2,encoding,1,yaml,0,0,0,0,0
sample_09604,jwt,T1.2,encoding,1,yaml,0,0,0,0,0
sample_09605,jwt,T1.2,encoding,1,yaml,0,0,0,0,0
sample_09606,jwt,T1.2,encoding,1,yaml,0,0,0,0,0
sample_09607,jwt,T1.2,encoding,1,yaml,0,0,0,0,0
sample_09608,jwt,T1.2,encoding,1,yaml,0,0,0,0,0
sample_09609,jwt,T1.2,encoding,1,yaml,0,0,0,0,0
sample_09610,jwt,T1.2,encoding,1,yaml,0,0,0,0,0
sample_09611,jwt,T1.2,encoding,1,yaml,0,0,0,0,0
sample_09612,jwt,T1.2,encoding,1,yaml,0,0,0,0,0
sample_09613,jwt,T1.2,encoding,1,yaml,0,0,0,0,0
sample_09614,jwt,T1.2,encoding,1,yaml,0,0,0,0,0
sample_09615,jwt,T1.2,encoding,1,yaml,0,0,0,0,0
sample_09616,jwt,T1.2,encoding,1,yaml,0,0,0,0,0
sample_09617,jwt,T1.2,encoding,1,yaml,0,0,0,0,0
sample_09618,jwt,T1.2,encoding,1,yaml,0,0,0,0,0
sample_09619,jwt,T1.2,encoding,1,yaml,0,0,0,0,0
sample_09620,jwt,T1.2,encoding,1,yaml,0,0,0,0,0
sample_09621,jwt,T1.2,encoding,1,yaml,0,0,0,0,0
sample_09622,jwt,T1.2,encoding,1,yaml,0,0,0,0,0
sample_09623,jwt,T1.2,encoding,1,yaml,0,0,0,0,0
sample_09624,jwt,T1.2,encoding,1,yaml,0,0,0,0,0
sample_09625,jwt,T1.2,encoding,1,yaml,0,0,0,0,0
sample_09626,jwt,T1.2,encoding,1,yaml,0,0,0,0,0
sample_09627,jwt,T1.2,encoding,1,yaml,0,0,0,0,0
sample_09628,jwt,T1.2,encoding,1,yaml,0,0,0,0,0
sample_09629,jwt,T1.2,encoding,1,yaml,0,0,0,0,0
sample_09630,jwt,T1.2,encoding,1,yaml,0,0,0,0,0
sample_09631,jwt,T1.3,encoding,1,python,0,0,0,0,0
sample_09632,jwt,T1.3,encoding,1,python,0,0,0,0,0
sample_09633,jwt,T1.3,encoding,1,python,0,0,0,0,0
sample_09634,jwt,T1.3,encoding,1,python,0,0,0,0,0
sample_09635,jwt,T1.3,encoding,1,python,0,0,0,0,0
sample_09636,jwt,T1.3,encoding,1,python,0,0,0,0,0
sample_09637,jwt,T1.3,encoding,1,python,0,0,0,0,0
sample_09638,jwt,T1.3,encoding,1,python,0,0,0,0,0
sample_09639,jwt,T1.3,encoding,1,python,0,0,0,0,0
sample_09640,jwt,T1.3,encoding,1,python,0,0,0,0,0
sample_09641,jwt,T1.3,encoding,1,python,0,0,0,0,0
sample_09642,jwt,T1.3,encoding,1,python,0,0,0,0,0
sample_09643,jwt,T1.3,encoding,1,python,0,0,0,0,0
sample_09644,jwt,T1.3,encoding,1,python,0,0,0,0,0
sample_09645,jwt,T1.3,encoding,1,python,0,0,0,0,0
sample_09646,jwt,T1.3,encoding,1,python,0,0,0,0,0
sample_09647,jwt,T1.3,encoding,1,python,0,0,0,0,0
sample_09648,jwt,T1.3,encoding,1,python,0,0,0,0,0
sample_09649,jwt,T1.3,encoding,1,python,0,0,0,0,0
sample_09650,jwt,T1.3,encoding,1,python,0,0,0,0,0
sample_09651,jwt,T1.3,encoding,1,python,0,0,0,0,0
sample_09652,jwt,T1.3,encoding,1,python,0,0,0,0,0
sample_09653,jwt,T1.3,encoding,1,python,0,0,0,0,0
sample_09654,jwt,T1.3,encoding,1,python,0,0,0,0,0
sample_09655,jwt,T1.3,encoding,1,python,0,0,0,0,0
sample_09656,jwt,T1.3,encoding,1,python,0,0,0,0,0
sample_09657,jwt,T1.3,encoding,1,python,0,0,0,0,0
sample_09658,jwt,T1.3,encoding,1,python,0,0,0,0,0
sample_09659,jwt,T1.3,encoding,1,python,0,0,0,0,0
sample_09660,jwt,T1.3,encoding,1,python,0,0,0,0,0
sample_09661,jwt,T1.3,encoding,1,dotenv,0,0,0,0,0
sample_09662,jwt,T1.3,encoding,1,dotenv,0,0,0,0,0
sample_09663,jwt,T1.3,encoding,1,dotenv,0,0,0,0,0
sample_09664,jwt,T1.3,encoding,1,dotenv,0,0,0,0,0
sample_09665,jwt,T1.3,encoding,1,dotenv,0,0,0,0,0
sample_09666,jwt,T1.3,encoding,1,dotenv,0,0,0,0,0
sample_09667,jwt,T1.3,encoding,1,dotenv,0,0,0,0,0
sample_09668,jwt,T1.3,encoding,1,dotenv,0,0,0,0,0
sample_09669,jwt,T1.3,encoding,1,dotenv,0,0,0,0,0
sample_09670,jwt,T1.3,encoding,1,dotenv,0,0,0,0,0
sample_09671,jwt,T1.3,encoding,1,dotenv,0,0,0,0,0
sample_09672,jwt,T1.3,encoding,1,dotenv,0,0,0,0,0
sample_09673,jwt,T1.3,encoding,1,dotenv,0,0,0,0,0
sample_09674,jwt,T1.3,encoding,1,dotenv,0,0,0,0,0
sample_09675,jwt,T1.3,encoding,1,dotenv,0,0,0,0,0
sample_09676,jwt,T1.3,encoding,1,dotenv,0,0,0,0,0
sample_09677,jwt,T1.3,encoding,1,dotenv,0,0,0,0,0
sample_09678,jwt,T1.3,encoding,1,dotenv,0,0,0,0,0
sample_09679,jwt,T1.3,encoding,1,dotenv,0,0,0,0,0
sample_09680,jwt,T1.3,encoding,1,dotenv,0,0,0,0,0
sample_09681,jwt,T1.3,encoding,1,dotenv,0,0,0,0,0
sample_09682,jwt,T1.3,encoding,1,dotenv,0,0,0,0,0
sample_09683,jwt,T1.3,encoding,1,dotenv,0,0,0,0,0
sample_09684,jwt,T1.3,encoding,1,dotenv,0,0,0,0,0
sample_09685,jwt,T1.3,encoding,1,dotenv,0,0,0,0,0
sample_09686,jwt,T1.3,encoding,1,dotenv,0,0,0,0,0
sample_09687,jwt,T1.3,encoding,1,dotenv,0,0,0,0,0
sample_09688,jwt,T1.3,encoding,1,dotenv,0,0,0,0,0
sample_09689,jwt,T1.3,encoding,1,dotenv,0,0,0,0,0
sample_09690,jwt,T1.3,encoding,1,dotenv,0,0,0,0,0
sample_09691,jwt,T1.3,encoding,1,yaml,0,0,0,0,0
sample_09692,jwt,T1.3,encoding,1,yaml,0,0,0,0,0
sample_09693,jwt,T1.3,encoding,1,yaml,0,0,0,0,0
sample_09694,jwt,T1.3,encoding,1,yaml,0,0,0,0,0
sample_09695,jwt,T1.3,encoding,1,yaml,0,0,0,0,0
sample_09696,jwt,T1.3,encoding,1,yaml,0,0,0,0,0
sample_09697,jwt,T1.3,encoding,1,yaml,0,0,0,0,0
sample_09698,jwt,T1.3,encoding,1,yaml,0,0,0,0,0
sample_09699,jwt,T1.3,encoding,1,yaml,0,0,0,0,0
sample_09700,jwt,T1.3,encoding,1,yaml,0,0,0,0,0
sample_09701,jwt,T1.3,encoding,1,yaml,0,0,0,0,0
sample_09702,jwt,T1.3,encoding,1,yaml,0,0,0,0,0
sample_09703,jwt,T1.3,encoding,1,yaml,0,0,0,0,0
sample_09704,jwt,T1.3,encoding,1,yaml,0,0,0,0,0
sample_09705,jwt,T1.3,encoding,1,yaml,0,0,0,0,0
sample_09706,jwt,T1.3,encoding,1,yaml,0,0,0,0,0
sample_09707,jwt,T1.3,encoding,1,yaml,0,0,0,0,0
sample_09708,jwt,T1.3,encoding,1,yaml,0,0,0,0,0
sample_09709,jwt,T1.3,encoding,1,yaml,0,0,0,0,0
sample_09710,jwt,T1.3,encoding,1,yaml,0,0,0,0,0
sample_09711,jwt,T1.3,encoding,1,yaml,0,0,0,0,0
sample_09712,jwt,T1.3,encoding,1,yaml,0,0,0,0,0
sample_09713,jwt,T1.3,encoding,1,yaml,0,0,0,0,0
sample_09714,jwt,T1.3,encoding,1,yaml,0,0,0,0,0
sample_09715,jwt,T1.3,encoding,1,yaml,0,0,0,0,0
sample_09716,jwt,T1.3,encoding,1,yaml,0,0,0,0,0
sample_09717,jwt,T1.3,encoding,1,yaml,0,0,0,0,0
sample_09718,jwt,T1.3,encoding,1,yaml,0,0,0,0,0
sample_09719,jwt,T1.3,encoding,1,yaml,0,0,0,0,0
sample_09720,jwt,T1.3,encoding,1,yaml,0,0,0,0,0
sample_09721,jwt,T1.4,encoding,1,python,0,1,0,1,0
sample_09722,jwt,T1.4,encoding,1,python,0,1,0,1,0
sample_09723,jwt,T1.4,encoding,1,python,0,1,0,1,0
sample_09724,jwt,T1.4,encoding,1,python,0,1,0,1,0
sample_09725,jwt,T1.4,encoding,1,python,0,1,0,1,0
sample_09726,jwt,T1.4,encoding,1,python,0,1,0,1,0
sample_09727,jwt,T1.4,encoding,1,python,0,1,0,1,0
sample_09728,jwt,T1.4,encoding,1,python,0,1,0,1,0
sample_09729,jwt,T1.4,encoding,1,python,0,1,0,1,0
sample_09730,jwt,T1.4,encoding,1,python,0,1,0,1,0
sample_09731,jwt,T1.4,encoding,1,python,0,1,0,1,0
sample_09732,jwt,T1.4,encoding,1,python,0,1,0,1,0
sample_09733,jwt,T1.4,encoding,1,python,0,1,0,1,0
sample_09734,jwt,T1.4,encoding,1,python,0,1,0,1,0
sample_09735,jwt,T1.4,encoding,1,python,0,1,0,1,0
sample_09736,jwt,T1.4,encoding,1,python,0,1,0,1,0
sample_09737,jwt,T1.4,encoding,1,python,0,1,0,1,0
sample_09738,jwt,T1.4,encoding,1,python,0,1,0,1,0
sample_09739,jwt,T1.4,encoding,1,python,0,1,0,1,0
sample_09740,jwt,T1.4,encoding,1,python,0,1,0,1,0
sample_09741,jwt,T1.4,encoding,1,python,0,1,0,1,0
sample_09742,jwt,T1.4,encoding,1,python,0,1,0,1,0
sample_09743,jwt,T1.4,encoding,1,python,0,1,0,1,0
sample_09744,jwt,T1.4,encoding,1,python,0,1,0,1,0
sample_09745,jwt,T1.4,encoding,1,python,0,1,0,1,0
sample_09746,jwt,T1.4,encoding,1,python,0,1,0,1,0
sample_09747,jwt,T1.4,encoding,1,python,0,1,0,1,0
sample_09748,jwt,T1.4,encoding,1,python,0,1,0,1,0
sample_09749,jwt,T1.4,encoding,1,python,0,1,0,1,0
sample_09750,jwt,T1.4,encoding,1,python,0,1,0,1,0
sample_09751,jwt,T1.4,encoding,1,dotenv,0,1,0,1,0
sample_09752,jwt,T1.4,encoding,1,dotenv,0,1,0,1,0
sample_09753,jwt,T1.4,encoding,1,dotenv,0,1,0,1,0
sample_09754,jwt,T1.4,encoding,1,dotenv,0,1,0,1,0
sample_09755,jwt,T1.4,encoding,1,dotenv,0,1,0,1,0
sample_09756,jwt,T1.4,encoding,1,dotenv,0,1,0,1,0
sample_09757,jwt,T1.4,encoding,1,dotenv,0,1,0,1,0
sample_09758,jwt,T1.4,encoding,1,dotenv,0,1,0,1,0
sample_09759,jwt,T1.4,encoding,1,dotenv,0,1,0,1,0
sample_09760,jwt,T1.4,encoding,1,dotenv,0,1,0,1,0
sample_09761,jwt,T1.4,encoding,1,dotenv,0,1,0,1,0
sample_09762,jwt,T1.4,encoding,1,dotenv,0,1,0,1,0
sample_09763,jwt,T1.4,encoding,1,dotenv,0,1,0,1,0
sample_09764,jwt,T1.4,encoding,1,dotenv,0,1,0,1,0
sample_09765,jwt,T1.4,encoding,1,dotenv,0,1,0,1,0
sample_09766,jwt,T1.4,encoding,1,dotenv,0,1,0,1,0
sample_09767,jwt,T1.4,encoding,1,dotenv,0,1,0,1,0
sample_09768,jwt,T1.4,encoding,1,dotenv,0,1,0,1,0
sample_09769,jwt,T1.4,encoding,1,dotenv,0,1,0,1,0
sample_09770,jwt,T1.4,encoding,1,dotenv,0,1,0,1,0
sample_09771,jwt,T1.4,encoding,1,dotenv,0,1,0,1,0
sample_09772,jwt,T1.4,encoding,1,dotenv,0,1,0,1,0
sample_09773,jwt,T1.4,encoding,1,dotenv,0,1,0,1,0
sample_09774,jwt,T1.4,encoding,1,dotenv,0,1,0,1,0
sample_09775,jwt,T1.4,encoding,1,dotenv,0,1,0,1,0
sample_09776,jwt,T1.4,encoding,1,dotenv,0,1,0,1,0
sample_09777,jwt,T1.4,encoding,1,dotenv,0,1,0,1,0
sample_09778,jwt,T1.4,encoding,1,dotenv,0,1,0,1,0
sample_09779,jwt,T1.4,encoding,1,dotenv,0,1,0,1,0
sample_09780,jwt,T1.4,encoding,1,dotenv,0,1,0,1,0
sample_09781,jwt,T1.4,encoding,1,yaml,0,1,0,1,0
sample_09782,jwt,T1.4,encoding,1,yaml,0,1,0,1,0
sample_09783,jwt,T1.4,encoding,1,yaml,0,1,0,1,0
sample_09784,jwt,T1.4,encoding,1,yaml,0,1,0,1,0
sample_09785,jwt,T1.4,encoding,1,yaml,0,1,0,1,0
sample_09786,jwt,T1.4,encoding,1,yaml,0,1,0,1,0
sample_09787,jwt,T1.4,encoding,1,yaml,0,1,0,1,0
sample_09788,jwt,T1.4,encoding,1,yaml,0,1,0,1,0
sample_09789,jwt,T1.4,encoding,1,yaml,0,1,0,1,0
sample_09790,jwt,T1.4,encoding,1,yaml,0,1,0,1,0
sample_09791,jwt,T1.4,encoding,1,yaml,0,1,0,1,0
sample_09792,jwt,T1.4,encoding,1,yaml,0,1,0,1,0
sample_09793,jwt,T1.4,encoding,1,yaml,0,1,0,1,0
sample_09794,jwt,T1.4,encoding,1,yaml,0,1,0,1,0
sample_09795,jwt,T1.4,encoding,1,yaml,0,1,0,1,0
sample_09796,jwt,T1.4,encoding,1,yaml,0,1,0,1,0
sample_09797,jwt,T1.4,encoding,1,yaml,0,1,0,1,0
sample_09798,jwt,T1.4,encoding,1,yaml,0,1,0,1,0
sample_09799,jwt,T1.4,encoding,1,yaml,0,1,0,1,0
sample_09800,jwt,T1.4,encoding,1,yaml,0,1,0,1,0
sample_09801,jwt,T1.4,encoding,1,yaml,0,1,0,1,0
sample_09802,jwt,T1.4,encoding,1,yaml,0,1,0,1,0
sample_09803,jwt,T1.4,encoding,1,yaml,0,1,0,1,0
sample_09804,jwt,T1.4,encoding,1,yaml,0,1,0,1,0
sample_09805,jwt,T1.4,encoding,1,yaml,0,1,0,1,0
sample_09806,jwt,T1.4,encoding,1,yaml,0,1,0,1,0
sample_09807,jwt,T1.4,encoding,1,yaml,0,1,0,1,0
sample_09808,jwt,T1.4,encoding,1,yaml,0,1,0,1,0
sample_09809,jwt,T1.4,encoding,1,yaml,0,1,0,1,0
sample_09810,jwt,T1.4,encoding,1,yaml,0,1,0,1,0
sample_09811,jwt,T1.5,encoding,1,python,1,1,1,1,0
sample_09812,jwt,T1.5,encoding,1,python,1,1,1,1,0
sample_09813,jwt,T1.5,encoding,1,python,1,1,1,1,0
sample_09814,jwt,T1.5,encoding,1,python,1,1,1,1,0
sample_09815,jwt,T1.5,encoding,1,python,1,1,1,1,0
sample_09816,jwt,T1.5,encoding,1,python,1,1,1,1,0
sample_09817,jwt,T1.5,encoding,1,python,1,1,1,1,0
sample_09818,jwt,T1.5,encoding,1,python,1,1,1,1,0
sample_09819,jwt,T1.5,encoding,1,python,1,1,1,1,0
sample_09820,jwt,T1.5,encoding,1,python,1,1,1,1,0
sample_09821,jwt,T1.5,encoding,1,python,1,1,1,1,0
sample_09822,jwt,T1.5,encoding,1,python,1,1,1,1,0
sample_09823,jwt,T1.5,encoding,1,python,1,1,1,1,0
sample_09824,jwt,T1.5,encoding,1,python,1,1,1,1,0
sample_09825,jwt,T1.5,encoding,1,python,1,1,1,1,0
sample_09826,jwt,T1.5,encoding,1,python,1,1,1,1,0
sample_09827,jwt,T1.5,encoding,1,python,1,1,1,1,0
sample_09828,jwt,T1.5,encoding,1,python,1,1,1,1,0
sample_09829,jwt,T1.5,encoding,1,python,1,1,1,1,0
sample_09830,jwt,T1.5,encoding,1,python,1,1,1,1,0
sample_09831,jwt,T1.5,encoding,1,python,1,1,1,1,0
sample_09832,jwt,T1.5,encoding,1,python,1,1,1,1,0
sample_09833,jwt,T1.5,encoding,1,python,1,1,1,1,0
sample_09834,jwt,T1.5,encoding,1,python,1,1,1,1,0
sample_09835,jwt,T1.5,encoding,1,python,1,1,1,1,0
sample_09836,jwt,T1.5,encoding,1,python,1,1,1,1,0
sample_09837,jwt,T1.5,encoding,1,python,1,1,1,1,0
sample_09838,jwt,T1.5,encoding,1,python,1,1,1,1,0
sample_09839,jwt,T1.5,encoding,1,python,1,1,1,1,0
sample_09840,jwt,T1.5,encoding,1,python,1,1,1,1,0
sample_09841,jwt,T1.5,encoding,1,dotenv,1,1,1,1,0
sample_09842,jwt,T1.5,encoding,1,dotenv,1,1,1,1,0
sample_09843,jwt,T1.5,encoding,1,dotenv,1,1,1,1,0
sample_09844,jwt,T1.5,encoding,1,dotenv,1,1,1,1,0
sample_09845,jwt,T1.5,encoding,1,dotenv,1,1,1,1,0
sample_09846,jwt,T1.5,encoding,1,dotenv,1,1,1,1,0
sample_09847,jwt,T1.5,encoding,1,dotenv,1,1,1,1,0
sample_09848,jwt,T1.5,encoding,1,dotenv,1,1,1,1,0
sample_09849,jwt,T1.5,encoding,1,dotenv,1,1,1,1,0
sample_09850,jwt,T1.5,encoding,1,dotenv,1,1,1,1,0
sample_09851,jwt,T1.5,encoding,1,dotenv,1,1,1,1,0
sample_09852,jwt,T1.5,encoding,1,dotenv,1,1,1,1,0
sample_09853,jwt,T1.5,encoding,1,dotenv,1,1,1,1,0
sample_09854,jwt,T1.5,encoding,1,dotenv,1,1,1,1,0
sample_09855,jwt,T1.5,encoding,1,dotenv,1,1,1,1,0
sample_09856,jwt,T1.5,encoding,1,dotenv,1,1,1,1,0
sample_09857,jwt,T1.5,encoding,1,dotenv,1,1,1,1,0
sample_09858,jwt,T1.5,encoding,1,dotenv,1,1,1,1,0
sample_09859,jwt,T1.5,encoding,1,dotenv,1,1,1,1,0
sample_09860,jwt,T1.5,encoding,1,dotenv,1,1,1,1,0
sample_09861,jwt,T1.5,encoding,1,dotenv,1,1,1,1,0
sample_09862,jwt,T1.5,encoding,1,dotenv,1,1,1,1,0
sample_09863,jwt,T1.5,encoding,1,dotenv,1,1,1,1,0
sample_09864,jwt,T1.5,encoding,1,dotenv,1,1,1,1,0
sample_09865,jwt,T1.5,encoding,1,dotenv,1,1,1,1,0
sample_09866,jwt,T1.5,encoding,1,dotenv,1,1,1,1,0
sample_09867,jwt,T1.5,encoding,1,dotenv,1,1,1,1,0
sample_09868,jwt,T1.5,encoding,1,dotenv,1,1,1,1,0
sample_09869,jwt,T1.5,encoding,1,dotenv,1,1,1,1,0
sample_09870,jwt,T1.5,encoding,1,dotenv,1,1,1,1,0
sample_09871,jwt,T1.5,encoding,1,yaml,1,1,1,1,0
sample_09872,jwt,T1.5,encoding,1,yaml,1,1,1,1,0
sample_09873,jwt,T1.5,encoding,1,yaml,1,1,1,1,0
sample_09874,jwt,T1.5,encoding,1,yaml,1,1,1,1,0
sample_09875,jwt,T1.5,encoding,1,yaml,1,1,1,1,0
sample_09876,jwt,T1.5,encoding,1,yaml,1,1,1,1,0
sample_09877,jwt,T1.5,encoding,1,yaml,1,1,1,1,0
sample_09878,jwt,T1.5,encoding,1,yaml,1,1,1,1,0
sample_09879,jwt,T1.5,encoding,1,yaml,1,1,1,1,0
sample_09880,jwt,T1.5,encoding,1,yaml,1,1,1,1,0
sample_09881,jwt,T1.5,encoding,1,yaml,1,1,1,1,0
sample_09882,jwt,T1.5,encoding,1,yaml,1,1,1,1,0
sample_09883,jwt,T1.5,encoding,1,yaml,1,1,1,1,0
sample_09884,jwt,T1.5,encoding,1,yaml,1,1,1,1,0
sample_09885,jwt,T1.5,encoding,1,yaml,1,1,1,1,0
sample_09886,jwt,T1.5,encoding,1,yaml,1,1,1,1,0
sample_09887,jwt,T1.5,encoding,1,yaml,1,1,1,1,0
sample_09888,jwt,T1.5,encoding,1,yaml,1,1,1,1,0
sample_09889,jwt,T1.5,encoding,1,yaml,1,1,1,1,0
sample_09890,jwt,T1.5,encoding,1,yaml,1,1,1,1,0
sample_09891,jwt,T1.5,encoding,1,yaml,1,1,1,1,0
sample_09892,jwt,T1.5,encoding,1,yaml,1,1,1,1,0
sample_09893,jwt,T1.5,encoding,1,yaml,1,1,1,1,0
sample_09894,jwt,T1.5,encoding,1,yaml,1,1,1,1,0
sample_09895,jwt,T1.5,encoding,1,yaml,1,1,1,1,0
sample_09896,jwt,T1.5,encoding,1,yaml,1,1,1,1,0
sample_09897,jwt,T1.5,encoding,1,yaml,1,1,1,1,0
sample_09898,jwt,T1.5,encoding,1,yaml,1,1,1,1,0
sample_09899,jwt,T1.5,encoding,1,yaml,1,1,1,1,0
sample_09900,jwt,T1.5,encoding,1,yaml,1,1,1,1,0
sample_09901,jwt,T1.6,encoding,1,python,0,0,0,0,0
sample_09902,jwt,T1.6,encoding,1,python,0,0,0,0,0
sample_09903,jwt,T1.6,encoding,1,python,0,0,0,0,0
sample_09904,jwt,T1.6,encoding,1,python,0,0,0,0,0
sample_09905,jwt,T1.6,encoding,1,python,0,0,0,0,0
sample_09906,jwt,T1.6,encoding,1,python,0,0,0,0,0
sample_09907,jwt,T1.6,encoding,1,python,0,0,0,0,0
sample_09908,jwt,T1.6,encoding,1,python,0,0,0,0,0
sample_09909,jwt,T1.6,encoding,1,python,0,0,0,0,0
sample_09910,jwt,T1.6,encoding,1,python,0,0,0,0,0
sample_09911,jwt,T1.6,encoding,1,python,0,0,0,0,0
sample_09912,jwt,T1.6,encoding,1,python,0,0,0,0,0
sample_09913,jwt,T1.6,encoding,1,python,0,0,0,0,0
sample_09914,jwt,T1.6,encoding,1,python,0,0,0,0,0
sample_09915,jwt,T1.6,encoding,1,python,0,0,0,0,0
sample_09916,jwt,T1.6,encoding,1,python,0,0,0,0,0
sample_09917,jwt,T1.6,encoding,1,python,0,0,0,0,0
sample_09918,jwt,T1.6,encoding,1,python,0,0,0,0,0
sample_09919,jwt,T1.6,encoding,1,python,0,0,0,0,0
sample_09920,jwt,T1.6,encoding,1,python,0,0,0,0,0
sample_09921,jwt,T1.6,encoding,1,python,0,0,0,0,0
sample_09922,jwt,T1.6,encoding,1,python,0,0,0,0,0
sample_09923,jwt,T1.6,encoding,1,python,0,0,0,0,0
sample_09924,jwt,T1.6,encoding,1,python,0,0,0,0,0
sample_09925,jwt,T1.6,encoding,1,python,0,0,0,0,0
sample_09926,jwt,T1.6,encoding,1,python,0,0,0,0,0
sample_09927,jwt,T1.6,encoding,1,python,0,0,0,0,0
sample_09928,jwt,T1.6,encoding,1,python,0,0,0,0,0
sample_09929,jwt,T1.6,encoding,1,python,0,0,0,0,0
sample_09930,jwt,T1.6,encoding,1,python,0,0,0,0,0
sample_09931,jwt,T1.6,encoding,1,dotenv,0,0,0,0,0
sample_09932,jwt,T1.6,encoding,1,dotenv,0,0,0,0,0
sample_09933,jwt,T1.6,encoding,1,dotenv,0,0,0,0,0
sample_09934,jwt,T1.6,encoding,1,dotenv,0,0,0,0,0
sample_09935,jwt,T1.6,encoding,1,dotenv,0,0,0,0,0
sample_09936,jwt,T1.6,encoding,1,dotenv,0,0,0,0,0
sample_09937,jwt,T1.6,encoding,1,dotenv,0,0,0,0,0
sample_09938,jwt,T1.6,encoding,1,dotenv,0,0,0,0,0
sample_09939,jwt,T1.6,encoding,1,dotenv,0,0,0,0,0
sample_09940,jwt,T1.6,encoding,1,dotenv,0,0,0,0,0
sample_09941,jwt,T1.6,encoding,1,dotenv,0,0,0,0,0
sample_09942,jwt,T1.6,encoding,1,dotenv,0,0,0,0,0
sample_09943,jwt,T1.6,encoding,1,dotenv,0,0,0,0,0
sample_09944,jwt,T1.6,encoding,1,dotenv,0,0,0,0,0
sample_09945,jwt,T1.6,encoding,1,dotenv,0,0,0,0,0
sample_09946,jwt,T1.6,encoding,1,dotenv,0,0,0,0,0
sample_09947,jwt,T1.6,encoding,1,dotenv,0,0,0,0,0
sample_09948,jwt,T1.6,encoding,1,dotenv,0,0,0,0,0
sample_09949,jwt,T1.6,encoding,1,dotenv,0,0,0,0,0
sample_09950,jwt,T1.6,encoding,1,dotenv,0,0,0,0,0
sample_09951,jwt,T1.6,encoding,1,dotenv,0,0,0,0,0
sample_09952,jwt,T1.6,encoding,1,dotenv,0,0,0,0,0
sample_09953,jwt,T1.6,encoding,1,dotenv,0,0,0,0,0
sample_09954,jwt,T1.6,encoding,1,dotenv,0,0,0,0,0
sample_09955,jwt,T1.6,encoding,1,dotenv,0,0,0,0,0
sample_09956,jwt,T1.6,encoding,1,dotenv,0,0,0,0,0
sample_09957,jwt,T1.6,encoding,1,dotenv,0,0,0,0,0
sample_09958,jwt,T1.6,encoding,1,dotenv,0,0,0,0,0
sample_09959,jwt,T1.6,encoding,1,dotenv,0,0,0,0,0
sample_09960,jwt,T1.6,encoding,1,dotenv,0,0,0,0,0
sample_09961,jwt,T1.6,encoding,1,yaml,0,0,0,0,0
sample_09962,jwt,T1.6,encoding,1,yaml,0,0,0,0,0
sample_09963,jwt,T1.6,encoding,1,yaml,0,0,0,0,0
sample_09964,jwt,T1.6,encoding,1,yaml,0,0,0,0,0
sample_09965,jwt,T1.6,encoding,1,yaml,0,0,0,0,0
sample_09966,jwt,T1.6,encoding,1,yaml,0,0,0,0,0
sample_09967,jwt,T1.6,encoding,1,yaml,0,0,0,0,0
sample_09968,jwt,T1.6,encoding,1,yaml,0,0,0,0,0
sample_09969,jwt,T1.6,encoding,1,yaml,0,0,0,0,0
sample_09970,jwt,T1.6,encoding,1,yaml,0,0,0,0,0
sample_09971,jwt,T1.6,encoding,1,yaml,0,0,0,0,0
sample_09972,jwt,T1.6,encoding,1,yaml,0,0,0,0,0
sample_09973,jwt,T1.6,encoding,1,yaml,0,0,0,0,0
sample_09974,jwt,T1.6,encoding,1,yaml,0,0,0,0,0
sample_09975,jwt,T1.6,encoding,1,yaml,0,0,0,0,0
sample_09976,jwt,T1.6,encoding,1,yaml,0,0,0,0,0
sample_09977,jwt,T1.6,encoding,1,yaml,0,0,0,0,0
sample_09978,jwt,T1.6,encoding,1,yaml,0,0,0,0,0
sample_09979,jwt,T1.6,encoding,1,yaml,0,0,0,0,0
sample_09980,jwt,T1.6,encoding,1,yaml,0,0,0,0,0
sample_09981,jwt,T1.6,encoding,1,yaml,0,0,0,0,0
sample_09982,jwt,T1.6,encoding,1,yaml,0,0,0,0,0
sample_09983,jwt,T1.6,encoding,1,yaml,0,0,0,0,0
sample_09984,jwt,T1.6,encoding,1,yaml,0,0,0,0,0
sample_09985,jwt,T1.6,encoding,1,yaml,0,0,0,0,0
sample_09986,jwt,T1.6,encoding,1,yaml,0,0,0,0,0
sample_09987,jwt,T1.6,encoding,1,yaml,0,0,0,0,0
sample_09988,jwt,T1.6,encoding,1,yaml,0,0,0,0,0
sample_09989,jwt,T1.6,encoding,1,yaml,0,0,0,0,0
sample_09990,jwt,T1.6,encoding,1,yaml,0,0,0,0,0
sample_09991,jwt,T1.7,encoding,1,python,0,0,0,0,0
sample_09992,jwt,T1.7,encoding,1,python,0,0,0,0,0
sample_09993,jwt,T1.7,encoding,1,python,0,0,0,0,0
sample_09994,jwt,T1.7,encoding,1,python,0,0,0,0,0
sample_09995,jwt,T1.7,encoding,1,python,0,0,0,0,0
sample_09996,jwt,T1.7,encoding,1,python,0,0,0,0,0
sample_09997,jwt,T1.7,encoding,1,python,0,0,0,0,0
sample_09998,jwt,T1.7,encoding,1,python,0,0,0,0,0
sample_09999,jwt,T1.7,encoding,1,python,0,0,0,0,0
sample_10000,jwt,T1.7,encoding,1,python,0,0,0,0,0
sample_10001,jwt,T1.7,encoding,1,python,0,0,0,0,0
sample_10002,jwt,T1.7,encoding,1,python,0,0,0,0,0
sample_10003,jwt,T1.7,encoding,1,python,0,0,0,0,0
sample_10004,jwt,T1.7,encoding,1,python,0,0,0,0,0
sample_10005,jwt,T1.7,encoding,1,python,0,0,0,0,0
sample_10006,jwt,T1.7,encoding,1,python,0,0,0,0,0
sample_10007,jwt,T1.7,encoding,1,python,0,0,0,0,0
sample_10008,jwt,T1.7,encoding,1,python,0,0,0,0,0
sample_10009,jwt,T1.7,encoding,1,python,0,0,0,0,0
sample_10010,jwt,T1.7,encoding,1,python,0,0,0,0,0
sample_10011,jwt,T1.7,encoding,1,python,0,0,0,0,0
sample_10012,jwt,T1.7,encoding,1,python,0,0,0,0,0
sample_10013,jwt,T1.7,encoding,1,python,0,0,0,0,0
sample_10014,jwt,T1.7,encoding,1,python,0,0,0,0,0
sample_10015,jwt,T1.7,encoding,1,python,0,0,0,0,0
sample_10016,jwt,T1.7,encoding,1,python,0,0,0,0,0
sample_10017,jwt,T1.7,encoding,1,python,0,0,0,0,0
sample_10018,jwt,T1.7,encoding,1,python,0,0,0,0,0
sample_10019,jwt,T1.7,encoding,1,python,0,0,0,0,0
sample_10020,jwt,T1.7,encoding,1,python,0,0,0,0,0
sample_10021,jwt,T1.7,encoding,1,dotenv,0,0,0,0,0
sample_10022,jwt,T1.7,encoding,1,dotenv,0,0,0,0,0
sample_10023,jwt,T1.7,encoding,1,dotenv,0,0,0,0,0
sample_10024,jwt,T1.7,encoding,1,dotenv,0,0,0,0,0
sample_10025,jwt,T1.7,encoding,1,dotenv,0,0,0,0,0
sample_10026,jwt,T1.7,encoding,1,dotenv,0,0,0,0,0
sample_10027,jwt,T1.7,encoding,1,dotenv,0,0,0,0,0
sample_10028,jwt,T1.7,encoding,1,dotenv,0,0,0,0,0
sample_10029,jwt,T1.7,encoding,1,dotenv,0,0,0,0,0
sample_10030,jwt,T1.7,encoding,1,dotenv,0,0,0,0,0
sample_10031,jwt,T1.7,encoding,1,dotenv,0,0,0,0,0
sample_10032,jwt,T1.7,encoding,1,dotenv,0,0,0,0,0
sample_10033,jwt,T1.7,encoding,1,dotenv,0,0,0,0,0
sample_10034,jwt,T1.7,encoding,1,dotenv,0,0,0,0,0
sample_10035,jwt,T1.7,encoding,1,dotenv,0,0,0,0,0
sample_10036,jwt,T1.7,encoding,1,dotenv,0,0,0,0,0
sample_10037,jwt,T1.7,encoding,1,dotenv,0,0,0,0,0
sample_10038,jwt,T1.7,encoding,1,dotenv,0,0,0,0,0
sample_10039,jwt,T1.7,encoding,1,dotenv,0,0,0,0,0
sample_10040,jwt,T1.7,encoding,1,dotenv,0,0,0,0,0
sample_10041,jwt,T1.7,encoding,1,dotenv,0,0,0,0,0
sample_10042,jwt,T1.7,encoding,1,dotenv,0,0,0,0,0
sample_10043,jwt,T1.7,encoding,1,dotenv,0,0,0,0,0
sample_10044,jwt,T1.7,encoding,1,dotenv,0,0,0,0,0
sample_10045,jwt,T1.7,encoding,1,dotenv,0,0,0,0,0
sample_10046,jwt,T1.7,encoding,1,dotenv,0,0,0,0,0
sample_10047,jwt,T1.7,encoding,1,dotenv,0,0,0,0,0
sample_10048,jwt,T1.7,encoding,1,dotenv,0,0,0,0,0
sample_10049,jwt,T1.7,encoding,1,dotenv,0,0,0,0,0
sample_10050,jwt,T1.7,encoding,1,dotenv,0,0,0,0,0
sample_10051,jwt,T1.7,encoding,1,yaml,0,0,0,0,0
sample_10052,jwt,T1.7,encoding,1,yaml,0,0,0,0,0
sample_10053,jwt,T1.7,encoding,1,yaml,0,0,0,0,0
sample_10054,jwt,T1.7,encoding,1,yaml,0,0,0,0,0
sample_10055,jwt,T1.7,encoding,1,yaml,0,0,0,0,0
sample_10056,jwt,T1.7,encoding,1,yaml,0,0,0,0,0
sample_10057,jwt,T1.7,encoding,1,yaml,0,0,0,0,0
sample_10058,jwt,T1.7,encoding,1,yaml,0,0,0,0,0
sample_10059,jwt,T1.7,encoding,1,yaml,0,0,0,0,0
sample_10060,jwt,T1.7,encoding,1,yaml,0,0,0,0,0
sample_10061,jwt,T1.7,encoding,1,yaml,0,0,0,0,0
sample_10062,jwt,T1.7,encoding,1,yaml,0,0,0,0,0
sample_10063,jwt,T1.7,encoding,1,yaml,0,0,0,0,0
sample_10064,jwt,T1.7,encoding,1,yaml,0,0,0,0,0
sample_10065,jwt,T1.7,encoding,1,yaml,0,0,0,0,0
sample_10066,jwt,T1.7,encoding,1,yaml,0,0,0,0,0
sample_10067,jwt,T1.7,encoding,1,yaml,0,0,0,0,0
sample_10068,jwt,T1.7,encoding,1,yaml,0,0,0,0,0
sample_10069,jwt,T1.7,encoding,1,yaml,0,0,0,0,0
sample_10070,jwt,T1.7,encoding,1,yaml,0,0,0,0,0
sample_10071,jwt,T1.7,encoding,1,yaml,0,0,0,0,0
sample_10072,jwt,T1.7,encoding,1,yaml,0,0,0,0,0
sample_10073,jwt,T1.7,encoding,1,yaml,0,0,0,0,0
sample_10074,jwt,T1.7,encoding,1,yaml,0,0,0,0,0
sample_10075,jwt,T1.7,encoding,1,yaml,0,0,0,0,0
sample_10076,jwt,T1.7,encoding,1,yaml,0,0,0,0,0
sample_10077,jwt,T1.7,encoding,1,yaml,0,0,0,0,0
sample_10078,jwt,T1.7,encoding,1,yaml,0,0,0,0,0
sample_10079,jwt,T1.7,encoding,1,yaml,0,0,0,0,0
sample_10080,jwt,T1.7,encoding,1,yaml,0,0,0,0,0
sample_10081,jwt,T2.1,multi_encoding,2,python,0,1,0,1,0
sample_10082,jwt,T2.1,multi_encoding,2,python,0,1,0,1,0
sample_10083,jwt,T2.1,multi_encoding,2,python,0,1,0,1,0
sample_10084,jwt,T2.1,multi_encoding,2,python,0,1,0,1,0
sample_10085,jwt,T2.1,multi_encoding,2,python,0,1,0,1,0
sample_10086,jwt,T2.1,multi_encoding,2,python,0,1,0,1,0
sample_10087,jwt,T2.1,multi_encoding,2,python,0,1,0,1,0
sample_10088,jwt,T2.1,multi_encoding,2,python,0,1,0,1,0
sample_10089,jwt,T2.1,multi_encoding,2,python,0,1,0,1,0
sample_10090,jwt,T2.1,multi_encoding,2,python,0,1,0,1,0
sample_10091,jwt,T2.1,multi_encoding,2,python,0,1,0,1,0
sample_10092,jwt,T2.1,multi_encoding,2,python,0,1,0,1,0
sample_10093,jwt,T2.1,multi_encoding,2,python,0,1,0,1,0
sample_10094,jwt,T2.1,multi_encoding,2,python,0,1,0,1,0
sample_10095,jwt,T2.1,multi_encoding,2,python,0,1,0,1,0
sample_10096,jwt,T2.1,multi_encoding,2,python,0,1,0,1,0
sample_10097,jwt,T2.1,multi_encoding,2,python,0,1,0,1,0
sample_10098,jwt,T2.1,multi_encoding,2,python,0,1,0,1,0
sample_10099,jwt,T2.1,multi_encoding,2,python,0,1,0,1,0
sample_10100,jwt,T2.1,multi_encoding,2,python,0,1,0,1,0
sample_10101,jwt,T2.1,multi_encoding,2,python,0,1,0,1,0
sample_10102,jwt,T2.1,multi_encoding,2,python,0,1,0,1,0
sample_10103,jwt,T2.1,multi_encoding,2,python,0,1,0,1,0
sample_10104,jwt,T2.1,multi_encoding,2,python,0,1,0,1,0
sample_10105,jwt,T2.1,multi_encoding,2,python,0,1,0,1,0
sample_10106,jwt,T2.1,multi_encoding,2,python,0,1,0,1,0
sample_10107,jwt,T2.1,multi_encoding,2,python,0,1,0,1,0
sample_10108,jwt,T2.1,multi_encoding,2,python,0,1,0,1,0
sample_10109,jwt,T2.1,multi_encoding,2,python,0,1,0,1,0
sample_10110,jwt,T2.1,multi_encoding,2,python,0,1,0,1,0
sample_10111,jwt,T2.1,multi_encoding,2,dotenv,0,1,0,1,0
sample_10112,jwt,T2.1,multi_encoding,2,dotenv,0,1,0,1,0
sample_10113,jwt,T2.1,multi_encoding,2,dotenv,0,1,0,1,0
sample_10114,jwt,T2.1,multi_encoding,2,dotenv,0,1,0,1,0
sample_10115,jwt,T2.1,multi_encoding,2,dotenv,0,1,0,1,0
sample_10116,jwt,T2.1,multi_encoding,2,dotenv,0,1,0,1,0
sample_10117,jwt,T2.1,multi_encoding,2,dotenv,0,1,0,1,0
sample_10118,jwt,T2.1,multi_encoding,2,dotenv,0,1,0,1,0
sample_10119,jwt,T2.1,multi_encoding,2,dotenv,0,1,0,1,0
sample_10120,jwt,T2.1,multi_encoding,2,dotenv,0,1,0,1,0
sample_10121,jwt,T2.1,multi_encoding,2,dotenv,0,1,0,1,0
sample_10122,jwt,T2.1,multi_encoding,2,dotenv,0,1,0,1,0
sample_10123,jwt,T2.1,multi_encoding,2,dotenv,0,1,0,1,0
sample_10124,jwt,T2.1,multi_encoding,2,dotenv,0,1,0,1,0
sample_10125,jwt,T2.1,multi_encoding,2,dotenv,0,1,0,1,0
sample_10126,jwt,T2.1,multi_encoding,2,dotenv,0,1,0,1,0
sample_10127,jwt,T2.1,multi_encoding,2,dotenv,0,1,0,1,0
sample_10128,jwt,T2.1,multi_encoding,2,dotenv,0,1,0,1,0
sample_10129,jwt,T2.1,multi_encoding,2,dotenv,0,1,0,1,0
sample_10130,jwt,T2.1,multi_encoding,2,dotenv,0,1,0,1,0
sample_10131,jwt,T2.1,multi_encoding,2,dotenv,0,1,0,1,0
sample_10132,jwt,T2.1,multi_encoding,2,dotenv,0,1,0,1,0
sample_10133,jwt,T2.1,multi_encoding,2,dotenv,0,1,0,1,0
sample_10134,jwt,T2.1,multi_encoding,2,dotenv,0,1,0,1,0
sample_10135,jwt,T2.1,multi_encoding,2,dotenv,0,1,0,1,0
sample_10136,jwt,T2.1,multi_encoding,2,dotenv,0,1,0,1,0
sample_10137,jwt,T2.1,multi_encoding,2,dotenv,0,1,0,1,0
sample_10138,jwt,T2.1,multi_encoding,2,dotenv,0,1,0,1,0
sample_10139,jwt,T2.1,multi_encoding,2,dotenv,0,1,0,1,0
sample_10140,jwt,T2.1,multi_encoding,2,dotenv,0,1,0,1,0
sample_10141,jwt,T2.1,multi_encoding,2,yaml,0,1,0,1,0
sample_10142,jwt,T2.1,multi_encoding,2,yaml,0,1,0,1,0
sample_10143,jwt,T2.1,multi_encoding,2,yaml,0,1,0,1,0
sample_10144,jwt,T2.1,multi_encoding,2,yaml,0,1,0,1,0
sample_10145,jwt,T2.1,multi_encoding,2,yaml,0,1,0,1,0
sample_10146,jwt,T2.1,multi_encoding,2,yaml,0,1,0,1,0
sample_10147,jwt,T2.1,multi_encoding,2,yaml,0,1,0,1,0
sample_10148,jwt,T2.1,multi_encoding,2,yaml,0,1,0,1,0
sample_10149,jwt,T2.1,multi_encoding,2,yaml,0,1,0,1,0
sample_10150,jwt,T2.1,multi_encoding,2,yaml,0,1,0,1,0
sample_10151,jwt,T2.1,multi_encoding,2,yaml,0,1,0,1,0
sample_10152,jwt,T2.1,multi_encoding,2,yaml,0,1,0,1,0
sample_10153,jwt,T2.1,multi_encoding,2,yaml,0,1,0,1,0
sample_10154,jwt,T2.1,multi_encoding,2,yaml,0,1,0,1,0
sample_10155,jwt,T2.1,multi_encoding,2,yaml,0,1,0,1,0
sample_10156,jwt,T2.1,multi_encoding,2,yaml,0,1,0,1,0
sample_10157,jwt,T2.1,multi_encoding,2,yaml,0,1,0,1,0
sample_10158,jwt,T2.1,multi_encoding,2,yaml,0,1,0,1,0
sample_10159,jwt,T2.1,multi_encoding,2,yaml,0,1,0,1,0
sample_10160,jwt,T2.1,multi_encoding,2,yaml,0,1,0,1,0
sample_10161,jwt,T2.1,multi_encoding,2,yaml,0,1,0,1,0
sample_10162,jwt,T2.1,multi_encoding,2,yaml,0,1,0,1,0
sample_10163,jwt,T2.1,multi_encoding,2,yaml,0,1,0,1,0
sample_10164,jwt,T2.1,multi_encoding,2,yaml,0,1,0,1,0
sample_10165,jwt,T2.1,multi_encoding,2,yaml,0,1,0,1,0
sample_10166,jwt,T2.1,multi_encoding,2,yaml,0,1,0,1,0
sample_10167,jwt,T2.1,multi_encoding,2,yaml,0,1,0,1,0
sample_10168,jwt,T2.1,multi_encoding,2,yaml,0,1,0,1,0
sample_10169,jwt,T2.1,multi_encoding,2,yaml,0,1,0,1,0
sample_10170,jwt,T2.1,multi_encoding,2,yaml,0,1,0,1,0
sample_10171,jwt,T2.2,multi_encoding,3,python,0,1,0,1,0
sample_10172,jwt,T2.2,multi_encoding,3,python,0,1,0,1,0
sample_10173,jwt,T2.2,multi_encoding,3,python,0,1,0,1,0
sample_10174,jwt,T2.2,multi_encoding,3,python,0,1,0,1,0
sample_10175,jwt,T2.2,multi_encoding,3,python,0,1,0,1,0
sample_10176,jwt,T2.2,multi_encoding,3,python,0,1,0,1,0
sample_10177,jwt,T2.2,multi_encoding,3,python,0,1,0,1,0
sample_10178,jwt,T2.2,multi_encoding,3,python,0,1,0,1,0
sample_10179,jwt,T2.2,multi_encoding,3,python,0,1,0,1,0
sample_10180,jwt,T2.2,multi_encoding,3,python,0,1,0,1,0
sample_10181,jwt,T2.2,multi_encoding,3,python,0,1,0,1,0
sample_10182,jwt,T2.2,multi_encoding,3,python,0,1,0,1,0
sample_10183,jwt,T2.2,multi_encoding,3,python,0,1,0,1,0
sample_10184,jwt,T2.2,multi_encoding,3,python,0,1,0,1,0
sample_10185,jwt,T2.2,multi_encoding,3,python,0,1,0,1,0
sample_10186,jwt,T2.2,multi_encoding,3,python,0,1,0,1,0
sample_10187,jwt,T2.2,multi_encoding,3,python,0,1,0,1,0
sample_10188,jwt,T2.2,multi_encoding,3,python,0,1,0,1,0
sample_10189,jwt,T2.2,multi_encoding,3,python,0,1,0,1,0
sample_10190,jwt,T2.2,multi_encoding,3,python,0,1,0,1,0
sample_10191,jwt,T2.2,multi_encoding,3,python,0,1,0,1,0
sample_10192,jwt,T2.2,multi_encoding,3,python,0,1,0,1,0
sample_10193,jwt,T2.2,multi_encoding,3,python,0,1,0,1,0
sample_10194,jwt,T2.2,multi_encoding,3,python,0,1,0,1,0
sample_10195,jwt,T2.2,multi_encoding,3,python,0,1,0,1,0
sample_10196,jwt,T2.2,multi_encoding,3,python,0,1,0,1,0
sample_10197,jwt,T2.2,multi_encoding,3,python,0,1,0,1,0
sample_10198,jwt,T2.2,multi_encoding,3,python,0,1,0,1,0
sample_10199,jwt,T2.2,multi_encoding,3,python,0,1,0,1,0
sample_10200,jwt,T2.2,multi_encoding,3,python,0,1,0,1,0
sample_10201,jwt,T2.2,multi_encoding,3,dotenv,0,1,0,1,0
sample_10202,jwt,T2.2,multi_encoding,3,dotenv,0,1,0,1,0
sample_10203,jwt,T2.2,multi_encoding,3,dotenv,0,1,0,1,0
sample_10204,jwt,T2.2,multi_encoding,3,dotenv,0,1,0,1,0
sample_10205,jwt,T2.2,multi_encoding,3,dotenv,0,1,0,1,0
sample_10206,jwt,T2.2,multi_encoding,3,dotenv,0,1,0,1,0
sample_10207,jwt,T2.2,multi_encoding,3,dotenv,0,1,0,1,0
sample_10208,jwt,T2.2,multi_encoding,3,dotenv,0,1,0,1,0
sample_10209,jwt,T2.2,multi_encoding,3,dotenv,0,1,0,1,0
sample_10210,jwt,T2.2,multi_encoding,3,dotenv,0,1,0,1,0
sample_10211,jwt,T2.2,multi_encoding,3,dotenv,0,1,0,1,0
sample_10212,jwt,T2.2,multi_encoding,3,dotenv,0,1,0,1,0
sample_10213,jwt,T2.2,multi_encoding,3,dotenv,0,1,0,1,0
sample_10214,jwt,T2.2,multi_encoding,3,dotenv,0,1,0,1,0
sample_10215,jwt,T2.2,multi_encoding,3,dotenv,0,1,0,1,0
sample_10216,jwt,T2.2,multi_encoding,3,dotenv,0,1,0,1,0
sample_10217,jwt,T2.2,multi_encoding,3,dotenv,0,1,0,1,0
sample_10218,jwt,T2.2,multi_encoding,3,dotenv,0,1,0,1,0
sample_10219,jwt,T2.2,multi_encoding,3,dotenv,0,1,0,1,0
sample_10220,jwt,T2.2,multi_encoding,3,dotenv,0,1,0,1,0
sample_10221,jwt,T2.2,multi_encoding,3,dotenv,0,1,0,1,0
sample_10222,jwt,T2.2,multi_encoding,3,dotenv,0,1,0,1,0
sample_10223,jwt,T2.2,multi_encoding,3,dotenv,0,1,0,1,0
sample_10224,jwt,T2.2,multi_encoding,3,dotenv,0,1,0,1,0
sample_10225,jwt,T2.2,multi_encoding,3,dotenv,0,1,0,1,0
sample_10226,jwt,T2.2,multi_encoding,3,dotenv,0,1,0,1,0
sample_10227,jwt,T2.2,multi_encoding,3,dotenv,0,1,0,1,0
sample_10228,jwt,T2.2,multi_encoding,3,dotenv,0,1,0,1,0
sample_10229,jwt,T2.2,multi_encoding,3,dotenv,0,1,0,1,0
sample_10230,jwt,T2.2,multi_encoding,3,dotenv,0,1,0,1,0
sample_10231,jwt,T2.2,multi_encoding,3,yaml,0,1,0,1,0
sample_10232,jwt,T2.2,multi_encoding,3,yaml,0,1,0,1,0
sample_10233,jwt,T2.2,multi_encoding,3,yaml,0,1,0,1,0
sample_10234,jwt,T2.2,multi_encoding,3,yaml,0,1,0,1,0
sample_10235,jwt,T2.2,multi_encoding,3,yaml,0,1,0,1,0
sample_10236,jwt,T2.2,multi_encoding,3,yaml,0,1,0,1,0
sample_10237,jwt,T2.2,multi_encoding,3,yaml,0,1,0,1,0
sample_10238,jwt,T2.2,multi_encoding,3,yaml,0,1,0,1,0
sample_10239,jwt,T2.2,multi_encoding,3,yaml,0,1,0,1,0
sample_10240,jwt,T2.2,multi_encoding,3,yaml,0,1,0,1,0
sample_10241,jwt,T2.2,multi_encoding,3,yaml,0,1,0,1,0
sample_10242,jwt,T2.2,multi_encoding,3,yaml,0,1,0,1,0
sample_10243,jwt,T2.2,multi_encoding,3,yaml,0,1,0,1,0
sample_10244,jwt,T2.2,multi_encoding,3,yaml,0,1,0,1,0
sample_10245,jwt,T2.2,multi_encoding,3,yaml,0,1,0,1,0
sample_10246,jwt,T2.2,multi_encoding,3,yaml,0,1,0,1,0
sample_10247,jwt,T2.2,multi_encoding,3,yaml,0,1,0,1,0
sample_10248,jwt,T2.2,multi_encoding,3,yaml,0,1,0,1,0
sample_10249,jwt,T2.2,multi_encoding,3,yaml,0,1,0,1,0
sample_10250,jwt,T2.2,multi_encoding,3,yaml,0,1,0,1,0
sample_10251,jwt,T2.2,multi_encoding,3,yaml,0,1,0,1,0
sample_10252,jwt,T2.2,multi_encoding,3,yaml,0,1,0,1,0
sample_10253,jwt,T2.2,multi_encoding,3,yaml,0,1,0,1,0
sample_10254,jwt,T2.2,multi_encoding,3,yaml,0,1,0,1,0
sample_10255,jwt,T2.2,multi_encoding,3,yaml,0,1,0,1,0
sample_10256,jwt,T2.2,multi_encoding,3,yaml,0,1,0,1,0
sample_10257,jwt,T2.2,multi_encoding,3,yaml,0,1,0,1,0
sample_10258,jwt,T2.2,multi_encoding,3,yaml,0,1,0,1,0
sample_10259,jwt,T2.2,multi_encoding,3,yaml,0,1,0,1,0
sample_10260,jwt,T2.2,multi_encoding,3,yaml,0,1,0,1,0
sample_10261,jwt,T2.3,multi_encoding,2,python,0,1,0,1,0
sample_10262,jwt,T2.3,multi_encoding,2,python,0,1,0,1,0
sample_10263,jwt,T2.3,multi_encoding,2,python,0,1,0,1,0
sample_10264,jwt,T2.3,multi_encoding,2,python,0,1,0,1,0
sample_10265,jwt,T2.3,multi_encoding,2,python,0,1,0,1,0
sample_10266,jwt,T2.3,multi_encoding,2,python,0,1,0,1,0
sample_10267,jwt,T2.3,multi_encoding,2,python,0,1,0,1,0
sample_10268,jwt,T2.3,multi_encoding,2,python,0,1,0,1,0
sample_10269,jwt,T2.3,multi_encoding,2,python,0,1,0,1,0
sample_10270,jwt,T2.3,multi_encoding,2,python,0,1,0,1,0
sample_10271,jwt,T2.3,multi_encoding,2,python,0,1,0,1,0
sample_10272,jwt,T2.3,multi_encoding,2,python,0,1,0,1,0
sample_10273,jwt,T2.3,multi_encoding,2,python,0,1,0,1,0
sample_10274,jwt,T2.3,multi_encoding,2,python,0,1,0,1,0
sample_10275,jwt,T2.3,multi_encoding,2,python,0,1,0,1,0
sample_10276,jwt,T2.3,multi_encoding,2,python,0,1,0,1,0
sample_10277,jwt,T2.3,multi_encoding,2,python,0,1,0,1,0
sample_10278,jwt,T2.3,multi_encoding,2,python,0,1,0,1,0
sample_10279,jwt,T2.3,multi_encoding,2,python,0,1,0,1,0
sample_10280,jwt,T2.3,multi_encoding,2,python,0,1,0,1,0
sample_10281,jwt,T2.3,multi_encoding,2,python,0,1,0,1,0
sample_10282,jwt,T2.3,multi_encoding,2,python,0,1,0,1,0
sample_10283,jwt,T2.3,multi_encoding,2,python,0,1,0,1,0
sample_10284,jwt,T2.3,multi_encoding,2,python,0,1,0,1,0
sample_10285,jwt,T2.3,multi_encoding,2,python,0,1,0,1,0
sample_10286,jwt,T2.3,multi_encoding,2,python,0,1,0,1,0
sample_10287,jwt,T2.3,multi_encoding,2,python,0,1,0,1,0
sample_10288,jwt,T2.3,multi_encoding,2,python,0,1,0,1,0
sample_10289,jwt,T2.3,multi_encoding,2,python,0,1,0,1,0
sample_10290,jwt,T2.3,multi_encoding,2,python,0,1,0,1,0
sample_10291,jwt,T2.3,multi_encoding,2,dotenv,0,1,0,1,0
sample_10292,jwt,T2.3,multi_encoding,2,dotenv,0,1,0,1,0
sample_10293,jwt,T2.3,multi_encoding,2,dotenv,0,1,0,1,0
sample_10294,jwt,T2.3,multi_encoding,2,dotenv,0,1,0,1,0
sample_10295,jwt,T2.3,multi_encoding,2,dotenv,0,1,0,1,0
sample_10296,jwt,T2.3,multi_encoding,2,dotenv,0,1,0,1,0
sample_10297,jwt,T2.3,multi_encoding,2,dotenv,0,1,0,1,0
sample_10298,jwt,T2.3,multi_encoding,2,dotenv,0,1,0,1,0
sample_10299,jwt,T2.3,multi_encoding,2,dotenv,0,1,0,1,0
sample_10300,jwt,T2.3,multi_encoding,2,dotenv,0,1,0,1,0
sample_10301,jwt,T2.3,multi_encoding,2,dotenv,0,1,0,1,0
sample_10302,jwt,T2.3,multi_encoding,2,dotenv,0,1,0,1,0
sample_10303,jwt,T2.3,multi_encoding,2,dotenv,0,1,0,1,0
sample_10304,jwt,T2.3,multi_encoding,2,dotenv,0,1,0,1,0
sample_10305,jwt,T2.3,multi_encoding,2,dotenv,0,1,0,1,0
sample_10306,jwt,T2.3,multi_encoding,2,dotenv,0,1,0,1,0
sample_10307,jwt,T2.3,multi_encoding,2,dotenv,0,1,0,1,0
sample_10308,jwt,T2.3,multi_encoding,2,dotenv,0,1,0,1,0
sample_10309,jwt,T2.3,multi_encoding,2,dotenv,0,1,0,1,0
sample_10310,jwt,T2.3,multi_encoding,2,dotenv,0,1,0,1,0
sample_10311,jwt,T2.3,multi_encoding,2,dotenv,0,1,0,1,0
sample_10312,jwt,T2.3,multi_encoding,2,dotenv,0,1,0,1,0
sample_10313,jwt,T2.3,multi_encoding,2,dotenv,0,1,0,1,0
sample_10314,jwt,T2.3,multi_encoding,2,dotenv,0,1,0,1,0
sample_10315,jwt,T2.3,multi_encoding,2,dotenv,0,1,0,1,0
sample_10316,jwt,T2.3,multi_encoding,2,dotenv,0,1,0,1,0
sample_10317,jwt,T2.3,multi_encoding,2,dotenv,0,1,0,1,0
sample_10318,jwt,T2.3,multi_encoding,2,dotenv,0,1,0,1,0
sample_10319,jwt,T2.3,multi_encoding,2,dotenv,0,1,0,1,0
sample_10320,jwt,T2.3,multi_encoding,2,dotenv,0,1,0,1,0
sample_10321,jwt,T2.3,multi_encoding,2,yaml,0,1,0,1,0
sample_10322,jwt,T2.3,multi_encoding,2,yaml,0,1,0,1,0
sample_10323,jwt,T2.3,multi_encoding,2,yaml,0,1,0,1,0
sample_10324,jwt,T2.3,multi_encoding,2,yaml,0,1,0,1,0
sample_10325,jwt,T2.3,multi_encoding,2,yaml,0,1,0,1,0
sample_10326,jwt,T2.3,multi_encoding,2,yaml,0,1,0,1,0
sample_10327,jwt,T2.3,multi_encoding,2,yaml,0,1,0,1,0
sample_10328,jwt,T2.3,multi_encoding,2,yaml,0,1,0,1,0
sample_10329,jwt,T2.3,multi_encoding,2,yaml,0,1,0,1,0
sample_10330,jwt,T2.3,multi_encoding,2,yaml,0,1,0,1,0
sample_10331,jwt,T2.3,multi_encoding,2,yaml,0,1,0,1,0
sample_10332,jwt,T2.3,multi_encoding,2,yaml,0,1,0,1,0
sample_10333,jwt,T2.3,multi_encoding,2,yaml,0,1,0,1,0
sample_10334,jwt,T2.3,multi_encoding,2,yaml,0,1,0,1,0
sample_10335,jwt,T2.3,multi_encoding,2,yaml,0,1,0,1,0
sample_10336,jwt,T2.3,multi_encoding,2,yaml,0,1,0,1,0
sample_10337,jwt,T2.3,multi_encoding,2,yaml,0,1,0,1,0
sample_10338,jwt,T2.3,multi_encoding,2,yaml,0,1,0,1,0
sample_10339,jwt,T2.3,multi_encoding,2,yaml,0,1,0,1,0
sample_10340,jwt,T2.3,multi_encoding,2,yaml,0,1,0,1,0
sample_10341,jwt,T2.3,multi_encoding,2,yaml,0,1,0,1,0
sample_10342,jwt,T2.3,multi_encoding,2,yaml,0,1,0,1,0
sample_10343,jwt,T2.3,multi_encoding,2,yaml,0,1,0,1,0
sample_10344,jwt,T2.3,multi_encoding,2,yaml,0,1,0,1,0
sample_10345,jwt,T2.3,multi_encoding,2,yaml,0,1,0,1,0
sample_10346,jwt,T2.3,multi_encoding,2,yaml,0,1,0,1,0
sample_10347,jwt,T2.3,multi_encoding,2,yaml,0,1,0,1,0
sample_10348,jwt,T2.3,multi_encoding,2,yaml,0,1,0,1,0
sample_10349,jwt,T2.3,multi_encoding,2,yaml,0,1,0,1,0
sample_10350,jwt,T2.3,multi_encoding,2,yaml,0,1,0,1,0
sample_10351,jwt,T3.1,splitting,1,python,0,0,0,0,0
sample_10352,jwt,T3.1,splitting,1,python,0,0,0,0,0
sample_10353,jwt,T3.1,splitting,1,python,0,0,0,0,0
sample_10354,jwt,T3.1,splitting,1,python,0,0,0,0,0
sample_10355,jwt,T3.1,splitting,1,python,0,0,0,0,0
sample_10356,jwt,T3.1,splitting,1,python,0,0,0,0,0
sample_10357,jwt,T3.1,splitting,1,python,0,0,0,0,0
sample_10358,jwt,T3.1,splitting,1,python,0,0,0,0,0
sample_10359,jwt,T3.1,splitting,1,python,0,0,0,0,0
sample_10360,jwt,T3.1,splitting,1,python,0,0,0,0,0
sample_10361,jwt,T3.1,splitting,1,python,0,0,0,0,0
sample_10362,jwt,T3.1,splitting,1,python,0,0,0,0,0
sample_10363,jwt,T3.1,splitting,1,python,0,0,0,0,0
sample_10364,jwt,T3.1,splitting,1,python,0,0,0,0,0
sample_10365,jwt,T3.1,splitting,1,python,0,0,0,0,0
sample_10366,jwt,T3.1,splitting,1,python,0,0,0,0,0
sample_10367,jwt,T3.1,splitting,1,python,0,0,0,0,0
sample_10368,jwt,T3.1,splitting,1,python,0,0,0,0,0
sample_10369,jwt,T3.1,splitting,1,python,0,0,0,0,0
sample_10370,jwt,T3.1,splitting,1,python,0,0,0,0,0
sample_10371,jwt,T3.1,splitting,1,python,0,0,0,0,0
sample_10372,jwt,T3.1,splitting,1,python,0,0,0,0,0
sample_10373,jwt,T3.1,splitting,1,python,0,0,0,0,0
sample_10374,jwt,T3.1,splitting,1,python,0,0,0,0,0
sample_10375,jwt,T3.1,splitting,1,python,0,0,0,0,0
sample_10376,jwt,T3.1,splitting,1,python,0,0,0,0,0
sample_10377,jwt,T3.1,splitting,1,python,0,0,0,0,0
sample_10378,jwt,T3.1,splitting,1,python,0,0,0,0,0
sample_10379,jwt,T3.1,splitting,1,python,0,0,0,0,0
sample_10380,jwt,T3.1,splitting,1,python,0,0,0,0,0
sample_10381,jwt,T3.2,splitting,1,python,0,0,0,0,0
sample_10382,jwt,T3.2,splitting,1,python,0,0,0,0,0
sample_10383,jwt,T3.2,splitting,1,python,0,0,0,0,0
sample_10384,jwt,T3.2,splitting,1,python,0,0,0,0,0
sample_10385,jwt,T3.2,splitting,1,python,0,0,0,0,0
sample_10386,jwt,T3.2,splitting,1,python,0,0,0,0,0
sample_10387,jwt,T3.2,splitting,1,python,0,0,0,0,0
sample_10388,jwt,T3.2,splitting,1,python,0,0,0,0,0
sample_10389,jwt,T3.2,splitting,1,python,0,0,0,0,0
sample_10390,jwt,T3.2,splitting,1,python,0,0,0,0,0
sample_10391,jwt,T3.2,splitting,1,python,0,0,0,0,0
sample_10392,jwt,T3.2,splitting,1,python,0,0,0,0,0
sample_10393,jwt,T3.2,splitting,1,python,0,0,0,0,0
sample_10394,jwt,T3.2,splitting,1,python,0,0,0,0,0
sample_10395,jwt,T3.2,splitting,1,python,0,0,0,0,0
sample_10396,jwt,T3.2,splitting,1,python,0,0,0,0,0
sample_10397,jwt,T3.2,splitting,1,python,0,0,0,0,0
sample_10398,jwt,T3.2,splitting,1,python,0,0,0,0,0
sample_10399,jwt,T3.2,splitting,1,python,0,0,0,0,0
sample_10400,jwt,T3.2,splitting,1,python,0,0,0,0,0
sample_10401,jwt,T3.2,splitting,1,python,0,0,0,0,0
sample_10402,jwt,T3.2,splitting,1,python,0,0,0,0,0
sample_10403,jwt,T3.2,splitting,1,python,0,0,0,0,0
sample_10404,jwt,T3.2,splitting,1,python,0,0,0,0,0
sample_10405,jwt,T3.2,splitting,1,python,0,0,0,0,0
sample_10406,jwt,T3.2,splitting,1,python,0,0,0,0,0
sample_10407,jwt,T3.2,splitting,1,python,0,0,0,0,0
sample_10408,jwt,T3.2,splitting,1,python,0,0,0,0,0
sample_10409,jwt,T3.2,splitting,1,python,0,0,0,0,0
sample_10410,jwt,T3.2,splitting,1,python,0,0,0,0,0
sample_10411,jwt,T3.3,splitting,1,python,0,0,0,0,0
sample_10412,jwt,T3.3,splitting,1,python,0,0,0,0,0
sample_10413,jwt,T3.3,splitting,1,python,0,0,0,0,0
sample_10414,jwt,T3.3,splitting,1,python,0,0,0,0,0
sample_10415,jwt,T3.3,splitting,1,python,0,0,0,0,0
sample_10416,jwt,T3.3,splitting,1,python,0,0,0,0,0
sample_10417,jwt,T3.3,splitting,1,python,0,0,0,0,0
sample_10418,jwt,T3.3,splitting,1,python,0,0,0,0,0
sample_10419,jwt,T3.3,splitting,1,python,0,0,0,0,0
sample_10420,jwt,T3.3,splitting,1,python,0,0,0,0,0
sample_10421,jwt,T3.3,splitting,1,python,0,0,0,0,0
sample_10422,jwt,T3.3,splitting,1,python,0,0,0,0,0
sample_10423,jwt,T3.3,splitting,1,python,0,0,0,0,0
sample_10424,jwt,T3.3,splitting,1,python,0,0,0,0,0
sample_10425,jwt,T3.3,splitting,1,python,0,0,0,0,0
sample_10426,jwt,T3.3,splitting,1,python,0,0,0,0,0
sample_10427,jwt,T3.3,splitting,1,python,0,0,0,0,0
sample_10428,jwt,T3.3,splitting,1,python,0,0,0,0,0
sample_10429,jwt,T3.3,splitting,1,python,0,0,0,0,0
sample_10430,jwt,T3.3,splitting,1,python,0,0,0,0,0
sample_10431,jwt,T3.3,splitting,1,python,0,0,0,0,0
sample_10432,jwt,T3.3,splitting,1,python,0,0,0,0,0
sample_10433,jwt,T3.3,splitting,1,python,0,0,0,0,0
sample_10434,jwt,T3.3,splitting,1,python,0,0,0,0,0
sample_10435,jwt,T3.3,splitting,1,python,0,0,0,0,0
sample_10436,jwt,T3.3,splitting,1,python,0,0,0,0,0
sample_10437,jwt,T3.3,splitting,1,python,0,0,0,0,0
sample_10438,jwt,T3.3,splitting,1,python,0,0,0,0,0
sample_10439,jwt,T3.3,splitting,1,python,0,0,0,0,0
sample_10440,jwt,T3.3,splitting,1,python,0,0,0,0,0
sample_10441,jwt,T3.4,splitting,1,python,0,0,0,0,0
sample_10442,jwt,T3.4,splitting,1,python,0,0,0,0,0
sample_10443,jwt,T3.4,splitting,1,python,0,0,0,0,0
sample_10444,jwt,T3.4,splitting,1,python,0,0,0,0,0
sample_10445,jwt,T3.4,splitting,1,python,0,0,0,0,0
sample_10446,jwt,T3.4,splitting,1,python,0,0,0,0,0
sample_10447,jwt,T3.4,splitting,1,python,0,0,0,0,0
sample_10448,jwt,T3.4,splitting,1,python,0,0,0,0,0
sample_10449,jwt,T3.4,splitting,1,python,0,0,0,0,0
sample_10450,jwt,T3.4,splitting,1,python,0,0,0,0,0
sample_10451,jwt,T3.4,splitting,1,python,0,0,0,0,0
sample_10452,jwt,T3.4,splitting,1,python,0,0,0,0,0
sample_10453,jwt,T3.4,splitting,1,python,0,0,0,0,0
sample_10454,jwt,T3.4,splitting,1,python,0,0,0,0,0
sample_10455,jwt,T3.4,splitting,1,python,0,0,0,0,0
sample_10456,jwt,T3.4,splitting,1,python,0,0,0,0,0
sample_10457,jwt,T3.4,splitting,1,python,0,0,0,0,0
sample_10458,jwt,T3.4,splitting,1,python,0,0,0,0,0
sample_10459,jwt,T3.4,splitting,1,python,0,0,0,0,0
sample_10460,jwt,T3.4,splitting,1,python,0,0,0,0,0
sample_10461,jwt,T3.4,splitting,1,python,0,0,0,0,0
sample_10462,jwt,T3.4,splitting,1,python,0,0,0,0,0
sample_10463,jwt,T3.4,splitting,1,python,0,0,0,0,0
sample_10464,jwt,T3.4,splitting,1,python,0,0,0,0,0
sample_10465,jwt,T3.4,splitting,1,python,0,0,0,0,0
sample_10466,jwt,T3.4,splitting,1,python,0,0,0,0,0
sample_10467,jwt,T3.4,splitting,1,python,0,0,0,0,0
sample_10468,jwt,T3.4,splitting,1,python,0,0,0,0,0
sample_10469,jwt,T3.4,splitting,1,python,0,0,0,0,0
sample_10470,jwt,T3.4,splitting,1,python,0,0,0,0,0
sample_10471,jwt,T3.5,splitting,1,python,0,0,0,0,0
sample_10472,jwt,T3.5,splitting,1,python,0,0,0,0,0
sample_10473,jwt,T3.5,splitting,1,python,0,0,0,0,0
sample_10474,jwt,T3.5,splitting,1,python,0,0,0,0,0
sample_10475,jwt,T3.5,splitting,1,python,0,0,0,0,0
sample_10476,jwt,T3.5,splitting,1,python,0,0,0,0,0
sample_10477,jwt,T3.5,splitting,1,python,0,0,0,0,0
sample_10478,jwt,T3.5,splitting,1,python,0,0,0,0,0
sample_10479,jwt,T3.5,splitting,1,python,0,0,0,0,0
sample_10480,jwt,T3.5,splitting,1,python,0,0,0,0,0
sample_10481,jwt,T3.5,splitting,1,python,0,0,0,0,0
sample_10482,jwt,T3.5,splitting,1,python,0,0,0,0,0
sample_10483,jwt,T3.5,splitting,1,python,0,0,0,0,0
sample_10484,jwt,T3.5,splitting,1,python,0,0,0,0,0
sample_10485,jwt,T3.5,splitting,1,python,0,0,0,0,0
sample_10486,jwt,T3.5,splitting,1,python,0,0,0,0,0
sample_10487,jwt,T3.5,splitting,1,python,0,0,0,0,0
sample_10488,jwt,T3.5,splitting,1,python,0,0,0,0,0
sample_10489,jwt,T3.5,splitting,1,python,1,1,1,1,0
sample_10490,jwt,T3.5,splitting,1,python,0,0,0,0,0
sample_10491,jwt,T3.5,splitting,1,python,0,0,0,0,0
sample_10492,jwt,T3.5,splitting,1,python,1,1,1,1,0
sample_10493,jwt,T3.5,splitting,1,python,0,0,0,0,0
sample_10494,jwt,T3.5,splitting,1,python,0,0,0,0,0
sample_10495,jwt,T3.5,splitting,1,python,0,0,0,0,0
sample_10496,jwt,T3.5,splitting,1,python,0,0,0,0,0
sample_10497,jwt,T3.5,splitting,1,python,0,0,0,0,0
sample_10498,jwt,T3.5,splitting,1,python,0,0,0,0,0
sample_10499,jwt,T3.5,splitting,1,python,0,0,0,0,0
sample_10500,jwt,T3.5,splitting,1,python,0,0,0,0,0
sample_10501,jwt,T4.3,char_format,1,python,0,0,0,0,0
sample_10502,jwt,T4.3,char_format,1,python,0,0,0,0,0
sample_10503,jwt,T4.3,char_format,1,python,0,0,0,0,0
sample_10504,jwt,T4.3,char_format,1,python,0,0,0,0,0
sample_10505,jwt,T4.3,char_format,1,python,0,0,0,0,0
sample_10506,jwt,T4.3,char_format,1,python,0,0,0,0,0
sample_10507,jwt,T4.3,char_format,1,python,0,0,0,0,0
sample_10508,jwt,T4.3,char_format,1,python,0,0,0,0,0
sample_10509,jwt,T4.3,char_format,1,python,0,0,0,0,0
sample_10510,jwt,T4.3,char_format,1,python,0,0,0,0,0
sample_10511,jwt,T4.3,char_format,1,python,0,0,0,0,0
sample_10512,jwt,T4.3,char_format,1,python,0,0,0,0,0
sample_10513,jwt,T4.3,char_format,1,python,0,0,0,0,0
sample_10514,jwt,T4.3,char_format,1,python,0,0,0,0,0
sample_10515,jwt,T4.3,char_format,1,python,0,0,0,0,0
sample_10516,jwt,T4.3,char_format,1,python,0,0,0,0,0
sample_10517,jwt,T4.3,char_format,1,python,0,0,0,0,0
sample_10518,jwt,T4.3,char_format,1,python,0,0,0,0,0
sample_10519,jwt,T4.3,char_format,1,python,0,0,0,0,0
sample_10520,jwt,T4.3,char_format,1,python,0,0,0,0,0
sample_10521,jwt,T4.3,char_format,1,python,0,0,0,0,0
sample_10522,jwt,T4.3,char_format,1,python,0,0,0,0,0
sample_10523,jwt,T4.3,char_format,1,python,0,0,0,0,0
sample_10524,jwt,T4.3,char_format,1,python,0,0,0,0,0
sample_10525,jwt,T4.3,char_format,1,python,0,0,0,0,0
sample_10526,jwt,T4.3,char_format,1,python,0,0,0,0,0
sample_10527,jwt,T4.3,char_format,1,python,0,0,0,0,0
sample_10528,jwt,T4.3,char_format,1,python,0,0,0,0,0
sample_10529,jwt,T4.3,char_format,1,python,0,0,0,0,0
sample_10530,jwt,T4.3,char_format,1,python,0,0,0,0,0
sample_10531,jwt,T4.5,char_format,1,python,0,0,0,0,0
sample_10532,jwt,T4.5,char_format,1,python,0,0,0,0,0
sample_10533,jwt,T4.5,char_format,1,python,0,0,0,0,0
sample_10534,jwt,T4.5,char_format,1,python,0,0,0,0,0
sample_10535,jwt,T4.5,char_format,1,python,0,0,0,0,0
sample_10536,jwt,T4.5,char_format,1,python,0,0,0,0,0
sample_10537,jwt,T4.5,char_format,1,python,0,0,0,0,0
sample_10538,jwt,T4.5,char_format,1,python,0,0,0,0,0
sample_10539,jwt,T4.5,char_format,1,python,0,0,0,0,0
sample_10540,jwt,T4.5,char_format,1,python,0,0,0,0,0
sample_10541,jwt,T4.5,char_format,1,python,0,0,0,0,0
sample_10542,jwt,T4.5,char_format,1,python,0,0,0,0,0
sample_10543,jwt,T4.5,char_format,1,python,0,0,0,0,0
sample_10544,jwt,T4.5,char_format,1,python,0,0,0,0,0
sample_10545,jwt,T4.5,char_format,1,python,0,0,0,0,0
sample_10546,jwt,T4.5,char_format,1,python,0,0,0,0,0
sample_10547,jwt,T4.5,char_format,1,python,0,0,0,0,0
sample_10548,jwt,T4.5,char_format,1,python,0,0,0,0,0
sample_10549,jwt,T4.5,char_format,1,python,0,0,0,0,0
sample_10550,jwt,T4.5,char_format,1,python,0,0,0,0,0
sample_10551,jwt,T4.5,char_format,1,python,0,0,0,0,0
sample_10552,jwt,T4.5,char_format,1,python,0,0,0,0,0
sample_10553,jwt,T4.5,char_format,1,python,0,0,0,0,0
sample_10554,jwt,T4.5,char_format,1,python,0,0,0,0,0
sample_10555,jwt,T4.5,char_format,1,python,0,0,0,0,0
sample_10556,jwt,T4.5,char_format,1,python,0,0,0,0,0
sample_10557,jwt,T4.5,char_format,1,python,0,0,0,0,0
sample_10558,jwt,T4.5,char_format,1,python,0,0,0,0,0
sample_10559,jwt,T4.5,char_format,1,python,0,0,0,0,0
sample_10560,jwt,T4.5,char_format,1,python,0,0,0,0,0
sample_10561,jwt,T4.5,char_format,1,dotenv,0,0,0,0,0
sample_10562,jwt,T4.5,char_format,1,dotenv,0,0,0,0,0
sample_10563,jwt,T4.5,char_format,1,dotenv,0,0,0,0,0
sample_10564,jwt,T4.5,char_format,1,dotenv,0,0,0,0,0
sample_10565,jwt,T4.5,char_format,1,dotenv,0,0,0,0,0
sample_10566,jwt,T4.5,char_format,1,dotenv,0,0,0,0,0
sample_10567,jwt,T4.5,char_format,1,dotenv,0,0,0,0,0
sample_10568,jwt,T4.5,char_format,1,dotenv,0,0,0,0,0
sample_10569,jwt,T4.5,char_format,1,dotenv,0,0,0,0,0
sample_10570,jwt,T4.5,char_format,1,dotenv,0,0,0,0,0
sample_10571,jwt,T4.5,char_format,1,dotenv,0,0,0,0,0
sample_10572,jwt,T4.5,char_format,1,dotenv,0,0,0,0,0
sample_10573,jwt,T4.5,char_format,1,dotenv,0,0,0,0,0
sample_10574,jwt,T4.5,char_format,1,dotenv,0,0,0,0,0
sample_10575,jwt,T4.5,char_format,1,dotenv,0,0,0,0,0
sample_10576,jwt,T4.5,char_format,1,dotenv,0,0,0,0,0
sample_10577,jwt,T4.5,char_format,1,dotenv,0,0,0,0,0
sample_10578,jwt,T4.5,char_format,1,dotenv,0,0,0,0,0
sample_10579,jwt,T4.5,char_format,1,dotenv,0,0,0,0,0
sample_10580,jwt,T4.5,char_format,1,dotenv,0,0,0,0,0
sample_10581,jwt,T4.5,char_format,1,dotenv,0,0,0,0,0
sample_10582,jwt,T4.5,char_format,1,dotenv,0,0,0,0,0
sample_10583,jwt,T4.5,char_format,1,dotenv,0,0,0,0,0
sample_10584,jwt,T4.5,char_format,1,dotenv,0,0,0,0,0
sample_10585,jwt,T4.5,char_format,1,dotenv,0,0,0,0,0
sample_10586,jwt,T4.5,char_format,1,dotenv,0,0,0,0,0
sample_10587,jwt,T4.5,char_format,1,dotenv,0,0,0,0,0
sample_10588,jwt,T4.5,char_format,1,dotenv,0,0,0,0,0
sample_10589,jwt,T4.5,char_format,1,dotenv,0,0,0,0,0
sample_10590,jwt,T4.5,char_format,1,dotenv,0,0,0,0,0
sample_10591,jwt,T4.5,char_format,1,yaml,0,0,0,0,0
sample_10592,jwt,T4.5,char_format,1,yaml,0,0,0,0,0
sample_10593,jwt,T4.5,char_format,1,yaml,0,0,0,0,0
sample_10594,jwt,T4.5,char_format,1,yaml,0,0,0,0,0
sample_10595,jwt,T4.5,char_format,1,yaml,0,0,0,0,0
sample_10596,jwt,T4.5,char_format,1,yaml,0,0,0,0,0
sample_10597,jwt,T4.5,char_format,1,yaml,0,0,0,0,0
sample_10598,jwt,T4.5,char_format,1,yaml,0,0,0,0,0
sample_10599,jwt,T4.5,char_format,1,yaml,0,0,0,0,0
sample_10600,jwt,T4.5,char_format,1,yaml,0,0,0,0,0
sample_10601,jwt,T4.5,char_format,1,yaml,0,0,0,0,0
sample_10602,jwt,T4.5,char_format,1,yaml,0,0,0,0,0
sample_10603,jwt,T4.5,char_format,1,yaml,0,0,0,0,0
sample_10604,jwt,T4.5,char_format,1,yaml,0,0,0,0,0
sample_10605,jwt,T4.5,char_format,1,yaml,0,0,0,0,0
sample_10606,jwt,T4.5,char_format,1,yaml,0,0,0,0,0
sample_10607,jwt,T4.5,char_format,1,yaml,0,0,0,0,0
sample_10608,jwt,T4.5,char_format,1,yaml,0,0,0,0,0
sample_10609,jwt,T4.5,char_format,1,yaml,0,0,0,0,0
sample_10610,jwt,T4.5,char_format,1,yaml,0,0,0,0,0
sample_10611,jwt,T4.5,char_format,1,yaml,0,0,0,0,0
sample_10612,jwt,T4.5,char_format,1,yaml,0,0,0,0,0
sample_10613,jwt,T4.5,char_format,1,yaml,0,0,0,0,0
sample_10614,jwt,T4.5,char_format,1,yaml,0,0,0,0,0
sample_10615,jwt,T4.5,char_format,1,yaml,0,0,0,0,0
sample_10616,jwt,T4.5,char_format,1,yaml,0,0,0,0,0
sample_10617,jwt,T4.5,char_format,1,yaml,0,0,0,0,0
sample_10618,jwt,T4.5,char_format,1,yaml,0,0,0,0,0
sample_10619,jwt,T4.5,char_format,1,yaml,0,0,0,0,0
sample_10620,jwt,T4.5,char_format,1,yaml,0,0,0,0,0
sample_10621,jwt,T5.1,indirection,1,python,0,0,0,0,0
sample_10622,jwt,T5.1,indirection,1,python,0,0,0,0,0
sample_10623,jwt,T5.1,indirection,1,python,0,0,0,0,0
sample_10624,jwt,T5.1,indirection,1,python,0,0,0,0,0
sample_10625,jwt,T5.1,indirection,1,python,0,0,0,0,0
sample_10626,jwt,T5.1,indirection,1,python,0,0,0,0,0
sample_10627,jwt,T5.1,indirection,1,python,0,0,0,0,0
sample_10628,jwt,T5.1,indirection,1,python,0,0,0,0,0
sample_10629,jwt,T5.1,indirection,1,python,0,0,0,0,0
sample_10630,jwt,T5.1,indirection,1,python,0,0,0,0,0
sample_10631,jwt,T5.1,indirection,1,python,0,0,0,0,0
sample_10632,jwt,T5.1,indirection,1,python,0,0,0,0,0
sample_10633,jwt,T5.1,indirection,1,python,0,0,0,0,0
sample_10634,jwt,T5.1,indirection,1,python,0,0,0,0,0
sample_10635,jwt,T5.1,indirection,1,python,0,0,0,0,0
sample_10636,jwt,T5.1,indirection,1,python,0,0,0,0,0
sample_10637,jwt,T5.1,indirection,1,python,0,0,0,0,0
sample_10638,jwt,T5.1,indirection,1,python,0,0,0,0,0
sample_10639,jwt,T5.1,indirection,1,python,0,0,0,0,0
sample_10640,jwt,T5.1,indirection,1,python,0,0,0,0,0
sample_10641,jwt,T5.1,indirection,1,python,0,0,0,0,0
sample_10642,jwt,T5.1,indirection,1,python,0,0,0,0,0
sample_10643,jwt,T5.1,indirection,1,python,0,0,0,0,0
sample_10644,jwt,T5.1,indirection,1,python,0,0,0,0,0
sample_10645,jwt,T5.1,indirection,1,python,0,0,0,0,0
sample_10646,jwt,T5.1,indirection,1,python,0,0,0,0,0
sample_10647,jwt,T5.1,indirection,1,python,0,0,0,0,0
sample_10648,jwt,T5.1,indirection,1,python,0,0,0,0,0
sample_10649,jwt,T5.1,indirection,1,python,0,0,0,0,0
sample_10650,jwt,T5.1,indirection,1,python,0,0,0,0,0
sample_10651,jwt,T5.2,indirection,1,python,0,0,0,0,0
sample_10652,jwt,T5.2,indirection,1,python,0,0,0,0,0
sample_10653,jwt,T5.2,indirection,1,python,0,0,0,0,0
sample_10654,jwt,T5.2,indirection,1,python,0,0,0,0,0
sample_10655,jwt,T5.2,indirection,1,python,0,0,0,0,0
sample_10656,jwt,T5.2,indirection,1,python,0,0,0,0,0
sample_10657,jwt,T5.2,indirection,1,python,0,0,0,0,0
sample_10658,jwt,T5.2,indirection,1,python,0,0,0,0,0
sample_10659,jwt,T5.2,indirection,1,python,0,0,0,0,0
sample_10660,jwt,T5.2,indirection,1,python,0,0,0,0,0
sample_10661,jwt,T5.2,indirection,1,python,0,0,0,0,0
sample_10662,jwt,T5.2,indirection,1,python,0,0,0,0,0
sample_10663,jwt,T5.2,indirection,1,python,0,0,0,0,0
sample_10664,jwt,T5.2,indirection,1,python,0,0,0,0,0
sample_10665,jwt,T5.2,indirection,1,python,0,0,0,0,0
sample_10666,jwt,T5.2,indirection,1,python,0,0,0,0,0
sample_10667,jwt,T5.2,indirection,1,python,0,0,0,0,0
sample_10668,jwt,T5.2,indirection,1,python,0,0,0,0,0
sample_10669,jwt,T5.2,indirection,1,python,0,0,0,0,0
sample_10670,jwt,T5.2,indirection,1,python,0,0,0,0,0
sample_10671,jwt,T5.2,indirection,1,python,0,0,0,0,0
sample_10672,jwt,T5.2,indirection,1,python,0,0,0,0,0
sample_10673,jwt,T5.2,indirection,1,python,0,0,0,0,0
sample_10674,jwt,T5.2,indirection,1,python,0,0,0,0,0
sample_10675,jwt,T5.2,indirection,1,python,0,0,0,0,0
sample_10676,jwt,T5.2,indirection,1,python,0,0,0,0,0
sample_10677,jwt,T5.2,indirection,1,python,0,0,0,0,0
sample_10678,jwt,T5.2,indirection,1,python,0,0,0,0,0
sample_10679,jwt,T5.2,indirection,1,python,0,0,0,0,0
sample_10680,jwt,T5.2,indirection,1,python,0,0,0,0,0
sample_10681,jwt,T6.1,contextual,1,python,1,1,1,1,0
sample_10682,jwt,T6.1,contextual,1,python,1,1,1,1,0
sample_10683,jwt,T6.1,contextual,1,python,1,1,1,1,0
sample_10684,jwt,T6.1,contextual,1,python,1,1,1,1,0
sample_10685,jwt,T6.1,contextual,1,python,1,1,1,1,0
sample_10686,jwt,T6.1,contextual,1,python,1,1,1,1,0
sample_10687,jwt,T6.1,contextual,1,python,1,1,1,1,0
sample_10688,jwt,T6.1,contextual,1,python,1,1,1,1,0
sample_10689,jwt,T6.1,contextual,1,python,1,1,1,1,0
sample_10690,jwt,T6.1,contextual,1,python,1,1,1,1,0
sample_10691,jwt,T6.1,contextual,1,python,1,1,1,1,0
sample_10692,jwt,T6.1,contextual,1,python,1,1,1,1,0
sample_10693,jwt,T6.1,contextual,1,python,1,1,1,1,0
sample_10694,jwt,T6.1,contextual,1,python,1,1,1,1,0
sample_10695,jwt,T6.1,contextual,1,python,1,1,1,1,0
sample_10696,jwt,T6.1,contextual,1,python,1,1,1,1,0
sample_10697,jwt,T6.1,contextual,1,python,1,1,1,1,0
sample_10698,jwt,T6.1,contextual,1,python,1,1,1,1,0
sample_10699,jwt,T6.1,contextual,1,python,1,1,1,1,0
sample_10700,jwt,T6.1,contextual,1,python,1,1,1,1,0
sample_10701,jwt,T6.1,contextual,1,python,1,1,1,1,0
sample_10702,jwt,T6.1,contextual,1,python,1,1,1,1,0
sample_10703,jwt,T6.1,contextual,1,python,1,1,1,1,0
sample_10704,jwt,T6.1,contextual,1,python,1,1,1,1,0
sample_10705,jwt,T6.1,contextual,1,python,1,1,1,1,0
sample_10706,jwt,T6.1,contextual,1,python,1,1,1,1,0
sample_10707,jwt,T6.1,contextual,1,python,1,1,1,1,0
sample_10708,jwt,T6.1,contextual,1,python,1,1,1,1,0
sample_10709,jwt,T6.1,contextual,1,python,1,1,1,1,0
sample_10710,jwt,T6.1,contextual,1,python,1,1,1,1,0
sample_10711,jwt,T6.1,contextual,1,dotenv,1,1,1,1,0
sample_10712,jwt,T6.1,contextual,1,dotenv,1,1,1,1,0
sample_10713,jwt,T6.1,contextual,1,dotenv,1,1,1,1,0
sample_10714,jwt,T6.1,contextual,1,dotenv,1,1,1,1,0
sample_10715,jwt,T6.1,contextual,1,dotenv,1,1,1,1,0
sample_10716,jwt,T6.1,contextual,1,dotenv,1,1,1,1,0
sample_10717,jwt,T6.1,contextual,1,dotenv,1,1,1,1,0
sample_10718,jwt,T6.1,contextual,1,dotenv,1,1,1,1,0
sample_10719,jwt,T6.1,contextual,1,dotenv,1,1,1,1,0
sample_10720,jwt,T6.1,contextual,1,dotenv,1,1,1,1,0
sample_10721,jwt,T6.1,contextual,1,dotenv,1,1,1,1,0
sample_10722,jwt,T6.1,contextual,1,dotenv,1,1,1,1,0
sample_10723,jwt,T6.1,contextual,1,dotenv,1,1,1,1,0
sample_10724,jwt,T6.1,contextual,1,dotenv,1,1,1,1,0
sample_10725,jwt,T6.1,contextual,1,dotenv,1,1,1,1,0
sample_10726,jwt,T6.1,contextual,1,dotenv,1,1,1,1,0
sample_10727,jwt,T6.1,contextual,1,dotenv,1,1,1,1,0
sample_10728,jwt,T6.1,contextual,1,dotenv,1,1,1,1,0
sample_10729,jwt,T6.1,contextual,1,dotenv,1,1,1,1,0
sample_10730,jwt,T6.1,contextual,1,dotenv,1,1,1,1,0
sample_10731,jwt,T6.1,contextual,1,dotenv,1,1,1,1,0
sample_10732,jwt,T6.1,contextual,1,dotenv,1,1,1,1,0
sample_10733,jwt,T6.1,contextual,1,dotenv,1,1,1,1,0
sample_10734,jwt,T6.1,contextual,1,dotenv,1,1,1,1,0
sample_10735,jwt,T6.1,contextual,1,dotenv,1,1,1,1,0
sample_10736,jwt,T6.1,contextual,1,dotenv,1,1,1,1,0
sample_10737,jwt,T6.1,contextual,1,dotenv,1,1,1,1,0
sample_10738,jwt,T6.1,contextual,1,dotenv,1,1,1,1,0
sample_10739,jwt,T6.1,contextual,1,dotenv,1,1,1,1,0
sample_10740,jwt,T6.1,contextual,1,dotenv,1,1,1,1,0
sample_10741,jwt,T6.1,contextual,1,yaml,1,1,1,1,0
sample_10742,jwt,T6.1,contextual,1,yaml,1,1,1,1,0
sample_10743,jwt,T6.1,contextual,1,yaml,1,1,1,1,0
sample_10744,jwt,T6.1,contextual,1,yaml,1,1,1,1,0
sample_10745,jwt,T6.1,contextual,1,yaml,1,1,1,1,0
sample_10746,jwt,T6.1,contextual,1,yaml,1,1,1,1,0
sample_10747,jwt,T6.1,contextual,1,yaml,1,1,1,1,0
sample_10748,jwt,T6.1,contextual,1,yaml,1,1,1,1,0
sample_10749,jwt,T6.1,contextual,1,yaml,1,1,1,1,0
sample_10750,jwt,T6.1,contextual,1,yaml,1,1,1,1,0
sample_10751,jwt,T6.1,contextual,1,yaml,1,1,1,1,0
sample_10752,jwt,T6.1,contextual,1,yaml,1,1,1,1,0
sample_10753,jwt,T6.1,contextual,1,yaml,1,1,1,1,0
sample_10754,jwt,T6.1,contextual,1,yaml,1,1,1,1,0
sample_10755,jwt,T6.1,contextual,1,yaml,1,1,1,1,0
sample_10756,jwt,T6.1,contextual,1,yaml,1,1,1,1,0
sample_10757,jwt,T6.1,contextual,1,yaml,1,1,1,1,0
sample_10758,jwt,T6.1,contextual,1,yaml,1,1,1,1,0
sample_10759,jwt,T6.1,contextual,1,yaml,1,1,1,1,0
sample_10760,jwt,T6.1,contextual,1,yaml,1,1,1,1,0
sample_10761,jwt,T6.1,contextual,1,yaml,1,1,1,1,0
sample_10762,jwt,T6.1,contextual,1,yaml,1,1,1,1,0
sample_10763,jwt,T6.1,contextual,1,yaml,1,1,1,1,0
sample_10764,jwt,T6.1,contextual,1,yaml,1,1,1,1,0
sample_10765,jwt,T6.1,contextual,1,yaml,1,1,1,1,0
sample_10766,jwt,T6.1,contextual,1,yaml,1,1,1,1,0
sample_10767,jwt,T6.1,contextual,1,yaml,1,1,1,1,0
sample_10768,jwt,T6.1,contextual,1,yaml,1,1,1,1,0
sample_10769,jwt,T6.1,contextual,1,yaml,1,1,1,1,0
sample_10770,jwt,T6.1,contextual,1,yaml,1,1,1,1,0
sample_10771,jwt,T6.4,contextual,1,python,1,1,1,1,0
sample_10772,jwt,T6.4,contextual,1,python,1,1,1,1,0
sample_10773,jwt,T6.4,contextual,1,python,1,1,1,1,0
sample_10774,jwt,T6.4,contextual,1,python,1,1,1,1,0
sample_10775,jwt,T6.4,contextual,1,python,1,1,1,1,0
sample_10776,jwt,T6.4,contextual,1,python,1,1,1,1,0
sample_10777,jwt,T6.4,contextual,1,python,1,1,1,1,0
sample_10778,jwt,T6.4,contextual,1,python,1,1,1,1,0
sample_10779,jwt,T6.4,contextual,1,python,1,1,1,1,0
sample_10780,jwt,T6.4,contextual,1,python,1,1,1,1,0
sample_10781,jwt,T6.4,contextual,1,python,1,1,1,1,0
sample_10782,jwt,T6.4,contextual,1,python,1,1,1,1,0
sample_10783,jwt,T6.4,contextual,1,python,1,1,1,1,0
sample_10784,jwt,T6.4,contextual,1,python,1,1,1,1,0
sample_10785,jwt,T6.4,contextual,1,python,1,1,1,1,0
sample_10786,jwt,T6.4,contextual,1,python,1,1,1,1,0
sample_10787,jwt,T6.4,contextual,1,python,1,1,1,1,0
sample_10788,jwt,T6.4,contextual,1,python,1,1,1,1,0
sample_10789,jwt,T6.4,contextual,1,python,1,1,1,1,0
sample_10790,jwt,T6.4,contextual,1,python,1,1,1,1,0
sample_10791,jwt,T6.4,contextual,1,python,1,1,1,1,0
sample_10792,jwt,T6.4,contextual,1,python,1,1,1,1,0
sample_10793,jwt,T6.4,contextual,1,python,1,1,1,1,0
sample_10794,jwt,T6.4,contextual,1,python,1,1,1,1,0
sample_10795,jwt,T6.4,contextual,1,python,1,1,1,1,0
sample_10796,jwt,T6.4,contextual,1,python,1,1,1,1,0
sample_10797,jwt,T6.4,contextual,1,python,1,1,1,1,0
sample_10798,jwt,T6.4,contextual,1,python,1,1,1,1,0
sample_10799,jwt,T6.4,contextual,1,python,1,1,1,1,0
sample_10800,jwt,T6.4,contextual,1,python,1,1,1,1,0
sample_10801,jwt,T6.4,contextual,1,dotenv,1,1,1,1,0
sample_10802,jwt,T6.4,contextual,1,dotenv,1,1,1,1,0
sample_10803,jwt,T6.4,contextual,1,dotenv,1,1,1,1,0
sample_10804,jwt,T6.4,contextual,1,dotenv,1,1,1,1,0
sample_10805,jwt,T6.4,contextual,1,dotenv,1,1,1,1,0
sample_10806,jwt,T6.4,contextual,1,dotenv,1,1,1,1,0
sample_10807,jwt,T6.4,contextual,1,dotenv,1,1,1,1,0
sample_10808,jwt,T6.4,contextual,1,dotenv,1,1,1,1,0
sample_10809,jwt,T6.4,contextual,1,dotenv,1,1,1,1,0
sample_10810,jwt,T6.4,contextual,1,dotenv,1,1,1,1,0
sample_10811,jwt,T6.4,contextual,1,dotenv,1,1,1,1,0
sample_10812,jwt,T6.4,contextual,1,dotenv,1,1,1,1,0
sample_10813,jwt,T6.4,contextual,1,dotenv,1,1,1,1,0
sample_10814,jwt,T6.4,contextual,1,dotenv,1,1,1,1,0
sample_10815,jwt,T6.4,contextual,1,dotenv,1,1,1,1,0
sample_10816,jwt,T6.4,contextual,1,dotenv,1,1,1,1,0
sample_10817,jwt,T6.4,contextual,1,dotenv,1,1,1,1,0
sample_10818,jwt,T6.4,contextual,1,dotenv,1,1,1,1,0
sample_10819,jwt,T6.4,contextual,1,dotenv,1,1,1,1,0
sample_10820,jwt,T6.4,contextual,1,dotenv,1,1,1,1,0
sample_10821,jwt,T6.4,contextual,1,dotenv,1,1,1,1,0
sample_10822,jwt,T6.4,contextual,1,dotenv,1,1,1,1,0
sample_10823,jwt,T6.4,contextual,1,dotenv,1,1,1,1,0
sample_10824,jwt,T6.4,contextual,1,dotenv,1,1,1,1,0
sample_10825,jwt,T6.4,contextual,1,dotenv,1,1,1,1,0
sample_10826,jwt,T6.4,contextual,1,dotenv,1,1,1,1,0
sample_10827,jwt,T6.4,contextual,1,dotenv,1,1,1,1,0
sample_10828,jwt,T6.4,contextual,1,dotenv,1,1,1,1,0
sample_10829,jwt,T6.4,contextual,1,dotenv,1,1,1,1,0
sample_10830,jwt,T6.4,contextual,1,dotenv,1,1,1,1,0
sample_10831,jwt,T6.4,contextual,1,yaml,1,1,1,1,0
sample_10832,jwt,T6.4,contextual,1,yaml,1,1,1,1,0
sample_10833,jwt,T6.4,contextual,1,yaml,1,1,1,1,0
sample_10834,jwt,T6.4,contextual,1,yaml,1,1,1,1,0
sample_10835,jwt,T6.4,contextual,1,yaml,1,1,1,1,0
sample_10836,jwt,T6.4,contextual,1,yaml,1,1,1,1,0
sample_10837,jwt,T6.4,contextual,1,yaml,1,1,1,1,0
sample_10838,jwt,T6.4,contextual,1,yaml,1,1,1,1,0
sample_10839,jwt,T6.4,contextual,1,yaml,1,1,1,1,0
sample_10840,jwt,T6.4,contextual,1,yaml,1,1,1,1,0
sample_10841,jwt,T6.4,contextual,1,yaml,1,1,1,1,0
sample_10842,jwt,T6.4,contextual,1,yaml,1,1,1,1,0
sample_10843,jwt,T6.4,contextual,1,yaml,1,1,1,1,0
sample_10844,jwt,T6.4,contextual,1,yaml,1,1,1,1,0
sample_10845,jwt,T6.4,contextual,1,yaml,1,1,1,1,0
sample_10846,jwt,T6.4,contextual,1,yaml,1,1,1,1,0
sample_10847,jwt,T6.4,contextual,1,yaml,1,1,1,1,0
sample_10848,jwt,T6.4,contextual,1,yaml,1,1,1,1,0
sample_10849,jwt,T6.4,contextual,1,yaml,1,1,1,1,0
sample_10850,jwt,T6.4,contextual,1,yaml,1,1,1,1,0
sample_10851,jwt,T6.4,contextual,1,yaml,1,1,1,1,0
sample_10852,jwt,T6.4,contextual,1,yaml,1,1,1,1,0
sample_10853,jwt,T6.4,contextual,1,yaml,1,1,1,1,0
sample_10854,jwt,T6.4,contextual,1,yaml,1,1,1,1,0
sample_10855,jwt,T6.4,contextual,1,yaml,1,1,1,1,0
sample_10856,jwt,T6.4,contextual,1,yaml,1,1,1,1,0
sample_10857,jwt,T6.4,contextual,1,yaml,1,1,1,1,0
sample_10858,jwt,T6.4,contextual,1,yaml,1,1,1,1,0
sample_10859,jwt,T6.4,contextual,1,yaml,1,1,1,1,0
sample_10860,jwt,T6.4,contextual,1,yaml,1,1,1,1,0
sample_10861,jwt,T7.1,composition,2,python,0,0,0,0,0
sample_10862,jwt,T7.1,composition,2,python,0,0,0,0,0
sample_10863,jwt,T7.1,composition,2,python,0,0,0,0,0
sample_10864,jwt,T7.1,composition,2,python,0,0,0,0,0
sample_10865,jwt,T7.1,composition,2,python,1,1,1,1,0
sample_10866,jwt,T7.1,composition,2,python,0,0,0,0,0
sample_10867,jwt,T7.1,composition,2,python,1,1,1,1,0
sample_10868,jwt,T7.1,composition,2,python,1,1,1,1,0
sample_10869,jwt,T7.1,composition,2,python,0,0,0,0,0
sample_10870,jwt,T7.1,composition,2,python,1,1,1,1,0
sample_10871,jwt,T7.1,composition,2,python,1,1,1,1,0
sample_10872,jwt,T7.1,composition,2,python,0,0,0,0,0
sample_10873,jwt,T7.1,composition,2,python,1,1,1,1,0
sample_10874,jwt,T7.1,composition,2,python,1,1,1,1,0
sample_10875,jwt,T7.1,composition,2,python,0,0,0,0,0
sample_10876,jwt,T7.1,composition,2,python,0,0,0,0,0
sample_10877,jwt,T7.1,composition,2,python,1,1,1,1,0
sample_10878,jwt,T7.1,composition,2,python,0,0,0,0,0
sample_10879,jwt,T7.1,composition,2,python,0,0,0,0,0
sample_10880,jwt,T7.1,composition,2,python,0,0,0,0,0
sample_10881,jwt,T7.1,composition,2,python,1,1,1,1,0
sample_10882,jwt,T7.1,composition,2,python,0,0,0,0,0
sample_10883,jwt,T7.1,composition,2,python,0,0,0,0,0
sample_10884,jwt,T7.1,composition,2,python,1,1,1,1,0
sample_10885,jwt,T7.1,composition,2,python,1,1,1,1,0
sample_10886,jwt,T7.1,composition,2,python,0,0,0,0,0
sample_10887,jwt,T7.1,composition,2,python,0,0,0,0,0
sample_10888,jwt,T7.1,composition,2,python,0,0,0,0,0
sample_10889,jwt,T7.1,composition,2,python,0,0,0,0,0
sample_10890,jwt,T7.1,composition,2,python,0,0,0,0,0
sample_10891,jwt,T7.2,composition,2,python,0,0,0,0,0
sample_10892,jwt,T7.2,composition,2,python,0,0,0,0,0
sample_10893,jwt,T7.2,composition,2,python,0,0,0,0,0
sample_10894,jwt,T7.2,composition,2,python,0,0,0,0,0
sample_10895,jwt,T7.2,composition,2,python,0,0,0,0,0
sample_10896,jwt,T7.2,composition,2,python,0,0,0,0,0
sample_10897,jwt,T7.2,composition,2,python,0,0,0,0,0
sample_10898,jwt,T7.2,composition,2,python,0,0,0,0,0
sample_10899,jwt,T7.2,composition,2,python,0,0,0,0,0
sample_10900,jwt,T7.2,composition,2,python,0,0,0,0,0
sample_10901,jwt,T7.2,composition,2,python,0,0,0,0,0
sample_10902,jwt,T7.2,composition,2,python,0,0,0,0,0
sample_10903,jwt,T7.2,composition,2,python,0,0,0,0,0
sample_10904,jwt,T7.2,composition,2,python,0,0,0,0,0
sample_10905,jwt,T7.2,composition,2,python,0,0,0,0,0
sample_10906,jwt,T7.2,composition,2,python,0,0,0,0,0
sample_10907,jwt,T7.2,composition,2,python,0,0,0,0,0
sample_10908,jwt,T7.2,composition,2,python,0,0,0,0,0
sample_10909,jwt,T7.2,composition,2,python,0,0,0,0,0
sample_10910,jwt,T7.2,composition,2,python,0,0,0,0,0
sample_10911,jwt,T7.2,composition,2,python,0,0,0,0,0
sample_10912,jwt,T7.2,composition,2,python,0,0,0,0,0
sample_10913,jwt,T7.2,composition,2,python,0,0,0,0,0
sample_10914,jwt,T7.2,composition,2,python,0,0,0,0,0
sample_10915,jwt,T7.2,composition,2,python,0,0,0,0,0
sample_10916,jwt,T7.2,composition,2,python,0,0,0,0,0
sample_10917,jwt,T7.2,composition,2,python,0,0,0,0,0
sample_10918,jwt,T7.2,composition,2,python,0,0,0,0,0
sample_10919,jwt,T7.2,composition,2,python,0,0,0,0,0
sample_10920,jwt,T7.2,composition,2,python,0,0,0,0,0
sample_10921,generic_hex_token,T0.0,control,1,python,1,1,1,1,0
sample_10922,generic_hex_token,T0.0,control,1,python,1,1,1,1,0
sample_10923,generic_hex_token,T0.0,control,1,python,0,0,0,0,0
sample_10924,generic_hex_token,T0.0,control,1,python,1,1,1,1,0
sample_10925,generic_hex_token,T0.0,control,1,python,1,1,1,1,0
sample_10926,generic_hex_token,T0.0,control,1,python,1,1,1,1,0
sample_10927,generic_hex_token,T0.0,control,1,python,1,1,1,1,0
sample_10928,generic_hex_token,T0.0,control,1,python,1,1,1,1,0
sample_10929,generic_hex_token,T0.0,control,1,python,1,1,1,1,0
sample_10930,generic_hex_token,T0.0,control,1,python,1,1,1,1,0
sample_10931,generic_hex_token,T0.0,control,1,python,1,1,1,1,0
sample_10932,generic_hex_token,T0.0,control,1,python,1,1,1,1,0
sample_10933,generic_hex_token,T0.0,control,1,python,1,1,1,1,0
sample_10934,generic_hex_token,T0.0,control,1,python,1,1,1,1,0
sample_10935,generic_hex_token,T0.0,control,1,python,1,1,1,1,0
sample_10936,generic_hex_token,T0.0,control,1,python,1,1,1,1,0
sample_10937,generic_hex_token,T0.0,control,1,python,1,1,1,1,0
sample_10938,generic_hex_token,T0.0,control,1,python,1,1,1,1,0
sample_10939,generic_hex_token,T0.0,control,1,python,1,1,1,1,0
sample_10940,generic_hex_token,T0.0,control,1,python,1,1,1,1,0
sample_10941,generic_hex_token,T0.0,control,1,python,1,1,1,1,0
sample_10942,generic_hex_token,T0.0,control,1,python,1,1,1,1,0
sample_10943,generic_hex_token,T0.0,control,1,python,1,1,1,1,0
sample_10944,generic_hex_token,T0.0,control,1,python,1,1,1,1,0
sample_10945,generic_hex_token,T0.0,control,1,python,1,1,1,1,0
sample_10946,generic_hex_token,T0.0,control,1,python,1,1,1,1,0
sample_10947,generic_hex_token,T0.0,control,1,python,1,1,1,1,0
sample_10948,generic_hex_token,T0.0,control,1,python,1,1,1,1,0
sample_10949,generic_hex_token,T0.0,control,1,python,1,1,1,1,0
sample_10950,generic_hex_token,T0.0,control,1,python,1,1,1,1,0
sample_10951,generic_hex_token,T0.0,control,1,dotenv,1,1,1,1,0
sample_10952,generic_hex_token,T0.0,control,1,dotenv,1,1,1,1,0
sample_10953,generic_hex_token,T0.0,control,1,dotenv,1,1,1,1,0
sample_10954,generic_hex_token,T0.0,control,1,dotenv,1,1,1,1,0
sample_10955,generic_hex_token,T0.0,control,1,dotenv,1,1,1,1,0
sample_10956,generic_hex_token,T0.0,control,1,dotenv,1,1,1,1,0
sample_10957,generic_hex_token,T0.0,control,1,dotenv,1,1,1,1,0
sample_10958,generic_hex_token,T0.0,control,1,dotenv,1,1,1,1,0
sample_10959,generic_hex_token,T0.0,control,1,dotenv,1,1,1,1,0
sample_10960,generic_hex_token,T0.0,control,1,dotenv,1,1,1,1,0
sample_10961,generic_hex_token,T0.0,control,1,dotenv,1,1,1,1,0
sample_10962,generic_hex_token,T0.0,control,1,dotenv,1,1,1,1,0
sample_10963,generic_hex_token,T0.0,control,1,dotenv,1,1,1,1,0
sample_10964,generic_hex_token,T0.0,control,1,dotenv,1,1,1,1,0
sample_10965,generic_hex_token,T0.0,control,1,dotenv,1,1,1,1,0
sample_10966,generic_hex_token,T0.0,control,1,dotenv,1,1,1,1,0
sample_10967,generic_hex_token,T0.0,control,1,dotenv,1,1,1,1,0
sample_10968,generic_hex_token,T0.0,control,1,dotenv,1,1,1,1,0
sample_10969,generic_hex_token,T0.0,control,1,dotenv,1,1,1,1,0
sample_10970,generic_hex_token,T0.0,control,1,dotenv,1,1,1,1,0
sample_10971,generic_hex_token,T0.0,control,1,dotenv,1,1,1,1,0
sample_10972,generic_hex_token,T0.0,control,1,dotenv,1,1,1,1,0
sample_10973,generic_hex_token,T0.0,control,1,dotenv,1,1,1,1,0
sample_10974,generic_hex_token,T0.0,control,1,dotenv,1,1,1,1,0
sample_10975,generic_hex_token,T0.0,control,1,dotenv,1,1,1,1,0
sample_10976,generic_hex_token,T0.0,control,1,dotenv,1,1,1,1,0
sample_10977,generic_hex_token,T0.0,control,1,dotenv,1,1,1,1,0
sample_10978,generic_hex_token,T0.0,control,1,dotenv,1,1,1,1,0
sample_10979,generic_hex_token,T0.0,control,1,dotenv,1,1,1,1,0
sample_10980,generic_hex_token,T0.0,control,1,dotenv,1,1,1,1,0
sample_10981,generic_hex_token,T0.0,control,1,yaml,1,1,1,1,0
sample_10982,generic_hex_token,T0.0,control,1,yaml,1,1,1,1,0
sample_10983,generic_hex_token,T0.0,control,1,yaml,1,1,1,1,0
sample_10984,generic_hex_token,T0.0,control,1,yaml,1,1,1,1,0
sample_10985,generic_hex_token,T0.0,control,1,yaml,1,1,1,1,0
sample_10986,generic_hex_token,T0.0,control,1,yaml,1,1,1,1,0
sample_10987,generic_hex_token,T0.0,control,1,yaml,1,1,1,1,0
sample_10988,generic_hex_token,T0.0,control,1,yaml,0,0,0,0,0
sample_10989,generic_hex_token,T0.0,control,1,yaml,1,1,1,1,0
sample_10990,generic_hex_token,T0.0,control,1,yaml,1,1,1,1,0
sample_10991,generic_hex_token,T0.0,control,1,yaml,1,1,1,1,0
sample_10992,generic_hex_token,T0.0,control,1,yaml,1,1,1,1,0
sample_10993,generic_hex_token,T0.0,control,1,yaml,1,1,1,1,0
sample_10994,generic_hex_token,T0.0,control,1,yaml,1,1,1,1,0
sample_10995,generic_hex_token,T0.0,control,1,yaml,1,1,1,1,0
sample_10996,generic_hex_token,T0.0,control,1,yaml,1,1,1,1,0
sample_10997,generic_hex_token,T0.0,control,1,yaml,1,1,1,1,0
sample_10998,generic_hex_token,T0.0,control,1,yaml,1,1,1,1,0
sample_10999,generic_hex_token,T0.0,control,1,yaml,0,0,0,0,0
sample_11000,generic_hex_token,T0.0,control,1,yaml,0,0,0,0,0
sample_11001,generic_hex_token,T0.0,control,1,yaml,1,1,1,1,0
sample_11002,generic_hex_token,T0.0,control,1,yaml,1,1,1,1,0
sample_11003,generic_hex_token,T0.0,control,1,yaml,0,0,0,0,0
sample_11004,generic_hex_token,T0.0,control,1,yaml,1,1,1,1,0
sample_11005,generic_hex_token,T0.0,control,1,yaml,1,1,1,1,0
sample_11006,generic_hex_token,T0.0,control,1,yaml,1,1,1,1,0
sample_11007,generic_hex_token,T0.0,control,1,yaml,1,1,1,1,0
sample_11008,generic_hex_token,T0.0,control,1,yaml,1,1,1,1,0
sample_11009,generic_hex_token,T0.0,control,1,yaml,1,1,1,1,0
sample_11010,generic_hex_token,T0.0,control,1,yaml,1,1,1,1,0
sample_11011,generic_hex_token,T1.1,encoding,1,python,1,1,1,1,0
sample_11012,generic_hex_token,T1.1,encoding,1,python,1,1,1,1,0
sample_11013,generic_hex_token,T1.1,encoding,1,python,1,1,1,1,0
sample_11014,generic_hex_token,T1.1,encoding,1,python,1,1,1,1,0
sample_11015,generic_hex_token,T1.1,encoding,1,python,1,1,1,1,0
sample_11016,generic_hex_token,T1.1,encoding,1,python,1,1,1,1,0
sample_11017,generic_hex_token,T1.1,encoding,1,python,1,1,1,1,0
sample_11018,generic_hex_token,T1.1,encoding,1,python,1,1,1,1,0
sample_11019,generic_hex_token,T1.1,encoding,1,python,1,1,1,1,0
sample_11020,generic_hex_token,T1.1,encoding,1,python,1,1,1,1,0
sample_11021,generic_hex_token,T1.1,encoding,1,python,1,1,1,1,0
sample_11022,generic_hex_token,T1.1,encoding,1,python,1,1,1,1,0
sample_11023,generic_hex_token,T1.1,encoding,1,python,1,1,1,1,0
sample_11024,generic_hex_token,T1.1,encoding,1,python,1,1,1,1,0
sample_11025,generic_hex_token,T1.1,encoding,1,python,1,1,1,1,0
sample_11026,generic_hex_token,T1.1,encoding,1,python,1,1,1,1,0
sample_11027,generic_hex_token,T1.1,encoding,1,python,1,1,1,1,0
sample_11028,generic_hex_token,T1.1,encoding,1,python,1,1,1,1,0
sample_11029,generic_hex_token,T1.1,encoding,1,python,1,1,1,1,0
sample_11030,generic_hex_token,T1.1,encoding,1,python,1,1,1,1,0
sample_11031,generic_hex_token,T1.1,encoding,1,python,1,1,1,1,0
sample_11032,generic_hex_token,T1.1,encoding,1,python,1,1,1,1,0
sample_11033,generic_hex_token,T1.1,encoding,1,python,1,1,1,1,0
sample_11034,generic_hex_token,T1.1,encoding,1,python,1,1,1,1,0
sample_11035,generic_hex_token,T1.1,encoding,1,python,1,1,1,1,0
sample_11036,generic_hex_token,T1.1,encoding,1,python,1,1,1,1,0
sample_11037,generic_hex_token,T1.1,encoding,1,python,1,1,1,1,0
sample_11038,generic_hex_token,T1.1,encoding,1,python,1,1,1,1,0
sample_11039,generic_hex_token,T1.1,encoding,1,python,1,1,1,1,0
sample_11040,generic_hex_token,T1.1,encoding,1,python,1,1,1,1,0
sample_11041,generic_hex_token,T1.1,encoding,1,dotenv,1,1,1,1,0
sample_11042,generic_hex_token,T1.1,encoding,1,dotenv,1,1,1,1,0
sample_11043,generic_hex_token,T1.1,encoding,1,dotenv,1,1,1,1,0
sample_11044,generic_hex_token,T1.1,encoding,1,dotenv,1,1,1,1,0
sample_11045,generic_hex_token,T1.1,encoding,1,dotenv,1,1,1,1,0
sample_11046,generic_hex_token,T1.1,encoding,1,dotenv,1,1,1,1,0
sample_11047,generic_hex_token,T1.1,encoding,1,dotenv,1,1,1,1,0
sample_11048,generic_hex_token,T1.1,encoding,1,dotenv,1,1,1,1,0
sample_11049,generic_hex_token,T1.1,encoding,1,dotenv,1,1,1,1,0
sample_11050,generic_hex_token,T1.1,encoding,1,dotenv,1,1,1,1,0
sample_11051,generic_hex_token,T1.1,encoding,1,dotenv,1,1,1,1,0
sample_11052,generic_hex_token,T1.1,encoding,1,dotenv,1,1,1,1,0
sample_11053,generic_hex_token,T1.1,encoding,1,dotenv,1,1,1,1,0
sample_11054,generic_hex_token,T1.1,encoding,1,dotenv,1,1,1,1,0
sample_11055,generic_hex_token,T1.1,encoding,1,dotenv,1,1,1,1,0
sample_11056,generic_hex_token,T1.1,encoding,1,dotenv,1,1,1,1,0
sample_11057,generic_hex_token,T1.1,encoding,1,dotenv,1,1,1,1,0
sample_11058,generic_hex_token,T1.1,encoding,1,dotenv,1,1,1,1,0
sample_11059,generic_hex_token,T1.1,encoding,1,dotenv,1,1,1,1,0
sample_11060,generic_hex_token,T1.1,encoding,1,dotenv,1,1,1,1,0
sample_11061,generic_hex_token,T1.1,encoding,1,dotenv,1,1,1,1,0
sample_11062,generic_hex_token,T1.1,encoding,1,dotenv,1,1,1,1,0
sample_11063,generic_hex_token,T1.1,encoding,1,dotenv,1,1,1,1,0
sample_11064,generic_hex_token,T1.1,encoding,1,dotenv,1,1,1,1,0
sample_11065,generic_hex_token,T1.1,encoding,1,dotenv,1,1,1,1,0
sample_11066,generic_hex_token,T1.1,encoding,1,dotenv,1,1,1,1,0
sample_11067,generic_hex_token,T1.1,encoding,1,dotenv,1,1,1,1,0
sample_11068,generic_hex_token,T1.1,encoding,1,dotenv,1,1,1,1,0
sample_11069,generic_hex_token,T1.1,encoding,1,dotenv,1,1,1,1,0
sample_11070,generic_hex_token,T1.1,encoding,1,dotenv,1,1,1,1,0
sample_11071,generic_hex_token,T1.1,encoding,1,yaml,1,1,1,1,0
sample_11072,generic_hex_token,T1.1,encoding,1,yaml,1,1,1,1,0
sample_11073,generic_hex_token,T1.1,encoding,1,yaml,1,1,1,1,0
sample_11074,generic_hex_token,T1.1,encoding,1,yaml,1,1,1,1,0
sample_11075,generic_hex_token,T1.1,encoding,1,yaml,1,1,1,1,0
sample_11076,generic_hex_token,T1.1,encoding,1,yaml,1,1,1,1,0
sample_11077,generic_hex_token,T1.1,encoding,1,yaml,1,1,1,1,0
sample_11078,generic_hex_token,T1.1,encoding,1,yaml,1,1,1,1,0
sample_11079,generic_hex_token,T1.1,encoding,1,yaml,1,1,1,1,0
sample_11080,generic_hex_token,T1.1,encoding,1,yaml,1,1,1,1,0
sample_11081,generic_hex_token,T1.1,encoding,1,yaml,1,1,1,1,0
sample_11082,generic_hex_token,T1.1,encoding,1,yaml,1,1,1,1,0
sample_11083,generic_hex_token,T1.1,encoding,1,yaml,1,1,1,1,0
sample_11084,generic_hex_token,T1.1,encoding,1,yaml,1,1,1,1,0
sample_11085,generic_hex_token,T1.1,encoding,1,yaml,1,1,1,1,0
sample_11086,generic_hex_token,T1.1,encoding,1,yaml,1,1,1,1,0
sample_11087,generic_hex_token,T1.1,encoding,1,yaml,1,1,1,1,0
sample_11088,generic_hex_token,T1.1,encoding,1,yaml,1,1,1,1,0
sample_11089,generic_hex_token,T1.1,encoding,1,yaml,1,1,1,1,0
sample_11090,generic_hex_token,T1.1,encoding,1,yaml,1,1,1,1,0
sample_11091,generic_hex_token,T1.1,encoding,1,yaml,1,1,1,1,0
sample_11092,generic_hex_token,T1.1,encoding,1,yaml,1,1,1,1,0
sample_11093,generic_hex_token,T1.1,encoding,1,yaml,1,1,1,1,0
sample_11094,generic_hex_token,T1.1,encoding,1,yaml,1,1,1,1,0
sample_11095,generic_hex_token,T1.1,encoding,1,yaml,1,1,1,1,0
sample_11096,generic_hex_token,T1.1,encoding,1,yaml,1,1,1,1,0
sample_11097,generic_hex_token,T1.1,encoding,1,yaml,1,1,1,1,0
sample_11098,generic_hex_token,T1.1,encoding,1,yaml,1,1,1,1,0
sample_11099,generic_hex_token,T1.1,encoding,1,yaml,1,1,1,1,0
sample_11100,generic_hex_token,T1.1,encoding,1,yaml,1,1,1,1,0
sample_11101,generic_hex_token,T1.2,encoding,1,python,1,1,1,1,0
sample_11102,generic_hex_token,T1.2,encoding,1,python,1,1,1,1,0
sample_11103,generic_hex_token,T1.2,encoding,1,python,1,1,1,1,0
sample_11104,generic_hex_token,T1.2,encoding,1,python,1,1,1,1,0
sample_11105,generic_hex_token,T1.2,encoding,1,python,1,1,1,1,0
sample_11106,generic_hex_token,T1.2,encoding,1,python,1,1,1,1,0
sample_11107,generic_hex_token,T1.2,encoding,1,python,1,1,1,1,0
sample_11108,generic_hex_token,T1.2,encoding,1,python,1,1,1,1,0
sample_11109,generic_hex_token,T1.2,encoding,1,python,1,1,1,1,0
sample_11110,generic_hex_token,T1.2,encoding,1,python,1,1,1,1,0
sample_11111,generic_hex_token,T1.2,encoding,1,python,1,1,1,1,0
sample_11112,generic_hex_token,T1.2,encoding,1,python,1,1,1,1,0
sample_11113,generic_hex_token,T1.2,encoding,1,python,1,1,1,1,0
sample_11114,generic_hex_token,T1.2,encoding,1,python,1,1,1,1,0
sample_11115,generic_hex_token,T1.2,encoding,1,python,1,1,1,1,0
sample_11116,generic_hex_token,T1.2,encoding,1,python,1,1,1,1,0
sample_11117,generic_hex_token,T1.2,encoding,1,python,1,1,1,1,0
sample_11118,generic_hex_token,T1.2,encoding,1,python,1,1,1,1,0
sample_11119,generic_hex_token,T1.2,encoding,1,python,1,1,1,1,0
sample_11120,generic_hex_token,T1.2,encoding,1,python,1,1,1,1,0
sample_11121,generic_hex_token,T1.2,encoding,1,python,1,1,1,1,0
sample_11122,generic_hex_token,T1.2,encoding,1,python,1,1,1,1,0
sample_11123,generic_hex_token,T1.2,encoding,1,python,1,1,1,1,0
sample_11124,generic_hex_token,T1.2,encoding,1,python,1,1,1,1,0
sample_11125,generic_hex_token,T1.2,encoding,1,python,1,1,1,1,0
sample_11126,generic_hex_token,T1.2,encoding,1,python,1,1,1,1,0
sample_11127,generic_hex_token,T1.2,encoding,1,python,1,1,1,1,0
sample_11128,generic_hex_token,T1.2,encoding,1,python,1,1,1,1,0
sample_11129,generic_hex_token,T1.2,encoding,1,python,1,1,1,1,0
sample_11130,generic_hex_token,T1.2,encoding,1,python,1,1,1,1,0
sample_11131,generic_hex_token,T1.2,encoding,1,dotenv,1,1,1,1,0
sample_11132,generic_hex_token,T1.2,encoding,1,dotenv,1,1,1,1,0
sample_11133,generic_hex_token,T1.2,encoding,1,dotenv,1,1,1,1,0
sample_11134,generic_hex_token,T1.2,encoding,1,dotenv,1,1,1,1,0
sample_11135,generic_hex_token,T1.2,encoding,1,dotenv,1,1,1,1,0
sample_11136,generic_hex_token,T1.2,encoding,1,dotenv,1,1,1,1,0
sample_11137,generic_hex_token,T1.2,encoding,1,dotenv,1,1,1,1,0
sample_11138,generic_hex_token,T1.2,encoding,1,dotenv,1,1,0,0,0
sample_11139,generic_hex_token,T1.2,encoding,1,dotenv,1,1,1,1,0
sample_11140,generic_hex_token,T1.2,encoding,1,dotenv,1,1,1,1,0
sample_11141,generic_hex_token,T1.2,encoding,1,dotenv,1,1,1,1,0
sample_11142,generic_hex_token,T1.2,encoding,1,dotenv,1,1,1,1,0
sample_11143,generic_hex_token,T1.2,encoding,1,dotenv,1,1,1,1,0
sample_11144,generic_hex_token,T1.2,encoding,1,dotenv,1,1,1,1,0
sample_11145,generic_hex_token,T1.2,encoding,1,dotenv,1,1,1,1,0
sample_11146,generic_hex_token,T1.2,encoding,1,dotenv,1,1,1,1,0
sample_11147,generic_hex_token,T1.2,encoding,1,dotenv,1,1,1,1,0
sample_11148,generic_hex_token,T1.2,encoding,1,dotenv,1,1,1,1,0
sample_11149,generic_hex_token,T1.2,encoding,1,dotenv,1,1,1,1,0
sample_11150,generic_hex_token,T1.2,encoding,1,dotenv,1,1,1,1,0
sample_11151,generic_hex_token,T1.2,encoding,1,dotenv,1,1,1,1,0
sample_11152,generic_hex_token,T1.2,encoding,1,dotenv,1,1,1,1,0
sample_11153,generic_hex_token,T1.2,encoding,1,dotenv,1,1,1,1,0
sample_11154,generic_hex_token,T1.2,encoding,1,dotenv,1,1,1,1,0
sample_11155,generic_hex_token,T1.2,encoding,1,dotenv,1,1,1,1,0
sample_11156,generic_hex_token,T1.2,encoding,1,dotenv,1,1,1,1,0
sample_11157,generic_hex_token,T1.2,encoding,1,dotenv,1,1,1,1,0
sample_11158,generic_hex_token,T1.2,encoding,1,dotenv,0,0,0,0,0
sample_11159,generic_hex_token,T1.2,encoding,1,dotenv,1,1,1,1,0
sample_11160,generic_hex_token,T1.2,encoding,1,dotenv,1,1,1,1,0
sample_11161,generic_hex_token,T1.2,encoding,1,yaml,1,1,1,1,0
sample_11162,generic_hex_token,T1.2,encoding,1,yaml,1,1,1,1,0
sample_11163,generic_hex_token,T1.2,encoding,1,yaml,1,1,1,1,0
sample_11164,generic_hex_token,T1.2,encoding,1,yaml,1,1,1,1,0
sample_11165,generic_hex_token,T1.2,encoding,1,yaml,1,1,1,1,0
sample_11166,generic_hex_token,T1.2,encoding,1,yaml,1,1,1,1,0
sample_11167,generic_hex_token,T1.2,encoding,1,yaml,1,1,1,1,0
sample_11168,generic_hex_token,T1.2,encoding,1,yaml,1,1,1,1,0
sample_11169,generic_hex_token,T1.2,encoding,1,yaml,1,1,1,1,0
sample_11170,generic_hex_token,T1.2,encoding,1,yaml,1,1,1,1,0
sample_11171,generic_hex_token,T1.2,encoding,1,yaml,1,1,1,1,0
sample_11172,generic_hex_token,T1.2,encoding,1,yaml,1,1,0,0,0
sample_11173,generic_hex_token,T1.2,encoding,1,yaml,1,1,1,1,0
sample_11174,generic_hex_token,T1.2,encoding,1,yaml,1,1,1,1,0
sample_11175,generic_hex_token,T1.2,encoding,1,yaml,1,1,1,1,0
sample_11176,generic_hex_token,T1.2,encoding,1,yaml,1,1,1,1,0
sample_11177,generic_hex_token,T1.2,encoding,1,yaml,1,1,1,1,0
sample_11178,generic_hex_token,T1.2,encoding,1,yaml,1,1,1,1,0
sample_11179,generic_hex_token,T1.2,encoding,1,yaml,1,1,1,1,0
sample_11180,generic_hex_token,T1.2,encoding,1,yaml,1,1,1,1,0
sample_11181,generic_hex_token,T1.2,encoding,1,yaml,1,1,1,1,0
sample_11182,generic_hex_token,T1.2,encoding,1,yaml,1,1,1,1,0
sample_11183,generic_hex_token,T1.2,encoding,1,yaml,1,1,1,1,0
sample_11184,generic_hex_token,T1.2,encoding,1,yaml,1,1,1,1,0
sample_11185,generic_hex_token,T1.2,encoding,1,yaml,1,1,1,1,0
sample_11186,generic_hex_token,T1.2,encoding,1,yaml,1,1,1,1,0
sample_11187,generic_hex_token,T1.2,encoding,1,yaml,1,1,1,1,0
sample_11188,generic_hex_token,T1.2,encoding,1,yaml,1,1,1,1,0
sample_11189,generic_hex_token,T1.2,encoding,1,yaml,1,1,1,1,0
sample_11190,generic_hex_token,T1.2,encoding,1,yaml,1,1,1,1,0
sample_11191,generic_hex_token,T1.3,encoding,1,python,0,0,0,0,0
sample_11192,generic_hex_token,T1.3,encoding,1,python,0,0,0,0,0
sample_11193,generic_hex_token,T1.3,encoding,1,python,0,0,0,0,0
sample_11194,generic_hex_token,T1.3,encoding,1,python,0,0,0,0,0
sample_11195,generic_hex_token,T1.3,encoding,1,python,0,0,0,0,0
sample_11196,generic_hex_token,T1.3,encoding,1,python,0,0,0,0,0
sample_11197,generic_hex_token,T1.3,encoding,1,python,0,0,0,0,0
sample_11198,generic_hex_token,T1.3,encoding,1,python,0,0,0,0,0
sample_11199,generic_hex_token,T1.3,encoding,1,python,0,0,0,0,0
sample_11200,generic_hex_token,T1.3,encoding,1,python,0,0,0,0,0
sample_11201,generic_hex_token,T1.3,encoding,1,python,0,0,0,0,0
sample_11202,generic_hex_token,T1.3,encoding,1,python,0,0,0,0,0
sample_11203,generic_hex_token,T1.3,encoding,1,python,0,0,0,0,0
sample_11204,generic_hex_token,T1.3,encoding,1,python,0,0,0,0,0
sample_11205,generic_hex_token,T1.3,encoding,1,python,0,0,0,0,0
sample_11206,generic_hex_token,T1.3,encoding,1,python,0,0,0,0,0
sample_11207,generic_hex_token,T1.3,encoding,1,python,0,0,0,0,0
sample_11208,generic_hex_token,T1.3,encoding,1,python,0,0,0,0,0
sample_11209,generic_hex_token,T1.3,encoding,1,python,0,0,0,0,0
sample_11210,generic_hex_token,T1.3,encoding,1,python,0,0,0,0,0
sample_11211,generic_hex_token,T1.3,encoding,1,python,0,0,0,0,0
sample_11212,generic_hex_token,T1.3,encoding,1,python,0,0,0,0,0
sample_11213,generic_hex_token,T1.3,encoding,1,python,0,0,0,0,0
sample_11214,generic_hex_token,T1.3,encoding,1,python,0,0,0,0,0
sample_11215,generic_hex_token,T1.3,encoding,1,python,0,0,0,0,0
sample_11216,generic_hex_token,T1.3,encoding,1,python,0,0,0,0,0
sample_11217,generic_hex_token,T1.3,encoding,1,python,0,0,0,0,0
sample_11218,generic_hex_token,T1.3,encoding,1,python,0,0,0,0,0
sample_11219,generic_hex_token,T1.3,encoding,1,python,0,0,0,0,0
sample_11220,generic_hex_token,T1.3,encoding,1,python,0,0,0,0,0
sample_11221,generic_hex_token,T1.3,encoding,1,dotenv,0,0,0,0,0
sample_11222,generic_hex_token,T1.3,encoding,1,dotenv,0,0,0,0,0
sample_11223,generic_hex_token,T1.3,encoding,1,dotenv,0,0,0,0,0
sample_11224,generic_hex_token,T1.3,encoding,1,dotenv,0,0,0,0,0
sample_11225,generic_hex_token,T1.3,encoding,1,dotenv,0,0,0,0,0
sample_11226,generic_hex_token,T1.3,encoding,1,dotenv,0,0,0,0,0
sample_11227,generic_hex_token,T1.3,encoding,1,dotenv,0,0,0,0,0
sample_11228,generic_hex_token,T1.3,encoding,1,dotenv,0,0,0,0,0
sample_11229,generic_hex_token,T1.3,encoding,1,dotenv,0,0,0,0,0
sample_11230,generic_hex_token,T1.3,encoding,1,dotenv,0,0,0,0,0
sample_11231,generic_hex_token,T1.3,encoding,1,dotenv,0,0,0,0,0
sample_11232,generic_hex_token,T1.3,encoding,1,dotenv,0,0,0,0,0
sample_11233,generic_hex_token,T1.3,encoding,1,dotenv,0,0,0,0,0
sample_11234,generic_hex_token,T1.3,encoding,1,dotenv,0,0,0,0,0
sample_11235,generic_hex_token,T1.3,encoding,1,dotenv,0,0,0,0,0
sample_11236,generic_hex_token,T1.3,encoding,1,dotenv,0,0,0,0,0
sample_11237,generic_hex_token,T1.3,encoding,1,dotenv,0,0,0,0,0
sample_11238,generic_hex_token,T1.3,encoding,1,dotenv,0,0,0,0,0
sample_11239,generic_hex_token,T1.3,encoding,1,dotenv,0,0,0,0,0
sample_11240,generic_hex_token,T1.3,encoding,1,dotenv,0,0,0,0,0
sample_11241,generic_hex_token,T1.3,encoding,1,dotenv,0,0,0,0,0
sample_11242,generic_hex_token,T1.3,encoding,1,dotenv,0,0,0,0,0
sample_11243,generic_hex_token,T1.3,encoding,1,dotenv,0,0,0,0,0
sample_11244,generic_hex_token,T1.3,encoding,1,dotenv,0,0,0,0,0
sample_11245,generic_hex_token,T1.3,encoding,1,dotenv,0,0,0,0,0
sample_11246,generic_hex_token,T1.3,encoding,1,dotenv,0,0,0,0,0
sample_11247,generic_hex_token,T1.3,encoding,1,dotenv,0,0,0,0,0
sample_11248,generic_hex_token,T1.3,encoding,1,dotenv,0,0,0,0,0
sample_11249,generic_hex_token,T1.3,encoding,1,dotenv,0,0,0,0,0
sample_11250,generic_hex_token,T1.3,encoding,1,dotenv,0,0,0,0,0
sample_11251,generic_hex_token,T1.3,encoding,1,yaml,0,0,0,0,0
sample_11252,generic_hex_token,T1.3,encoding,1,yaml,1,1,1,1,0
sample_11253,generic_hex_token,T1.3,encoding,1,yaml,0,0,0,0,0
sample_11254,generic_hex_token,T1.3,encoding,1,yaml,0,0,0,0,0
sample_11255,generic_hex_token,T1.3,encoding,1,yaml,0,0,0,0,0
sample_11256,generic_hex_token,T1.3,encoding,1,yaml,0,0,0,0,0
sample_11257,generic_hex_token,T1.3,encoding,1,yaml,0,0,0,0,0
sample_11258,generic_hex_token,T1.3,encoding,1,yaml,0,0,0,0,0
sample_11259,generic_hex_token,T1.3,encoding,1,yaml,0,0,0,0,0
sample_11260,generic_hex_token,T1.3,encoding,1,yaml,0,0,0,0,0
sample_11261,generic_hex_token,T1.3,encoding,1,yaml,0,0,0,0,0
sample_11262,generic_hex_token,T1.3,encoding,1,yaml,0,0,0,0,0
sample_11263,generic_hex_token,T1.3,encoding,1,yaml,0,0,0,0,0
sample_11264,generic_hex_token,T1.3,encoding,1,yaml,0,0,0,0,0
sample_11265,generic_hex_token,T1.3,encoding,1,yaml,0,0,0,0,0
sample_11266,generic_hex_token,T1.3,encoding,1,yaml,0,0,0,0,0
sample_11267,generic_hex_token,T1.3,encoding,1,yaml,0,0,0,0,0
sample_11268,generic_hex_token,T1.3,encoding,1,yaml,0,0,0,0,0
sample_11269,generic_hex_token,T1.3,encoding,1,yaml,0,0,0,0,0
sample_11270,generic_hex_token,T1.3,encoding,1,yaml,0,0,0,0,0
sample_11271,generic_hex_token,T1.3,encoding,1,yaml,0,0,0,0,0
sample_11272,generic_hex_token,T1.3,encoding,1,yaml,0,0,0,0,0
sample_11273,generic_hex_token,T1.3,encoding,1,yaml,0,0,0,0,0
sample_11274,generic_hex_token,T1.3,encoding,1,yaml,0,0,0,0,0
sample_11275,generic_hex_token,T1.3,encoding,1,yaml,1,1,1,1,0
sample_11276,generic_hex_token,T1.3,encoding,1,yaml,0,0,0,0,0
sample_11277,generic_hex_token,T1.3,encoding,1,yaml,0,0,0,0,0
sample_11278,generic_hex_token,T1.3,encoding,1,yaml,0,0,0,0,0
sample_11279,generic_hex_token,T1.3,encoding,1,yaml,0,0,0,0,0
sample_11280,generic_hex_token,T1.3,encoding,1,yaml,0,0,0,0,0
sample_11281,generic_hex_token,T1.4,encoding,1,python,0,1,0,1,0
sample_11282,generic_hex_token,T1.4,encoding,1,python,0,1,0,1,0
sample_11283,generic_hex_token,T1.4,encoding,1,python,0,1,0,1,0
sample_11284,generic_hex_token,T1.4,encoding,1,python,0,1,0,1,0
sample_11285,generic_hex_token,T1.4,encoding,1,python,0,1,0,1,0
sample_11286,generic_hex_token,T1.4,encoding,1,python,0,1,0,1,0
sample_11287,generic_hex_token,T1.4,encoding,1,python,0,1,0,1,0
sample_11288,generic_hex_token,T1.4,encoding,1,python,0,1,0,1,0
sample_11289,generic_hex_token,T1.4,encoding,1,python,0,1,0,1,0
sample_11290,generic_hex_token,T1.4,encoding,1,python,0,0,0,0,0
sample_11291,generic_hex_token,T1.4,encoding,1,python,0,1,0,1,0
sample_11292,generic_hex_token,T1.4,encoding,1,python,0,1,0,1,0
sample_11293,generic_hex_token,T1.4,encoding,1,python,0,1,0,1,0
sample_11294,generic_hex_token,T1.4,encoding,1,python,0,1,0,1,0
sample_11295,generic_hex_token,T1.4,encoding,1,python,0,1,0,1,0
sample_11296,generic_hex_token,T1.4,encoding,1,python,0,1,0,1,0
sample_11297,generic_hex_token,T1.4,encoding,1,python,0,1,0,1,0
sample_11298,generic_hex_token,T1.4,encoding,1,python,0,1,0,1,0
sample_11299,generic_hex_token,T1.4,encoding,1,python,0,1,0,1,0
sample_11300,generic_hex_token,T1.4,encoding,1,python,0,1,0,1,0
sample_11301,generic_hex_token,T1.4,encoding,1,python,0,1,0,1,0
sample_11302,generic_hex_token,T1.4,encoding,1,python,0,1,0,1,0
sample_11303,generic_hex_token,T1.4,encoding,1,python,0,1,0,1,0
sample_11304,generic_hex_token,T1.4,encoding,1,python,0,1,0,1,0
sample_11305,generic_hex_token,T1.4,encoding,1,python,0,1,0,1,0
sample_11306,generic_hex_token,T1.4,encoding,1,python,0,1,0,1,0
sample_11307,generic_hex_token,T1.4,encoding,1,python,0,1,0,1,0
sample_11308,generic_hex_token,T1.4,encoding,1,python,0,1,0,1,0
sample_11309,generic_hex_token,T1.4,encoding,1,python,0,1,0,1,0
sample_11310,generic_hex_token,T1.4,encoding,1,python,0,1,0,1,0
sample_11311,generic_hex_token,T1.4,encoding,1,dotenv,0,1,0,1,0
sample_11312,generic_hex_token,T1.4,encoding,1,dotenv,0,1,0,1,0
sample_11313,generic_hex_token,T1.4,encoding,1,dotenv,0,1,0,1,0
sample_11314,generic_hex_token,T1.4,encoding,1,dotenv,0,1,0,1,0
sample_11315,generic_hex_token,T1.4,encoding,1,dotenv,0,1,0,1,0
sample_11316,generic_hex_token,T1.4,encoding,1,dotenv,0,1,0,1,0
sample_11317,generic_hex_token,T1.4,encoding,1,dotenv,0,1,0,1,0
sample_11318,generic_hex_token,T1.4,encoding,1,dotenv,0,1,0,1,0
sample_11319,generic_hex_token,T1.4,encoding,1,dotenv,0,1,0,1,0
sample_11320,generic_hex_token,T1.4,encoding,1,dotenv,0,1,0,1,0
sample_11321,generic_hex_token,T1.4,encoding,1,dotenv,0,1,0,1,0
sample_11322,generic_hex_token,T1.4,encoding,1,dotenv,0,1,0,1,0
sample_11323,generic_hex_token,T1.4,encoding,1,dotenv,0,1,0,1,0
sample_11324,generic_hex_token,T1.4,encoding,1,dotenv,0,1,0,1,0
sample_11325,generic_hex_token,T1.4,encoding,1,dotenv,0,1,0,1,0
sample_11326,generic_hex_token,T1.4,encoding,1,dotenv,0,1,0,1,0
sample_11327,generic_hex_token,T1.4,encoding,1,dotenv,0,1,0,1,0
sample_11328,generic_hex_token,T1.4,encoding,1,dotenv,0,1,0,1,0
sample_11329,generic_hex_token,T1.4,encoding,1,dotenv,0,1,0,1,0
sample_11330,generic_hex_token,T1.4,encoding,1,dotenv,0,1,0,1,0
sample_11331,generic_hex_token,T1.4,encoding,1,dotenv,0,1,0,1,0
sample_11332,generic_hex_token,T1.4,encoding,1,dotenv,0,1,0,1,0
sample_11333,generic_hex_token,T1.4,encoding,1,dotenv,0,1,0,1,0
sample_11334,generic_hex_token,T1.4,encoding,1,dotenv,0,0,0,0,0
sample_11335,generic_hex_token,T1.4,encoding,1,dotenv,0,1,0,1,0
sample_11336,generic_hex_token,T1.4,encoding,1,dotenv,0,1,0,1,0
sample_11337,generic_hex_token,T1.4,encoding,1,dotenv,0,1,0,1,0
sample_11338,generic_hex_token,T1.4,encoding,1,dotenv,0,1,0,1,0
sample_11339,generic_hex_token,T1.4,encoding,1,dotenv,0,1,0,1,0
sample_11340,generic_hex_token,T1.4,encoding,1,dotenv,0,1,0,1,0
sample_11341,generic_hex_token,T1.4,encoding,1,yaml,0,1,0,1,0
sample_11342,generic_hex_token,T1.4,encoding,1,yaml,0,1,0,1,0
sample_11343,generic_hex_token,T1.4,encoding,1,yaml,0,1,0,1,0
sample_11344,generic_hex_token,T1.4,encoding,1,yaml,0,1,0,1,0
sample_11345,generic_hex_token,T1.4,encoding,1,yaml,0,1,0,1,0
sample_11346,generic_hex_token,T1.4,encoding,1,yaml,0,1,0,1,0
sample_11347,generic_hex_token,T1.4,encoding,1,yaml,0,1,0,1,0
sample_11348,generic_hex_token,T1.4,encoding,1,yaml,0,1,0,1,0
sample_11349,generic_hex_token,T1.4,encoding,1,yaml,0,1,0,1,0
sample_11350,generic_hex_token,T1.4,encoding,1,yaml,0,1,0,1,0
sample_11351,generic_hex_token,T1.4,encoding,1,yaml,0,0,0,0,0
sample_11352,generic_hex_token,T1.4,encoding,1,yaml,0,1,0,1,0
sample_11353,generic_hex_token,T1.4,encoding,1,yaml,0,1,0,1,0
sample_11354,generic_hex_token,T1.4,encoding,1,yaml,0,1,0,1,0
sample_11355,generic_hex_token,T1.4,encoding,1,yaml,0,1,0,1,0
sample_11356,generic_hex_token,T1.4,encoding,1,yaml,0,1,0,1,0
sample_11357,generic_hex_token,T1.4,encoding,1,yaml,0,1,0,1,0
sample_11358,generic_hex_token,T1.4,encoding,1,yaml,0,1,0,1,0
sample_11359,generic_hex_token,T1.4,encoding,1,yaml,0,1,0,1,0
sample_11360,generic_hex_token,T1.4,encoding,1,yaml,0,1,0,1,0
sample_11361,generic_hex_token,T1.4,encoding,1,yaml,0,1,0,1,0
sample_11362,generic_hex_token,T1.4,encoding,1,yaml,0,1,0,1,0
sample_11363,generic_hex_token,T1.4,encoding,1,yaml,0,1,0,1,0
sample_11364,generic_hex_token,T1.4,encoding,1,yaml,0,1,0,1,0
sample_11365,generic_hex_token,T1.4,encoding,1,yaml,0,1,0,1,0
sample_11366,generic_hex_token,T1.4,encoding,1,yaml,0,1,0,1,0
sample_11367,generic_hex_token,T1.4,encoding,1,yaml,0,1,0,1,0
sample_11368,generic_hex_token,T1.4,encoding,1,yaml,0,1,0,1,0
sample_11369,generic_hex_token,T1.4,encoding,1,yaml,0,1,0,1,0
sample_11370,generic_hex_token,T1.4,encoding,1,yaml,0,1,0,1,0
sample_11371,generic_hex_token,T1.5,encoding,1,python,1,1,1,1,0
sample_11372,generic_hex_token,T1.5,encoding,1,python,1,1,1,1,0
sample_11373,generic_hex_token,T1.5,encoding,1,python,1,1,1,1,0
sample_11374,generic_hex_token,T1.5,encoding,1,python,1,1,1,1,0
sample_11375,generic_hex_token,T1.5,encoding,1,python,1,1,1,1,0
sample_11376,generic_hex_token,T1.5,encoding,1,python,1,1,1,1,0
sample_11377,generic_hex_token,T1.5,encoding,1,python,1,1,1,1,0
sample_11378,generic_hex_token,T1.5,encoding,1,python,1,1,1,1,0
sample_11379,generic_hex_token,T1.5,encoding,1,python,1,1,1,1,0
sample_11380,generic_hex_token,T1.5,encoding,1,python,1,1,1,1,0
sample_11381,generic_hex_token,T1.5,encoding,1,python,1,1,1,1,0
sample_11382,generic_hex_token,T1.5,encoding,1,python,1,1,1,1,0
sample_11383,generic_hex_token,T1.5,encoding,1,python,1,1,1,1,0
sample_11384,generic_hex_token,T1.5,encoding,1,python,1,1,1,1,0
sample_11385,generic_hex_token,T1.5,encoding,1,python,1,1,1,1,0
sample_11386,generic_hex_token,T1.5,encoding,1,python,1,1,1,1,0
sample_11387,generic_hex_token,T1.5,encoding,1,python,1,1,1,1,0
sample_11388,generic_hex_token,T1.5,encoding,1,python,1,1,1,1,0
sample_11389,generic_hex_token,T1.5,encoding,1,python,1,1,1,1,0
sample_11390,generic_hex_token,T1.5,encoding,1,python,1,1,1,1,0
sample_11391,generic_hex_token,T1.5,encoding,1,python,1,1,1,1,0
sample_11392,generic_hex_token,T1.5,encoding,1,python,1,1,1,1,0
sample_11393,generic_hex_token,T1.5,encoding,1,python,1,1,1,1,0
sample_11394,generic_hex_token,T1.5,encoding,1,python,1,1,1,1,0
sample_11395,generic_hex_token,T1.5,encoding,1,python,1,1,1,1,0
sample_11396,generic_hex_token,T1.5,encoding,1,python,1,1,1,1,0
sample_11397,generic_hex_token,T1.5,encoding,1,python,1,1,1,1,0
sample_11398,generic_hex_token,T1.5,encoding,1,python,1,1,1,1,0
sample_11399,generic_hex_token,T1.5,encoding,1,python,1,1,1,1,0
sample_11400,generic_hex_token,T1.5,encoding,1,python,1,1,1,1,0
sample_11401,generic_hex_token,T1.5,encoding,1,dotenv,1,1,1,1,0
sample_11402,generic_hex_token,T1.5,encoding,1,dotenv,1,1,1,1,0
sample_11403,generic_hex_token,T1.5,encoding,1,dotenv,1,1,1,1,0
sample_11404,generic_hex_token,T1.5,encoding,1,dotenv,1,1,1,1,0
sample_11405,generic_hex_token,T1.5,encoding,1,dotenv,1,1,1,1,0
sample_11406,generic_hex_token,T1.5,encoding,1,dotenv,1,1,1,1,0
sample_11407,generic_hex_token,T1.5,encoding,1,dotenv,1,1,1,1,0
sample_11408,generic_hex_token,T1.5,encoding,1,dotenv,1,1,1,1,0
sample_11409,generic_hex_token,T1.5,encoding,1,dotenv,1,1,1,1,0
sample_11410,generic_hex_token,T1.5,encoding,1,dotenv,1,1,1,1,0
sample_11411,generic_hex_token,T1.5,encoding,1,dotenv,1,1,1,1,0
sample_11412,generic_hex_token,T1.5,encoding,1,dotenv,1,1,1,1,0
sample_11413,generic_hex_token,T1.5,encoding,1,dotenv,1,1,1,1,0
sample_11414,generic_hex_token,T1.5,encoding,1,dotenv,1,1,1,1,0
sample_11415,generic_hex_token,T1.5,encoding,1,dotenv,1,1,1,1,0
sample_11416,generic_hex_token,T1.5,encoding,1,dotenv,1,1,1,1,0
sample_11417,generic_hex_token,T1.5,encoding,1,dotenv,1,1,1,1,0
sample_11418,generic_hex_token,T1.5,encoding,1,dotenv,1,1,1,1,0
sample_11419,generic_hex_token,T1.5,encoding,1,dotenv,1,1,1,1,0
sample_11420,generic_hex_token,T1.5,encoding,1,dotenv,1,1,1,1,0
sample_11421,generic_hex_token,T1.5,encoding,1,dotenv,1,1,1,1,0
sample_11422,generic_hex_token,T1.5,encoding,1,dotenv,1,1,1,1,0
sample_11423,generic_hex_token,T1.5,encoding,1,dotenv,1,1,1,1,0
sample_11424,generic_hex_token,T1.5,encoding,1,dotenv,1,1,1,1,0
sample_11425,generic_hex_token,T1.5,encoding,1,dotenv,1,1,1,1,0
sample_11426,generic_hex_token,T1.5,encoding,1,dotenv,1,1,1,1,0
sample_11427,generic_hex_token,T1.5,encoding,1,dotenv,1,1,1,1,0
sample_11428,generic_hex_token,T1.5,encoding,1,dotenv,1,1,1,1,0
sample_11429,generic_hex_token,T1.5,encoding,1,dotenv,1,1,1,1,0
sample_11430,generic_hex_token,T1.5,encoding,1,dotenv,1,1,1,1,0
sample_11431,generic_hex_token,T1.5,encoding,1,yaml,1,1,1,1,0
sample_11432,generic_hex_token,T1.5,encoding,1,yaml,1,1,1,1,0
sample_11433,generic_hex_token,T1.5,encoding,1,yaml,1,1,1,1,0
sample_11434,generic_hex_token,T1.5,encoding,1,yaml,1,1,1,1,0
sample_11435,generic_hex_token,T1.5,encoding,1,yaml,1,1,1,1,0
sample_11436,generic_hex_token,T1.5,encoding,1,yaml,1,1,1,1,0
sample_11437,generic_hex_token,T1.5,encoding,1,yaml,1,1,1,1,0
sample_11438,generic_hex_token,T1.5,encoding,1,yaml,1,1,1,1,0
sample_11439,generic_hex_token,T1.5,encoding,1,yaml,0,0,0,0,0
sample_11440,generic_hex_token,T1.5,encoding,1,yaml,1,1,1,1,0
sample_11441,generic_hex_token,T1.5,encoding,1,yaml,1,1,1,1,0
sample_11442,generic_hex_token,T1.5,encoding,1,yaml,1,1,1,1,0
sample_11443,generic_hex_token,T1.5,encoding,1,yaml,1,1,1,1,0
sample_11444,generic_hex_token,T1.5,encoding,1,yaml,1,1,1,1,0
sample_11445,generic_hex_token,T1.5,encoding,1,yaml,1,1,1,1,0
sample_11446,generic_hex_token,T1.5,encoding,1,yaml,1,1,1,1,0
sample_11447,generic_hex_token,T1.5,encoding,1,yaml,1,1,1,1,0
sample_11448,generic_hex_token,T1.5,encoding,1,yaml,1,1,1,1,0
sample_11449,generic_hex_token,T1.5,encoding,1,yaml,1,1,1,1,0
sample_11450,generic_hex_token,T1.5,encoding,1,yaml,1,1,1,1,0
sample_11451,generic_hex_token,T1.5,encoding,1,yaml,1,1,1,1,0
sample_11452,generic_hex_token,T1.5,encoding,1,yaml,1,1,1,1,0
sample_11453,generic_hex_token,T1.5,encoding,1,yaml,1,1,1,1,0
sample_11454,generic_hex_token,T1.5,encoding,1,yaml,1,1,1,1,0
sample_11455,generic_hex_token,T1.5,encoding,1,yaml,1,1,1,1,0
sample_11456,generic_hex_token,T1.5,encoding,1,yaml,1,1,1,1,0
sample_11457,generic_hex_token,T1.5,encoding,1,yaml,1,1,1,1,0
sample_11458,generic_hex_token,T1.5,encoding,1,yaml,1,1,1,1,0
sample_11459,generic_hex_token,T1.5,encoding,1,yaml,1,1,1,1,0
sample_11460,generic_hex_token,T1.5,encoding,1,yaml,1,1,1,1,0
sample_11461,generic_hex_token,T1.6,encoding,1,python,1,1,1,1,0
sample_11462,generic_hex_token,T1.6,encoding,1,python,1,1,1,1,0
sample_11463,generic_hex_token,T1.6,encoding,1,python,1,1,1,1,0
sample_11464,generic_hex_token,T1.6,encoding,1,python,1,1,1,1,0
sample_11465,generic_hex_token,T1.6,encoding,1,python,1,1,1,1,0
sample_11466,generic_hex_token,T1.6,encoding,1,python,1,1,1,1,0
sample_11467,generic_hex_token,T1.6,encoding,1,python,1,1,1,1,0
sample_11468,generic_hex_token,T1.6,encoding,1,python,1,1,1,1,0
sample_11469,generic_hex_token,T1.6,encoding,1,python,1,1,1,1,0
sample_11470,generic_hex_token,T1.6,encoding,1,python,1,1,1,1,0
sample_11471,generic_hex_token,T1.6,encoding,1,python,1,1,1,1,0
sample_11472,generic_hex_token,T1.6,encoding,1,python,1,1,1,1,0
sample_11473,generic_hex_token,T1.6,encoding,1,python,1,1,1,1,0
sample_11474,generic_hex_token,T1.6,encoding,1,python,1,1,1,1,0
sample_11475,generic_hex_token,T1.6,encoding,1,python,1,1,1,1,0
sample_11476,generic_hex_token,T1.6,encoding,1,python,1,1,1,1,0
sample_11477,generic_hex_token,T1.6,encoding,1,python,1,1,1,1,0
sample_11478,generic_hex_token,T1.6,encoding,1,python,1,1,1,1,0
sample_11479,generic_hex_token,T1.6,encoding,1,python,1,1,1,1,0
sample_11480,generic_hex_token,T1.6,encoding,1,python,1,1,1,1,0
sample_11481,generic_hex_token,T1.6,encoding,1,python,1,1,1,1,0
sample_11482,generic_hex_token,T1.6,encoding,1,python,1,1,1,1,0
sample_11483,generic_hex_token,T1.6,encoding,1,python,1,1,1,1,0
sample_11484,generic_hex_token,T1.6,encoding,1,python,1,1,1,1,0
sample_11485,generic_hex_token,T1.6,encoding,1,python,1,1,1,1,0
sample_11486,generic_hex_token,T1.6,encoding,1,python,1,1,1,1,0
sample_11487,generic_hex_token,T1.6,encoding,1,python,1,1,1,1,0
sample_11488,generic_hex_token,T1.6,encoding,1,python,1,1,1,1,0
sample_11489,generic_hex_token,T1.6,encoding,1,python,1,1,1,1,0
sample_11490,generic_hex_token,T1.6,encoding,1,python,1,1,1,1,0
sample_11491,generic_hex_token,T1.6,encoding,1,dotenv,1,1,1,1,0
sample_11492,generic_hex_token,T1.6,encoding,1,dotenv,1,1,1,1,0
sample_11493,generic_hex_token,T1.6,encoding,1,dotenv,1,1,1,1,0
sample_11494,generic_hex_token,T1.6,encoding,1,dotenv,1,1,1,1,0
sample_11495,generic_hex_token,T1.6,encoding,1,dotenv,1,1,1,1,0
sample_11496,generic_hex_token,T1.6,encoding,1,dotenv,1,1,1,1,0
sample_11497,generic_hex_token,T1.6,encoding,1,dotenv,1,1,1,1,0
sample_11498,generic_hex_token,T1.6,encoding,1,dotenv,1,1,1,1,0
sample_11499,generic_hex_token,T1.6,encoding,1,dotenv,1,1,1,1,0
sample_11500,generic_hex_token,T1.6,encoding,1,dotenv,1,1,1,1,0
sample_11501,generic_hex_token,T1.6,encoding,1,dotenv,1,1,1,1,0
sample_11502,generic_hex_token,T1.6,encoding,1,dotenv,1,1,1,1,0
sample_11503,generic_hex_token,T1.6,encoding,1,dotenv,1,1,1,1,0
sample_11504,generic_hex_token,T1.6,encoding,1,dotenv,1,1,1,1,0
sample_11505,generic_hex_token,T1.6,encoding,1,dotenv,1,1,1,1,0
sample_11506,generic_hex_token,T1.6,encoding,1,dotenv,1,1,1,1,0
sample_11507,generic_hex_token,T1.6,encoding,1,dotenv,1,1,1,1,0
sample_11508,generic_hex_token,T1.6,encoding,1,dotenv,1,1,1,1,0
sample_11509,generic_hex_token,T1.6,encoding,1,dotenv,1,1,1,1,0
sample_11510,generic_hex_token,T1.6,encoding,1,dotenv,1,1,1,1,0
sample_11511,generic_hex_token,T1.6,encoding,1,dotenv,1,1,1,1,0
sample_11512,generic_hex_token,T1.6,encoding,1,dotenv,1,1,1,1,0
sample_11513,generic_hex_token,T1.6,encoding,1,dotenv,1,1,1,1,0
sample_11514,generic_hex_token,T1.6,encoding,1,dotenv,1,1,1,1,0
sample_11515,generic_hex_token,T1.6,encoding,1,dotenv,1,1,1,1,0
sample_11516,generic_hex_token,T1.6,encoding,1,dotenv,1,1,1,1,0
sample_11517,generic_hex_token,T1.6,encoding,1,dotenv,1,1,1,1,0
sample_11518,generic_hex_token,T1.6,encoding,1,dotenv,1,1,1,1,0
sample_11519,generic_hex_token,T1.6,encoding,1,dotenv,1,1,1,1,0
sample_11520,generic_hex_token,T1.6,encoding,1,dotenv,1,1,1,1,0
sample_11521,generic_hex_token,T1.6,encoding,1,yaml,1,1,1,1,0
sample_11522,generic_hex_token,T1.6,encoding,1,yaml,1,1,1,1,0
sample_11523,generic_hex_token,T1.6,encoding,1,yaml,1,1,1,1,0
sample_11524,generic_hex_token,T1.6,encoding,1,yaml,1,1,1,1,0
sample_11525,generic_hex_token,T1.6,encoding,1,yaml,1,1,1,1,0
sample_11526,generic_hex_token,T1.6,encoding,1,yaml,1,1,1,1,0
sample_11527,generic_hex_token,T1.6,encoding,1,yaml,1,1,1,1,0
sample_11528,generic_hex_token,T1.6,encoding,1,yaml,0,0,0,0,0
sample_11529,generic_hex_token,T1.6,encoding,1,yaml,1,1,1,1,0
sample_11530,generic_hex_token,T1.6,encoding,1,yaml,0,0,0,0,0
sample_11531,generic_hex_token,T1.6,encoding,1,yaml,1,1,1,1,0
sample_11532,generic_hex_token,T1.6,encoding,1,yaml,1,1,1,1,0
sample_11533,generic_hex_token,T1.6,encoding,1,yaml,1,1,1,1,0
sample_11534,generic_hex_token,T1.6,encoding,1,yaml,1,1,1,1,0
sample_11535,generic_hex_token,T1.6,encoding,1,yaml,1,1,1,1,0
sample_11536,generic_hex_token,T1.6,encoding,1,yaml,0,0,0,0,0
sample_11537,generic_hex_token,T1.6,encoding,1,yaml,1,1,1,1,0
sample_11538,generic_hex_token,T1.6,encoding,1,yaml,1,1,1,1,0
sample_11539,generic_hex_token,T1.6,encoding,1,yaml,1,1,1,1,0
sample_11540,generic_hex_token,T1.6,encoding,1,yaml,1,1,1,1,0
sample_11541,generic_hex_token,T1.6,encoding,1,yaml,1,1,1,1,0
sample_11542,generic_hex_token,T1.6,encoding,1,yaml,1,1,1,1,0
sample_11543,generic_hex_token,T1.6,encoding,1,yaml,1,1,1,1,0
sample_11544,generic_hex_token,T1.6,encoding,1,yaml,1,1,1,1,0
sample_11545,generic_hex_token,T1.6,encoding,1,yaml,0,0,0,0,0
sample_11546,generic_hex_token,T1.6,encoding,1,yaml,1,1,1,1,0
sample_11547,generic_hex_token,T1.6,encoding,1,yaml,1,1,1,1,0
sample_11548,generic_hex_token,T1.6,encoding,1,yaml,1,1,1,1,0
sample_11549,generic_hex_token,T1.6,encoding,1,yaml,1,1,1,1,0
sample_11550,generic_hex_token,T1.6,encoding,1,yaml,1,1,1,1,0
sample_11551,generic_hex_token,T1.7,encoding,1,python,1,1,1,1,0
sample_11552,generic_hex_token,T1.7,encoding,1,python,1,1,1,1,0
sample_11553,generic_hex_token,T1.7,encoding,1,python,1,1,1,1,0
sample_11554,generic_hex_token,T1.7,encoding,1,python,1,1,1,1,0
sample_11555,generic_hex_token,T1.7,encoding,1,python,1,1,1,1,0
sample_11556,generic_hex_token,T1.7,encoding,1,python,1,1,1,1,0
sample_11557,generic_hex_token,T1.7,encoding,1,python,1,1,1,1,0
sample_11558,generic_hex_token,T1.7,encoding,1,python,1,1,1,1,0
sample_11559,generic_hex_token,T1.7,encoding,1,python,1,1,1,1,0
sample_11560,generic_hex_token,T1.7,encoding,1,python,1,1,1,1,0
sample_11561,generic_hex_token,T1.7,encoding,1,python,1,1,1,1,0
sample_11562,generic_hex_token,T1.7,encoding,1,python,1,1,0,0,0
sample_11563,generic_hex_token,T1.7,encoding,1,python,1,1,1,1,0
sample_11564,generic_hex_token,T1.7,encoding,1,python,1,1,1,1,0
sample_11565,generic_hex_token,T1.7,encoding,1,python,1,1,1,1,0
sample_11566,generic_hex_token,T1.7,encoding,1,python,1,1,1,1,0
sample_11567,generic_hex_token,T1.7,encoding,1,python,1,1,1,1,0
sample_11568,generic_hex_token,T1.7,encoding,1,python,1,1,1,1,0
sample_11569,generic_hex_token,T1.7,encoding,1,python,1,1,1,1,0
sample_11570,generic_hex_token,T1.7,encoding,1,python,1,1,1,1,0
sample_11571,generic_hex_token,T1.7,encoding,1,python,0,0,0,0,0
sample_11572,generic_hex_token,T1.7,encoding,1,python,1,1,1,1,0
sample_11573,generic_hex_token,T1.7,encoding,1,python,1,1,1,1,0
sample_11574,generic_hex_token,T1.7,encoding,1,python,1,1,1,1,0
sample_11575,generic_hex_token,T1.7,encoding,1,python,1,1,0,0,0
sample_11576,generic_hex_token,T1.7,encoding,1,python,1,1,1,1,0
sample_11577,generic_hex_token,T1.7,encoding,1,python,1,1,1,1,0
sample_11578,generic_hex_token,T1.7,encoding,1,python,1,1,1,1,0
sample_11579,generic_hex_token,T1.7,encoding,1,python,1,1,1,1,0
sample_11580,generic_hex_token,T1.7,encoding,1,python,1,1,1,1,0
sample_11581,generic_hex_token,T1.7,encoding,1,dotenv,1,1,1,1,0
sample_11582,generic_hex_token,T1.7,encoding,1,dotenv,1,1,1,1,0
sample_11583,generic_hex_token,T1.7,encoding,1,dotenv,1,1,1,1,0
sample_11584,generic_hex_token,T1.7,encoding,1,dotenv,1,1,1,1,0
sample_11585,generic_hex_token,T1.7,encoding,1,dotenv,1,1,1,1,0
sample_11586,generic_hex_token,T1.7,encoding,1,dotenv,1,1,0,0,0
sample_11587,generic_hex_token,T1.7,encoding,1,dotenv,1,1,1,1,0
sample_11588,generic_hex_token,T1.7,encoding,1,dotenv,1,1,1,1,0
sample_11589,generic_hex_token,T1.7,encoding,1,dotenv,1,1,1,1,0
sample_11590,generic_hex_token,T1.7,encoding,1,dotenv,1,1,0,0,0
sample_11591,generic_hex_token,T1.7,encoding,1,dotenv,1,1,1,1,0
sample_11592,generic_hex_token,T1.7,encoding,1,dotenv,1,1,1,1,0
sample_11593,generic_hex_token,T1.7,encoding,1,dotenv,1,1,1,1,0
sample_11594,generic_hex_token,T1.7,encoding,1,dotenv,1,1,1,1,0
sample_11595,generic_hex_token,T1.7,encoding,1,dotenv,1,1,1,1,0
sample_11596,generic_hex_token,T1.7,encoding,1,dotenv,1,1,1,1,0
sample_11597,generic_hex_token,T1.7,encoding,1,dotenv,1,1,1,1,0
sample_11598,generic_hex_token,T1.7,encoding,1,dotenv,1,1,1,1,0
sample_11599,generic_hex_token,T1.7,encoding,1,dotenv,1,1,1,1,0
sample_11600,generic_hex_token,T1.7,encoding,1,dotenv,1,1,1,1,0
sample_11601,generic_hex_token,T1.7,encoding,1,dotenv,1,1,1,1,0
sample_11602,generic_hex_token,T1.7,encoding,1,dotenv,1,1,1,1,0
sample_11603,generic_hex_token,T1.7,encoding,1,dotenv,1,1,1,1,0
sample_11604,generic_hex_token,T1.7,encoding,1,dotenv,1,1,0,0,0
sample_11605,generic_hex_token,T1.7,encoding,1,dotenv,1,1,1,1,0
sample_11606,generic_hex_token,T1.7,encoding,1,dotenv,1,1,1,1,0
sample_11607,generic_hex_token,T1.7,encoding,1,dotenv,1,1,1,1,0
sample_11608,generic_hex_token,T1.7,encoding,1,dotenv,1,1,1,1,0
sample_11609,generic_hex_token,T1.7,encoding,1,dotenv,1,1,1,1,0
sample_11610,generic_hex_token,T1.7,encoding,1,dotenv,1,1,1,1,0
sample_11611,generic_hex_token,T1.7,encoding,1,yaml,1,1,1,1,0
sample_11612,generic_hex_token,T1.7,encoding,1,yaml,1,1,1,1,0
sample_11613,generic_hex_token,T1.7,encoding,1,yaml,1,1,1,1,0
sample_11614,generic_hex_token,T1.7,encoding,1,yaml,1,1,1,1,0
sample_11615,generic_hex_token,T1.7,encoding,1,yaml,1,1,1,1,0
sample_11616,generic_hex_token,T1.7,encoding,1,yaml,1,1,1,1,0
sample_11617,generic_hex_token,T1.7,encoding,1,yaml,0,0,0,0,0
sample_11618,generic_hex_token,T1.7,encoding,1,yaml,1,1,0,0,0
sample_11619,generic_hex_token,T1.7,encoding,1,yaml,1,1,1,1,0
sample_11620,generic_hex_token,T1.7,encoding,1,yaml,1,1,0,0,0
sample_11621,generic_hex_token,T1.7,encoding,1,yaml,1,1,1,1,0
sample_11622,generic_hex_token,T1.7,encoding,1,yaml,1,1,1,1,0
sample_11623,generic_hex_token,T1.7,encoding,1,yaml,1,1,1,1,0
sample_11624,generic_hex_token,T1.7,encoding,1,yaml,1,1,1,1,0
sample_11625,generic_hex_token,T1.7,encoding,1,yaml,1,1,1,1,0
sample_11626,generic_hex_token,T1.7,encoding,1,yaml,1,1,0,0,0
sample_11627,generic_hex_token,T1.7,encoding,1,yaml,1,1,1,1,0
sample_11628,generic_hex_token,T1.7,encoding,1,yaml,1,1,1,1,0
sample_11629,generic_hex_token,T1.7,encoding,1,yaml,1,1,1,1,0
sample_11630,generic_hex_token,T1.7,encoding,1,yaml,1,1,1,1,0
sample_11631,generic_hex_token,T1.7,encoding,1,yaml,1,1,1,1,0
sample_11632,generic_hex_token,T1.7,encoding,1,yaml,1,1,1,1,0
sample_11633,generic_hex_token,T1.7,encoding,1,yaml,1,1,1,1,0
sample_11634,generic_hex_token,T1.7,encoding,1,yaml,1,1,1,1,0
sample_11635,generic_hex_token,T1.7,encoding,1,yaml,1,1,1,1,0
sample_11636,generic_hex_token,T1.7,encoding,1,yaml,1,1,1,1,0
sample_11637,generic_hex_token,T1.7,encoding,1,yaml,1,1,1,1,0
sample_11638,generic_hex_token,T1.7,encoding,1,yaml,1,1,1,1,0
sample_11639,generic_hex_token,T1.7,encoding,1,yaml,1,1,1,1,0
sample_11640,generic_hex_token,T1.7,encoding,1,yaml,1,1,1,1,0
sample_11641,generic_hex_token,T2.1,multi_encoding,2,python,1,1,1,1,0
sample_11642,generic_hex_token,T2.1,multi_encoding,2,python,1,1,1,1,0
sample_11643,generic_hex_token,T2.1,multi_encoding,2,python,1,1,1,1,0
sample_11644,generic_hex_token,T2.1,multi_encoding,2,python,1,1,1,1,0
sample_11645,generic_hex_token,T2.1,multi_encoding,2,python,1,1,1,1,0
sample_11646,generic_hex_token,T2.1,multi_encoding,2,python,1,1,1,1,0
sample_11647,generic_hex_token,T2.1,multi_encoding,2,python,1,1,1,1,0
sample_11648,generic_hex_token,T2.1,multi_encoding,2,python,1,1,1,1,0
sample_11649,generic_hex_token,T2.1,multi_encoding,2,python,1,1,1,1,0
sample_11650,generic_hex_token,T2.1,multi_encoding,2,python,1,1,1,1,0
sample_11651,generic_hex_token,T2.1,multi_encoding,2,python,1,1,1,1,0
sample_11652,generic_hex_token,T2.1,multi_encoding,2,python,1,1,1,1,0
sample_11653,generic_hex_token,T2.1,multi_encoding,2,python,1,1,1,1,0
sample_11654,generic_hex_token,T2.1,multi_encoding,2,python,1,1,1,1,0
sample_11655,generic_hex_token,T2.1,multi_encoding,2,python,1,1,1,1,0
sample_11656,generic_hex_token,T2.1,multi_encoding,2,python,1,1,1,1,0
sample_11657,generic_hex_token,T2.1,multi_encoding,2,python,1,1,1,1,0
sample_11658,generic_hex_token,T2.1,multi_encoding,2,python,1,1,1,1,0
sample_11659,generic_hex_token,T2.1,multi_encoding,2,python,1,1,1,1,0
sample_11660,generic_hex_token,T2.1,multi_encoding,2,python,1,1,1,1,0
sample_11661,generic_hex_token,T2.1,multi_encoding,2,python,1,1,1,1,0
sample_11662,generic_hex_token,T2.1,multi_encoding,2,python,1,1,1,1,0
sample_11663,generic_hex_token,T2.1,multi_encoding,2,python,0,1,0,1,0
sample_11664,generic_hex_token,T2.1,multi_encoding,2,python,1,1,1,1,0
sample_11665,generic_hex_token,T2.1,multi_encoding,2,python,1,1,1,1,0
sample_11666,generic_hex_token,T2.1,multi_encoding,2,python,1,1,1,1,0
sample_11667,generic_hex_token,T2.1,multi_encoding,2,python,1,1,1,1,0
sample_11668,generic_hex_token,T2.1,multi_encoding,2,python,1,1,1,1,0
sample_11669,generic_hex_token,T2.1,multi_encoding,2,python,1,1,1,1,0
sample_11670,generic_hex_token,T2.1,multi_encoding,2,python,1,1,1,1,0
sample_11671,generic_hex_token,T2.1,multi_encoding,2,dotenv,1,1,1,1,0
sample_11672,generic_hex_token,T2.1,multi_encoding,2,dotenv,1,1,1,1,0
sample_11673,generic_hex_token,T2.1,multi_encoding,2,dotenv,1,1,1,1,0
sample_11674,generic_hex_token,T2.1,multi_encoding,2,dotenv,1,1,1,1,0
sample_11675,generic_hex_token,T2.1,multi_encoding,2,dotenv,1,1,1,1,0
sample_11676,generic_hex_token,T2.1,multi_encoding,2,dotenv,1,1,1,1,0
sample_11677,generic_hex_token,T2.1,multi_encoding,2,dotenv,1,1,1,1,0
sample_11678,generic_hex_token,T2.1,multi_encoding,2,dotenv,1,1,1,1,0
sample_11679,generic_hex_token,T2.1,multi_encoding,2,dotenv,1,1,1,1,0
sample_11680,generic_hex_token,T2.1,multi_encoding,2,dotenv,1,1,1,1,0
sample_11681,generic_hex_token,T2.1,multi_encoding,2,dotenv,1,1,1,1,0
sample_11682,generic_hex_token,T2.1,multi_encoding,2,dotenv,1,1,1,1,0
sample_11683,generic_hex_token,T2.1,multi_encoding,2,dotenv,1,1,1,1,0
sample_11684,generic_hex_token,T2.1,multi_encoding,2,dotenv,1,1,1,1,0
sample_11685,generic_hex_token,T2.1,multi_encoding,2,dotenv,1,1,1,1,0
sample_11686,generic_hex_token,T2.1,multi_encoding,2,dotenv,1,1,1,1,0
sample_11687,generic_hex_token,T2.1,multi_encoding,2,dotenv,1,1,1,1,0
sample_11688,generic_hex_token,T2.1,multi_encoding,2,dotenv,1,1,1,1,0
sample_11689,generic_hex_token,T2.1,multi_encoding,2,dotenv,1,1,1,1,0
sample_11690,generic_hex_token,T2.1,multi_encoding,2,dotenv,1,1,1,1,0
sample_11691,generic_hex_token,T2.1,multi_encoding,2,dotenv,1,1,1,1,0
sample_11692,generic_hex_token,T2.1,multi_encoding,2,dotenv,1,1,1,1,0
sample_11693,generic_hex_token,T2.1,multi_encoding,2,dotenv,1,1,1,1,0
sample_11694,generic_hex_token,T2.1,multi_encoding,2,dotenv,1,1,1,1,0
sample_11695,generic_hex_token,T2.1,multi_encoding,2,dotenv,0,1,0,1,0
sample_11696,generic_hex_token,T2.1,multi_encoding,2,dotenv,1,1,1,1,0
sample_11697,generic_hex_token,T2.1,multi_encoding,2,dotenv,1,1,1,1,0
sample_11698,generic_hex_token,T2.1,multi_encoding,2,dotenv,1,1,1,1,0
sample_11699,generic_hex_token,T2.1,multi_encoding,2,dotenv,1,1,1,1,0
sample_11700,generic_hex_token,T2.1,multi_encoding,2,dotenv,1,1,1,1,0
sample_11701,generic_hex_token,T2.1,multi_encoding,2,yaml,1,1,1,1,0
sample_11702,generic_hex_token,T2.1,multi_encoding,2,yaml,1,1,1,1,0
sample_11703,generic_hex_token,T2.1,multi_encoding,2,yaml,1,1,1,1,0
sample_11704,generic_hex_token,T2.1,multi_encoding,2,yaml,1,1,1,1,0
sample_11705,generic_hex_token,T2.1,multi_encoding,2,yaml,1,1,1,1,0
sample_11706,generic_hex_token,T2.1,multi_encoding,2,yaml,1,1,1,1,0
sample_11707,generic_hex_token,T2.1,multi_encoding,2,yaml,1,1,1,1,0
sample_11708,generic_hex_token,T2.1,multi_encoding,2,yaml,1,1,1,1,0
sample_11709,generic_hex_token,T2.1,multi_encoding,2,yaml,1,1,1,1,0
sample_11710,generic_hex_token,T2.1,multi_encoding,2,yaml,1,1,1,1,0
sample_11711,generic_hex_token,T2.1,multi_encoding,2,yaml,1,1,1,1,0
sample_11712,generic_hex_token,T2.1,multi_encoding,2,yaml,1,1,1,1,0
sample_11713,generic_hex_token,T2.1,multi_encoding,2,yaml,1,1,1,1,0
sample_11714,generic_hex_token,T2.1,multi_encoding,2,yaml,1,1,1,1,0
sample_11715,generic_hex_token,T2.1,multi_encoding,2,yaml,1,1,1,1,0
sample_11716,generic_hex_token,T2.1,multi_encoding,2,yaml,1,1,1,1,0
sample_11717,generic_hex_token,T2.1,multi_encoding,2,yaml,1,1,1,1,0
sample_11718,generic_hex_token,T2.1,multi_encoding,2,yaml,1,1,1,1,0
sample_11719,generic_hex_token,T2.1,multi_encoding,2,yaml,1,1,1,1,0
sample_11720,generic_hex_token,T2.1,multi_encoding,2,yaml,0,1,0,1,0
sample_11721,generic_hex_token,T2.1,multi_encoding,2,yaml,1,1,1,1,0
sample_11722,generic_hex_token,T2.1,multi_encoding,2,yaml,1,1,1,1,0
sample_11723,generic_hex_token,T2.1,multi_encoding,2,yaml,1,1,1,1,0
sample_11724,generic_hex_token,T2.1,multi_encoding,2,yaml,1,1,1,1,0
sample_11725,generic_hex_token,T2.1,multi_encoding,2,yaml,1,1,1,1,0
sample_11726,generic_hex_token,T2.1,multi_encoding,2,yaml,0,1,0,1,0
sample_11727,generic_hex_token,T2.1,multi_encoding,2,yaml,1,1,1,1,0
sample_11728,generic_hex_token,T2.1,multi_encoding,2,yaml,1,1,1,1,0
sample_11729,generic_hex_token,T2.1,multi_encoding,2,yaml,1,1,1,1,0
sample_11730,generic_hex_token,T2.1,multi_encoding,2,yaml,1,1,1,1,0
sample_11731,generic_hex_token,T2.2,multi_encoding,3,python,1,1,1,1,0
sample_11732,generic_hex_token,T2.2,multi_encoding,3,python,1,1,1,1,0
sample_11733,generic_hex_token,T2.2,multi_encoding,3,python,1,1,1,1,0
sample_11734,generic_hex_token,T2.2,multi_encoding,3,python,1,1,1,1,0
sample_11735,generic_hex_token,T2.2,multi_encoding,3,python,1,1,1,1,0
sample_11736,generic_hex_token,T2.2,multi_encoding,3,python,0,1,0,1,0
sample_11737,generic_hex_token,T2.2,multi_encoding,3,python,1,1,1,1,0
sample_11738,generic_hex_token,T2.2,multi_encoding,3,python,1,1,1,1,0
sample_11739,generic_hex_token,T2.2,multi_encoding,3,python,1,1,1,1,0
sample_11740,generic_hex_token,T2.2,multi_encoding,3,python,1,1,1,1,0
sample_11741,generic_hex_token,T2.2,multi_encoding,3,python,1,1,1,1,0
sample_11742,generic_hex_token,T2.2,multi_encoding,3,python,1,1,1,1,0
sample_11743,generic_hex_token,T2.2,multi_encoding,3,python,1,1,1,1,0
sample_11744,generic_hex_token,T2.2,multi_encoding,3,python,1,1,1,1,0
sample_11745,generic_hex_token,T2.2,multi_encoding,3,python,1,1,1,1,0
sample_11746,generic_hex_token,T2.2,multi_encoding,3,python,1,1,1,1,0
sample_11747,generic_hex_token,T2.2,multi_encoding,3,python,1,1,1,1,0
sample_11748,generic_hex_token,T2.2,multi_encoding,3,python,1,1,1,1,0
sample_11749,generic_hex_token,T2.2,multi_encoding,3,python,1,1,1,1,0
sample_11750,generic_hex_token,T2.2,multi_encoding,3,python,1,1,1,1,0
sample_11751,generic_hex_token,T2.2,multi_encoding,3,python,1,1,1,1,0
sample_11752,generic_hex_token,T2.2,multi_encoding,3,python,1,1,1,1,0
sample_11753,generic_hex_token,T2.2,multi_encoding,3,python,1,1,1,1,0
sample_11754,generic_hex_token,T2.2,multi_encoding,3,python,1,1,1,1,0
sample_11755,generic_hex_token,T2.2,multi_encoding,3,python,1,1,1,1,0
sample_11756,generic_hex_token,T2.2,multi_encoding,3,python,1,1,1,1,0
sample_11757,generic_hex_token,T2.2,multi_encoding,3,python,1,1,1,1,0
sample_11758,generic_hex_token,T2.2,multi_encoding,3,python,0,1,0,1,0
sample_11759,generic_hex_token,T2.2,multi_encoding,3,python,1,1,1,1,0
sample_11760,generic_hex_token,T2.2,multi_encoding,3,python,1,1,1,1,0
sample_11761,generic_hex_token,T2.2,multi_encoding,3,dotenv,0,1,0,1,0
sample_11762,generic_hex_token,T2.2,multi_encoding,3,dotenv,1,1,1,1,0
sample_11763,generic_hex_token,T2.2,multi_encoding,3,dotenv,1,1,1,1,0
sample_11764,generic_hex_token,T2.2,multi_encoding,3,dotenv,1,1,1,1,0
sample_11765,generic_hex_token,T2.2,multi_encoding,3,dotenv,1,1,1,1,0
sample_11766,generic_hex_token,T2.2,multi_encoding,3,dotenv,1,1,1,1,0
sample_11767,generic_hex_token,T2.2,multi_encoding,3,dotenv,1,1,1,1,0
sample_11768,generic_hex_token,T2.2,multi_encoding,3,dotenv,1,1,1,1,0
sample_11769,generic_hex_token,T2.2,multi_encoding,3,dotenv,1,1,1,1,0
sample_11770,generic_hex_token,T2.2,multi_encoding,3,dotenv,1,1,1,1,0
sample_11771,generic_hex_token,T2.2,multi_encoding,3,dotenv,1,1,1,1,0
sample_11772,generic_hex_token,T2.2,multi_encoding,3,dotenv,1,1,1,1,0
sample_11773,generic_hex_token,T2.2,multi_encoding,3,dotenv,1,1,1,1,0
sample_11774,generic_hex_token,T2.2,multi_encoding,3,dotenv,1,1,1,1,0
sample_11775,generic_hex_token,T2.2,multi_encoding,3,dotenv,1,1,1,1,0
sample_11776,generic_hex_token,T2.2,multi_encoding,3,dotenv,1,1,1,1,0
sample_11777,generic_hex_token,T2.2,multi_encoding,3,dotenv,1,1,1,1,0
sample_11778,generic_hex_token,T2.2,multi_encoding,3,dotenv,1,1,1,1,0
sample_11779,generic_hex_token,T2.2,multi_encoding,3,dotenv,1,1,1,1,0
sample_11780,generic_hex_token,T2.2,multi_encoding,3,dotenv,1,1,1,1,0
sample_11781,generic_hex_token,T2.2,multi_encoding,3,dotenv,1,1,1,1,0
sample_11782,generic_hex_token,T2.2,multi_encoding,3,dotenv,1,1,1,1,0
sample_11783,generic_hex_token,T2.2,multi_encoding,3,dotenv,1,1,1,1,0
sample_11784,generic_hex_token,T2.2,multi_encoding,3,dotenv,0,1,0,1,0
sample_11785,generic_hex_token,T2.2,multi_encoding,3,dotenv,1,1,1,1,0
sample_11786,generic_hex_token,T2.2,multi_encoding,3,dotenv,1,1,1,1,0
sample_11787,generic_hex_token,T2.2,multi_encoding,3,dotenv,1,1,1,1,0
sample_11788,generic_hex_token,T2.2,multi_encoding,3,dotenv,1,1,1,1,0
sample_11789,generic_hex_token,T2.2,multi_encoding,3,dotenv,1,1,1,1,0
sample_11790,generic_hex_token,T2.2,multi_encoding,3,dotenv,1,1,1,1,0
sample_11791,generic_hex_token,T2.2,multi_encoding,3,yaml,1,1,1,1,0
sample_11792,generic_hex_token,T2.2,multi_encoding,3,yaml,1,1,1,1,0
sample_11793,generic_hex_token,T2.2,multi_encoding,3,yaml,1,1,1,1,0
sample_11794,generic_hex_token,T2.2,multi_encoding,3,yaml,1,1,1,1,0
sample_11795,generic_hex_token,T2.2,multi_encoding,3,yaml,1,1,1,1,0
sample_11796,generic_hex_token,T2.2,multi_encoding,3,yaml,1,1,1,1,0
sample_11797,generic_hex_token,T2.2,multi_encoding,3,yaml,1,1,1,1,0
sample_11798,generic_hex_token,T2.2,multi_encoding,3,yaml,1,1,1,1,0
sample_11799,generic_hex_token,T2.2,multi_encoding,3,yaml,1,1,1,1,0
sample_11800,generic_hex_token,T2.2,multi_encoding,3,yaml,1,1,1,1,0
sample_11801,generic_hex_token,T2.2,multi_encoding,3,yaml,1,1,1,1,0
sample_11802,generic_hex_token,T2.2,multi_encoding,3,yaml,1,1,1,1,0
sample_11803,generic_hex_token,T2.2,multi_encoding,3,yaml,1,1,1,1,0
sample_11804,generic_hex_token,T2.2,multi_encoding,3,yaml,1,1,1,1,0
sample_11805,generic_hex_token,T2.2,multi_encoding,3,yaml,1,1,1,1,0
sample_11806,generic_hex_token,T2.2,multi_encoding,3,yaml,1,1,1,1,0
sample_11807,generic_hex_token,T2.2,multi_encoding,3,yaml,1,1,1,1,0
sample_11808,generic_hex_token,T2.2,multi_encoding,3,yaml,1,1,1,1,0
sample_11809,generic_hex_token,T2.2,multi_encoding,3,yaml,1,1,1,1,0
sample_11810,generic_hex_token,T2.2,multi_encoding,3,yaml,1,1,1,1,0
sample_11811,generic_hex_token,T2.2,multi_encoding,3,yaml,1,1,1,1,0
sample_11812,generic_hex_token,T2.2,multi_encoding,3,yaml,1,1,1,1,0
sample_11813,generic_hex_token,T2.2,multi_encoding,3,yaml,1,1,1,1,0
sample_11814,generic_hex_token,T2.2,multi_encoding,3,yaml,1,1,1,1,0
sample_11815,generic_hex_token,T2.2,multi_encoding,3,yaml,1,1,1,1,0
sample_11816,generic_hex_token,T2.2,multi_encoding,3,yaml,1,1,1,1,0
sample_11817,generic_hex_token,T2.2,multi_encoding,3,yaml,1,1,1,1,0
sample_11818,generic_hex_token,T2.2,multi_encoding,3,yaml,1,1,1,1,0
sample_11819,generic_hex_token,T2.2,multi_encoding,3,yaml,1,1,1,1,0
sample_11820,generic_hex_token,T2.2,multi_encoding,3,yaml,1,1,1,1,0
sample_11821,generic_hex_token,T2.3,multi_encoding,2,python,0,1,0,1,0
sample_11822,generic_hex_token,T2.3,multi_encoding,2,python,0,1,0,1,0
sample_11823,generic_hex_token,T2.3,multi_encoding,2,python,0,1,0,1,0
sample_11824,generic_hex_token,T2.3,multi_encoding,2,python,0,1,0,1,0
sample_11825,generic_hex_token,T2.3,multi_encoding,2,python,0,1,0,1,0
sample_11826,generic_hex_token,T2.3,multi_encoding,2,python,0,1,0,1,0
sample_11827,generic_hex_token,T2.3,multi_encoding,2,python,0,1,0,1,0
sample_11828,generic_hex_token,T2.3,multi_encoding,2,python,0,1,0,1,0
sample_11829,generic_hex_token,T2.3,multi_encoding,2,python,0,1,0,1,0
sample_11830,generic_hex_token,T2.3,multi_encoding,2,python,0,1,0,1,0
sample_11831,generic_hex_token,T2.3,multi_encoding,2,python,0,1,0,1,0
sample_11832,generic_hex_token,T2.3,multi_encoding,2,python,0,1,0,1,0
sample_11833,generic_hex_token,T2.3,multi_encoding,2,python,0,1,0,1,0
sample_11834,generic_hex_token,T2.3,multi_encoding,2,python,0,1,0,1,0
sample_11835,generic_hex_token,T2.3,multi_encoding,2,python,0,1,0,1,0
sample_11836,generic_hex_token,T2.3,multi_encoding,2,python,0,1,0,1,0
sample_11837,generic_hex_token,T2.3,multi_encoding,2,python,0,1,0,1,0
sample_11838,generic_hex_token,T2.3,multi_encoding,2,python,0,1,0,1,0
sample_11839,generic_hex_token,T2.3,multi_encoding,2,python,0,1,0,1,0
sample_11840,generic_hex_token,T2.3,multi_encoding,2,python,0,1,0,1,0
sample_11841,generic_hex_token,T2.3,multi_encoding,2,python,0,1,0,1,0
sample_11842,generic_hex_token,T2.3,multi_encoding,2,python,0,1,0,1,0
sample_11843,generic_hex_token,T2.3,multi_encoding,2,python,0,1,0,1,0
sample_11844,generic_hex_token,T2.3,multi_encoding,2,python,0,1,0,1,0
sample_11845,generic_hex_token,T2.3,multi_encoding,2,python,0,1,0,1,0
sample_11846,generic_hex_token,T2.3,multi_encoding,2,python,0,1,0,1,0
sample_11847,generic_hex_token,T2.3,multi_encoding,2,python,0,1,0,1,0
sample_11848,generic_hex_token,T2.3,multi_encoding,2,python,0,1,0,1,0
sample_11849,generic_hex_token,T2.3,multi_encoding,2,python,0,1,0,1,0
sample_11850,generic_hex_token,T2.3,multi_encoding,2,python,0,1,0,1,0
sample_11851,generic_hex_token,T2.3,multi_encoding,2,dotenv,0,1,0,1,0
sample_11852,generic_hex_token,T2.3,multi_encoding,2,dotenv,0,1,0,1,0
sample_11853,generic_hex_token,T2.3,multi_encoding,2,dotenv,0,1,0,1,0
sample_11854,generic_hex_token,T2.3,multi_encoding,2,dotenv,0,1,0,1,0
sample_11855,generic_hex_token,T2.3,multi_encoding,2,dotenv,0,1,0,1,0
sample_11856,generic_hex_token,T2.3,multi_encoding,2,dotenv,0,1,0,1,0
sample_11857,generic_hex_token,T2.3,multi_encoding,2,dotenv,0,1,0,1,0
sample_11858,generic_hex_token,T2.3,multi_encoding,2,dotenv,0,1,0,1,0
sample_11859,generic_hex_token,T2.3,multi_encoding,2,dotenv,0,1,0,1,0
sample_11860,generic_hex_token,T2.3,multi_encoding,2,dotenv,0,1,0,1,0
sample_11861,generic_hex_token,T2.3,multi_encoding,2,dotenv,0,1,0,1,0
sample_11862,generic_hex_token,T2.3,multi_encoding,2,dotenv,0,1,0,1,0
sample_11863,generic_hex_token,T2.3,multi_encoding,2,dotenv,1,1,1,1,0
sample_11864,generic_hex_token,T2.3,multi_encoding,2,dotenv,0,1,0,1,0
sample_11865,generic_hex_token,T2.3,multi_encoding,2,dotenv,0,1,0,1,0
sample_11866,generic_hex_token,T2.3,multi_encoding,2,dotenv,0,1,0,1,0
sample_11867,generic_hex_token,T2.3,multi_encoding,2,dotenv,0,1,0,1,0
sample_11868,generic_hex_token,T2.3,multi_encoding,2,dotenv,0,1,0,1,0
sample_11869,generic_hex_token,T2.3,multi_encoding,2,dotenv,0,1,0,1,0
sample_11870,generic_hex_token,T2.3,multi_encoding,2,dotenv,0,1,0,1,0
sample_11871,generic_hex_token,T2.3,multi_encoding,2,dotenv,0,1,0,1,0
sample_11872,generic_hex_token,T2.3,multi_encoding,2,dotenv,0,1,0,1,0
sample_11873,generic_hex_token,T2.3,multi_encoding,2,dotenv,0,1,0,1,0
sample_11874,generic_hex_token,T2.3,multi_encoding,2,dotenv,0,1,0,1,0
sample_11875,generic_hex_token,T2.3,multi_encoding,2,dotenv,0,1,0,1,0
sample_11876,generic_hex_token,T2.3,multi_encoding,2,dotenv,0,1,0,1,0
sample_11877,generic_hex_token,T2.3,multi_encoding,2,dotenv,0,1,0,1,0
sample_11878,generic_hex_token,T2.3,multi_encoding,2,dotenv,0,1,0,1,0
sample_11879,generic_hex_token,T2.3,multi_encoding,2,dotenv,0,1,0,1,0
sample_11880,generic_hex_token,T2.3,multi_encoding,2,dotenv,0,1,0,1,0
sample_11881,generic_hex_token,T2.3,multi_encoding,2,yaml,0,1,0,1,0
sample_11882,generic_hex_token,T2.3,multi_encoding,2,yaml,0,1,0,1,0
sample_11883,generic_hex_token,T2.3,multi_encoding,2,yaml,0,1,0,1,0
sample_11884,generic_hex_token,T2.3,multi_encoding,2,yaml,0,1,0,1,0
sample_11885,generic_hex_token,T2.3,multi_encoding,2,yaml,0,1,0,1,0
sample_11886,generic_hex_token,T2.3,multi_encoding,2,yaml,0,1,0,1,0
sample_11887,generic_hex_token,T2.3,multi_encoding,2,yaml,0,1,0,1,0
sample_11888,generic_hex_token,T2.3,multi_encoding,2,yaml,0,1,0,1,0
sample_11889,generic_hex_token,T2.3,multi_encoding,2,yaml,0,1,0,1,0
sample_11890,generic_hex_token,T2.3,multi_encoding,2,yaml,0,1,0,1,0
sample_11891,generic_hex_token,T2.3,multi_encoding,2,yaml,0,1,0,1,0
sample_11892,generic_hex_token,T2.3,multi_encoding,2,yaml,0,1,0,1,0
sample_11893,generic_hex_token,T2.3,multi_encoding,2,yaml,0,1,0,1,0
sample_11894,generic_hex_token,T2.3,multi_encoding,2,yaml,1,1,1,1,0
sample_11895,generic_hex_token,T2.3,multi_encoding,2,yaml,0,1,0,1,0
sample_11896,generic_hex_token,T2.3,multi_encoding,2,yaml,0,1,0,1,0
sample_11897,generic_hex_token,T2.3,multi_encoding,2,yaml,0,1,0,1,0
sample_11898,generic_hex_token,T2.3,multi_encoding,2,yaml,0,1,0,1,0
sample_11899,generic_hex_token,T2.3,multi_encoding,2,yaml,0,1,0,1,0
sample_11900,generic_hex_token,T2.3,multi_encoding,2,yaml,0,1,0,1,0
sample_11901,generic_hex_token,T2.3,multi_encoding,2,yaml,0,1,0,1,0
sample_11902,generic_hex_token,T2.3,multi_encoding,2,yaml,0,1,0,1,0
sample_11903,generic_hex_token,T2.3,multi_encoding,2,yaml,0,1,0,1,0
sample_11904,generic_hex_token,T2.3,multi_encoding,2,yaml,0,1,0,1,0
sample_11905,generic_hex_token,T2.3,multi_encoding,2,yaml,0,1,0,1,0
sample_11906,generic_hex_token,T2.3,multi_encoding,2,yaml,0,1,0,1,0
sample_11907,generic_hex_token,T2.3,multi_encoding,2,yaml,0,1,0,1,0
sample_11908,generic_hex_token,T2.3,multi_encoding,2,yaml,0,1,0,1,0
sample_11909,generic_hex_token,T2.3,multi_encoding,2,yaml,0,1,0,1,0
sample_11910,generic_hex_token,T2.3,multi_encoding,2,yaml,0,1,0,1,0
sample_11911,generic_hex_token,T3.1,splitting,1,python,1,1,1,1,0
sample_11912,generic_hex_token,T3.1,splitting,1,python,0,0,0,0,0
sample_11913,generic_hex_token,T3.1,splitting,1,python,0,0,0,0,0
sample_11914,generic_hex_token,T3.1,splitting,1,python,0,0,0,0,0
sample_11915,generic_hex_token,T3.1,splitting,1,python,0,0,0,0,0
sample_11916,generic_hex_token,T3.1,splitting,1,python,0,0,0,0,0
sample_11917,generic_hex_token,T3.1,splitting,1,python,0,0,0,0,0
sample_11918,generic_hex_token,T3.1,splitting,1,python,0,0,0,0,0
sample_11919,generic_hex_token,T3.1,splitting,1,python,0,0,0,0,0
sample_11920,generic_hex_token,T3.1,splitting,1,python,0,0,0,0,0
sample_11921,generic_hex_token,T3.1,splitting,1,python,0,0,0,0,0
sample_11922,generic_hex_token,T3.1,splitting,1,python,0,0,0,0,0
sample_11923,generic_hex_token,T3.1,splitting,1,python,0,0,0,0,0
sample_11924,generic_hex_token,T3.1,splitting,1,python,0,0,0,0,0
sample_11925,generic_hex_token,T3.1,splitting,1,python,0,0,0,0,0
sample_11926,generic_hex_token,T3.1,splitting,1,python,0,0,0,0,0
sample_11927,generic_hex_token,T3.1,splitting,1,python,0,0,0,0,0
sample_11928,generic_hex_token,T3.1,splitting,1,python,0,0,0,0,0
sample_11929,generic_hex_token,T3.1,splitting,1,python,0,0,0,0,0
sample_11930,generic_hex_token,T3.1,splitting,1,python,0,0,0,0,0
sample_11931,generic_hex_token,T3.1,splitting,1,python,0,0,0,0,0
sample_11932,generic_hex_token,T3.1,splitting,1,python,0,0,0,0,0
sample_11933,generic_hex_token,T3.1,splitting,1,python,0,0,0,0,0
sample_11934,generic_hex_token,T3.1,splitting,1,python,0,0,0,0,0
sample_11935,generic_hex_token,T3.1,splitting,1,python,0,0,0,0,0
sample_11936,generic_hex_token,T3.1,splitting,1,python,0,0,0,0,0
sample_11937,generic_hex_token,T3.1,splitting,1,python,0,0,0,0,0
sample_11938,generic_hex_token,T3.1,splitting,1,python,0,0,0,0,0
sample_11939,generic_hex_token,T3.1,splitting,1,python,0,0,0,0,0
sample_11940,generic_hex_token,T3.1,splitting,1,python,0,0,0,0,0
sample_11941,generic_hex_token,T3.2,splitting,1,python,0,0,0,0,0
sample_11942,generic_hex_token,T3.2,splitting,1,python,0,0,0,0,0
sample_11943,generic_hex_token,T3.2,splitting,1,python,0,0,0,0,0
sample_11944,generic_hex_token,T3.2,splitting,1,python,0,0,0,0,0
sample_11945,generic_hex_token,T3.2,splitting,1,python,0,0,0,0,0
sample_11946,generic_hex_token,T3.2,splitting,1,python,0,0,0,0,0
sample_11947,generic_hex_token,T3.2,splitting,1,python,0,0,0,0,0
sample_11948,generic_hex_token,T3.2,splitting,1,python,0,0,0,0,0
sample_11949,generic_hex_token,T3.2,splitting,1,python,0,0,0,0,0
sample_11950,generic_hex_token,T3.2,splitting,1,python,0,0,0,0,0
sample_11951,generic_hex_token,T3.2,splitting,1,python,0,0,0,0,0
sample_11952,generic_hex_token,T3.2,splitting,1,python,0,0,0,0,0
sample_11953,generic_hex_token,T3.2,splitting,1,python,0,0,0,0,0
sample_11954,generic_hex_token,T3.2,splitting,1,python,0,0,0,0,0
sample_11955,generic_hex_token,T3.2,splitting,1,python,0,0,0,0,0
sample_11956,generic_hex_token,T3.2,splitting,1,python,0,0,0,0,0
sample_11957,generic_hex_token,T3.2,splitting,1,python,0,0,0,0,0
sample_11958,generic_hex_token,T3.2,splitting,1,python,0,0,0,0,0
sample_11959,generic_hex_token,T3.2,splitting,1,python,0,0,0,0,0
sample_11960,generic_hex_token,T3.2,splitting,1,python,0,0,0,0,0
sample_11961,generic_hex_token,T3.2,splitting,1,python,0,0,0,0,0
sample_11962,generic_hex_token,T3.2,splitting,1,python,0,0,0,0,0
sample_11963,generic_hex_token,T3.2,splitting,1,python,0,0,0,0,0
sample_11964,generic_hex_token,T3.2,splitting,1,python,0,0,0,0,0
sample_11965,generic_hex_token,T3.2,splitting,1,python,0,0,0,0,0
sample_11966,generic_hex_token,T3.2,splitting,1,python,0,0,0,0,0
sample_11967,generic_hex_token,T3.2,splitting,1,python,0,0,0,0,0
sample_11968,generic_hex_token,T3.2,splitting,1,python,0,0,0,0,0
sample_11969,generic_hex_token,T3.2,splitting,1,python,0,0,0,0,0
sample_11970,generic_hex_token,T3.2,splitting,1,python,0,0,0,0,0
sample_11971,generic_hex_token,T3.3,splitting,1,python,0,0,0,0,0
sample_11972,generic_hex_token,T3.3,splitting,1,python,0,0,0,0,0
sample_11973,generic_hex_token,T3.3,splitting,1,python,0,0,0,0,0
sample_11974,generic_hex_token,T3.3,splitting,1,python,0,0,0,0,0
sample_11975,generic_hex_token,T3.3,splitting,1,python,0,0,0,0,0
sample_11976,generic_hex_token,T3.3,splitting,1,python,0,0,0,0,0
sample_11977,generic_hex_token,T3.3,splitting,1,python,0,0,0,0,0
sample_11978,generic_hex_token,T3.3,splitting,1,python,0,0,0,0,0
sample_11979,generic_hex_token,T3.3,splitting,1,python,0,0,0,0,0
sample_11980,generic_hex_token,T3.3,splitting,1,python,0,0,0,0,0
sample_11981,generic_hex_token,T3.3,splitting,1,python,0,0,0,0,0
sample_11982,generic_hex_token,T3.3,splitting,1,python,0,0,0,0,0
sample_11983,generic_hex_token,T3.3,splitting,1,python,0,0,0,0,0
sample_11984,generic_hex_token,T3.3,splitting,1,python,0,0,0,0,0
sample_11985,generic_hex_token,T3.3,splitting,1,python,0,0,0,0,0
sample_11986,generic_hex_token,T3.3,splitting,1,python,0,0,0,0,0
sample_11987,generic_hex_token,T3.3,splitting,1,python,0,0,0,0,0
sample_11988,generic_hex_token,T3.3,splitting,1,python,0,0,0,0,0
sample_11989,generic_hex_token,T3.3,splitting,1,python,0,0,0,0,0
sample_11990,generic_hex_token,T3.3,splitting,1,python,0,0,0,0,0
sample_11991,generic_hex_token,T3.3,splitting,1,python,0,0,0,0,0
sample_11992,generic_hex_token,T3.3,splitting,1,python,0,0,0,0,0
sample_11993,generic_hex_token,T3.3,splitting,1,python,0,0,0,0,0
sample_11994,generic_hex_token,T3.3,splitting,1,python,0,0,0,0,0
sample_11995,generic_hex_token,T3.3,splitting,1,python,0,0,0,0,0
sample_11996,generic_hex_token,T3.3,splitting,1,python,0,0,0,0,0
sample_11997,generic_hex_token,T3.3,splitting,1,python,0,0,0,0,0
sample_11998,generic_hex_token,T3.3,splitting,1,python,0,0,0,0,0
sample_11999,generic_hex_token,T3.3,splitting,1,python,0,0,0,0,0
sample_12000,generic_hex_token,T3.3,splitting,1,python,0,0,0,0,0
sample_12001,generic_hex_token,T3.4,splitting,1,python,0,0,0,0,0
sample_12002,generic_hex_token,T3.4,splitting,1,python,0,0,0,0,0
sample_12003,generic_hex_token,T3.4,splitting,1,python,0,0,0,0,0
sample_12004,generic_hex_token,T3.4,splitting,1,python,0,0,0,0,0
sample_12005,generic_hex_token,T3.4,splitting,1,python,0,0,0,0,0
sample_12006,generic_hex_token,T3.4,splitting,1,python,0,0,0,0,0
sample_12007,generic_hex_token,T3.4,splitting,1,python,0,0,0,0,0
sample_12008,generic_hex_token,T3.4,splitting,1,python,0,0,0,0,0
sample_12009,generic_hex_token,T3.4,splitting,1,python,0,0,0,0,0
sample_12010,generic_hex_token,T3.4,splitting,1,python,0,0,0,0,0
sample_12011,generic_hex_token,T3.4,splitting,1,python,0,0,0,0,0
sample_12012,generic_hex_token,T3.4,splitting,1,python,0,0,0,0,0
sample_12013,generic_hex_token,T3.4,splitting,1,python,0,0,0,0,0
sample_12014,generic_hex_token,T3.4,splitting,1,python,0,0,0,0,0
sample_12015,generic_hex_token,T3.4,splitting,1,python,0,0,0,0,0
sample_12016,generic_hex_token,T3.4,splitting,1,python,0,0,0,0,0
sample_12017,generic_hex_token,T3.4,splitting,1,python,0,0,0,0,0
sample_12018,generic_hex_token,T3.4,splitting,1,python,0,0,0,0,0
sample_12019,generic_hex_token,T3.4,splitting,1,python,0,0,0,0,0
sample_12020,generic_hex_token,T3.4,splitting,1,python,0,0,0,0,0
sample_12021,generic_hex_token,T3.4,splitting,1,python,0,0,0,0,0
sample_12022,generic_hex_token,T3.4,splitting,1,python,0,0,0,0,0
sample_12023,generic_hex_token,T3.4,splitting,1,python,0,0,0,0,0
sample_12024,generic_hex_token,T3.4,splitting,1,python,0,0,0,0,0
sample_12025,generic_hex_token,T3.4,splitting,1,python,0,0,0,0,0
sample_12026,generic_hex_token,T3.4,splitting,1,python,0,0,0,0,0
sample_12027,generic_hex_token,T3.4,splitting,1,python,0,0,0,0,0
sample_12028,generic_hex_token,T3.4,splitting,1,python,0,0,0,0,0
sample_12029,generic_hex_token,T3.4,splitting,1,python,0,0,0,0,0
sample_12030,generic_hex_token,T3.4,splitting,1,python,0,0,0,0,0
sample_12031,generic_hex_token,T3.5,splitting,1,python,0,0,0,0,0
sample_12032,generic_hex_token,T3.5,splitting,1,python,0,0,0,0,0
sample_12033,generic_hex_token,T3.5,splitting,1,python,0,0,0,0,0
sample_12034,generic_hex_token,T3.5,splitting,1,python,0,0,0,0,0
sample_12035,generic_hex_token,T3.5,splitting,1,python,0,0,0,0,0
sample_12036,generic_hex_token,T3.5,splitting,1,python,0,0,0,0,0
sample_12037,generic_hex_token,T3.5,splitting,1,python,0,0,0,0,0
sample_12038,generic_hex_token,T3.5,splitting,1,python,0,0,0,0,0
sample_12039,generic_hex_token,T3.5,splitting,1,python,0,0,0,0,0
sample_12040,generic_hex_token,T3.5,splitting,1,python,0,0,0,0,0
sample_12041,generic_hex_token,T3.5,splitting,1,python,0,0,0,0,0
sample_12042,generic_hex_token,T3.5,splitting,1,python,0,0,0,0,0
sample_12043,generic_hex_token,T3.5,splitting,1,python,0,0,0,0,0
sample_12044,generic_hex_token,T3.5,splitting,1,python,0,0,0,0,0
sample_12045,generic_hex_token,T3.5,splitting,1,python,0,0,0,0,0
sample_12046,generic_hex_token,T3.5,splitting,1,python,0,0,0,0,0
sample_12047,generic_hex_token,T3.5,splitting,1,python,0,0,0,0,0
sample_12048,generic_hex_token,T3.5,splitting,1,python,0,0,0,0,0
sample_12049,generic_hex_token,T3.5,splitting,1,python,0,0,0,0,0
sample_12050,generic_hex_token,T3.5,splitting,1,python,0,0,0,0,0
sample_12051,generic_hex_token,T3.5,splitting,1,python,0,0,0,0,0
sample_12052,generic_hex_token,T3.5,splitting,1,python,0,0,0,0,0
sample_12053,generic_hex_token,T3.5,splitting,1,python,0,0,0,0,0
sample_12054,generic_hex_token,T3.5,splitting,1,python,0,0,0,0,0
sample_12055,generic_hex_token,T3.5,splitting,1,python,0,0,0,0,0
sample_12056,generic_hex_token,T3.5,splitting,1,python,0,0,0,0,0
sample_12057,generic_hex_token,T3.5,splitting,1,python,0,0,0,0,0
sample_12058,generic_hex_token,T3.5,splitting,1,python,0,0,0,0,0
sample_12059,generic_hex_token,T3.5,splitting,1,python,0,0,0,0,0
sample_12060,generic_hex_token,T3.5,splitting,1,python,0,0,0,0,0
sample_12061,generic_hex_token,T4.3,char_format,1,python,0,0,0,0,0
sample_12062,generic_hex_token,T4.3,char_format,1,python,0,0,0,0,0
sample_12063,generic_hex_token,T4.3,char_format,1,python,0,0,0,0,0
sample_12064,generic_hex_token,T4.3,char_format,1,python,0,0,0,0,0
sample_12065,generic_hex_token,T4.3,char_format,1,python,0,0,0,0,0
sample_12066,generic_hex_token,T4.3,char_format,1,python,0,0,0,0,0
sample_12067,generic_hex_token,T4.3,char_format,1,python,0,0,0,0,0
sample_12068,generic_hex_token,T4.3,char_format,1,python,0,0,0,0,0
sample_12069,generic_hex_token,T4.3,char_format,1,python,0,0,0,0,0
sample_12070,generic_hex_token,T4.3,char_format,1,python,0,0,0,0,0
sample_12071,generic_hex_token,T4.3,char_format,1,python,0,0,0,0,0
sample_12072,generic_hex_token,T4.3,char_format,1,python,0,0,0,0,0
sample_12073,generic_hex_token,T4.3,char_format,1,python,0,0,0,0,0
sample_12074,generic_hex_token,T4.3,char_format,1,python,0,0,0,0,0
sample_12075,generic_hex_token,T4.3,char_format,1,python,0,0,0,0,0
sample_12076,generic_hex_token,T4.3,char_format,1,python,0,0,0,0,0
sample_12077,generic_hex_token,T4.3,char_format,1,python,0,0,0,0,0
sample_12078,generic_hex_token,T4.3,char_format,1,python,0,0,0,0,0
sample_12079,generic_hex_token,T4.3,char_format,1,python,0,0,0,0,0
sample_12080,generic_hex_token,T4.3,char_format,1,python,0,0,0,0,0
sample_12081,generic_hex_token,T4.3,char_format,1,python,0,0,0,0,0
sample_12082,generic_hex_token,T4.3,char_format,1,python,0,0,0,0,0
sample_12083,generic_hex_token,T4.3,char_format,1,python,0,0,0,0,0
sample_12084,generic_hex_token,T4.3,char_format,1,python,0,0,0,0,0
sample_12085,generic_hex_token,T4.3,char_format,1,python,0,0,0,0,0
sample_12086,generic_hex_token,T4.3,char_format,1,python,0,0,0,0,0
sample_12087,generic_hex_token,T4.3,char_format,1,python,0,0,0,0,0
sample_12088,generic_hex_token,T4.3,char_format,1,python,0,0,0,0,0
sample_12089,generic_hex_token,T4.3,char_format,1,python,0,0,0,0,0
sample_12090,generic_hex_token,T4.3,char_format,1,python,0,0,0,0,0
sample_12091,generic_hex_token,T4.5,char_format,1,python,0,0,0,0,0
sample_12092,generic_hex_token,T4.5,char_format,1,python,0,0,0,0,0
sample_12093,generic_hex_token,T4.5,char_format,1,python,0,0,0,0,0
sample_12094,generic_hex_token,T4.5,char_format,1,python,0,0,0,0,0
sample_12095,generic_hex_token,T4.5,char_format,1,python,0,0,0,0,0
sample_12096,generic_hex_token,T4.5,char_format,1,python,0,0,0,0,0
sample_12097,generic_hex_token,T4.5,char_format,1,python,0,0,0,0,0
sample_12098,generic_hex_token,T4.5,char_format,1,python,0,0,0,0,0
sample_12099,generic_hex_token,T4.5,char_format,1,python,0,0,0,0,0
sample_12100,generic_hex_token,T4.5,char_format,1,python,0,0,0,0,0
sample_12101,generic_hex_token,T4.5,char_format,1,python,0,0,0,0,0
sample_12102,generic_hex_token,T4.5,char_format,1,python,0,0,0,0,0
sample_12103,generic_hex_token,T4.5,char_format,1,python,0,0,0,0,0
sample_12104,generic_hex_token,T4.5,char_format,1,python,0,0,0,0,0
sample_12105,generic_hex_token,T4.5,char_format,1,python,0,0,0,0,0
sample_12106,generic_hex_token,T4.5,char_format,1,python,0,0,0,0,0
sample_12107,generic_hex_token,T4.5,char_format,1,python,0,0,0,0,0
sample_12108,generic_hex_token,T4.5,char_format,1,python,0,0,0,0,0
sample_12109,generic_hex_token,T4.5,char_format,1,python,0,0,0,0,0
sample_12110,generic_hex_token,T4.5,char_format,1,python,0,0,0,0,0
sample_12111,generic_hex_token,T4.5,char_format,1,python,0,0,0,0,0
sample_12112,generic_hex_token,T4.5,char_format,1,python,0,0,0,0,0
sample_12113,generic_hex_token,T4.5,char_format,1,python,0,0,0,0,0
sample_12114,generic_hex_token,T4.5,char_format,1,python,0,0,0,0,0
sample_12115,generic_hex_token,T4.5,char_format,1,python,0,0,0,0,0
sample_12116,generic_hex_token,T4.5,char_format,1,python,0,0,0,0,0
sample_12117,generic_hex_token,T4.5,char_format,1,python,0,0,0,0,0
sample_12118,generic_hex_token,T4.5,char_format,1,python,0,0,0,0,0
sample_12119,generic_hex_token,T4.5,char_format,1,python,0,0,0,0,0
sample_12120,generic_hex_token,T4.5,char_format,1,python,0,0,0,0,0
sample_12121,generic_hex_token,T4.5,char_format,1,dotenv,0,0,0,0,0
sample_12122,generic_hex_token,T4.5,char_format,1,dotenv,0,0,0,0,0
sample_12123,generic_hex_token,T4.5,char_format,1,dotenv,0,0,0,0,0
sample_12124,generic_hex_token,T4.5,char_format,1,dotenv,0,0,0,0,0
sample_12125,generic_hex_token,T4.5,char_format,1,dotenv,0,0,0,0,0
sample_12126,generic_hex_token,T4.5,char_format,1,dotenv,0,0,0,0,0
sample_12127,generic_hex_token,T4.5,char_format,1,dotenv,0,0,0,0,0
sample_12128,generic_hex_token,T4.5,char_format,1,dotenv,0,0,0,0,0
sample_12129,generic_hex_token,T4.5,char_format,1,dotenv,0,0,0,0,0
sample_12130,generic_hex_token,T4.5,char_format,1,dotenv,0,0,0,0,0
sample_12131,generic_hex_token,T4.5,char_format,1,dotenv,0,0,0,0,0
sample_12132,generic_hex_token,T4.5,char_format,1,dotenv,0,0,0,0,0
sample_12133,generic_hex_token,T4.5,char_format,1,dotenv,0,0,0,0,0
sample_12134,generic_hex_token,T4.5,char_format,1,dotenv,0,0,0,0,0
sample_12135,generic_hex_token,T4.5,char_format,1,dotenv,0,0,0,0,0
sample_12136,generic_hex_token,T4.5,char_format,1,dotenv,0,0,0,0,0
sample_12137,generic_hex_token,T4.5,char_format,1,dotenv,0,0,0,0,0
sample_12138,generic_hex_token,T4.5,char_format,1,dotenv,0,0,0,0,0
sample_12139,generic_hex_token,T4.5,char_format,1,dotenv,0,0,0,0,0
sample_12140,generic_hex_token,T4.5,char_format,1,dotenv,0,0,0,0,0
sample_12141,generic_hex_token,T4.5,char_format,1,dotenv,0,0,0,0,0
sample_12142,generic_hex_token,T4.5,char_format,1,dotenv,0,0,0,0,0
sample_12143,generic_hex_token,T4.5,char_format,1,dotenv,0,0,0,0,0
sample_12144,generic_hex_token,T4.5,char_format,1,dotenv,0,0,0,0,0
sample_12145,generic_hex_token,T4.5,char_format,1,dotenv,0,0,0,0,0
sample_12146,generic_hex_token,T4.5,char_format,1,dotenv,0,0,0,0,0
sample_12147,generic_hex_token,T4.5,char_format,1,dotenv,0,0,0,0,0
sample_12148,generic_hex_token,T4.5,char_format,1,dotenv,0,0,0,0,0
sample_12149,generic_hex_token,T4.5,char_format,1,dotenv,0,0,0,0,0
sample_12150,generic_hex_token,T4.5,char_format,1,dotenv,0,0,0,0,0
sample_12151,generic_hex_token,T4.5,char_format,1,yaml,0,0,0,0,0
sample_12152,generic_hex_token,T4.5,char_format,1,yaml,0,0,0,0,0
sample_12153,generic_hex_token,T4.5,char_format,1,yaml,0,0,0,0,0
sample_12154,generic_hex_token,T4.5,char_format,1,yaml,0,0,0,0,0
sample_12155,generic_hex_token,T4.5,char_format,1,yaml,0,0,0,0,0
sample_12156,generic_hex_token,T4.5,char_format,1,yaml,0,0,0,0,0
sample_12157,generic_hex_token,T4.5,char_format,1,yaml,0,0,0,0,0
sample_12158,generic_hex_token,T4.5,char_format,1,yaml,0,0,0,0,0
sample_12159,generic_hex_token,T4.5,char_format,1,yaml,0,0,0,0,0
sample_12160,generic_hex_token,T4.5,char_format,1,yaml,0,0,0,0,0
sample_12161,generic_hex_token,T4.5,char_format,1,yaml,0,0,0,0,0
sample_12162,generic_hex_token,T4.5,char_format,1,yaml,0,0,0,0,0
sample_12163,generic_hex_token,T4.5,char_format,1,yaml,0,0,0,0,0
sample_12164,generic_hex_token,T4.5,char_format,1,yaml,0,0,0,0,0
sample_12165,generic_hex_token,T4.5,char_format,1,yaml,0,0,0,0,0
sample_12166,generic_hex_token,T4.5,char_format,1,yaml,0,0,0,0,0
sample_12167,generic_hex_token,T4.5,char_format,1,yaml,0,0,0,0,0
sample_12168,generic_hex_token,T4.5,char_format,1,yaml,0,0,0,0,0
sample_12169,generic_hex_token,T4.5,char_format,1,yaml,0,0,0,0,0
sample_12170,generic_hex_token,T4.5,char_format,1,yaml,0,0,0,0,0
sample_12171,generic_hex_token,T4.5,char_format,1,yaml,0,0,0,0,0
sample_12172,generic_hex_token,T4.5,char_format,1,yaml,0,0,0,0,0
sample_12173,generic_hex_token,T4.5,char_format,1,yaml,0,0,0,0,0
sample_12174,generic_hex_token,T4.5,char_format,1,yaml,0,0,0,0,0
sample_12175,generic_hex_token,T4.5,char_format,1,yaml,0,0,0,0,0
sample_12176,generic_hex_token,T4.5,char_format,1,yaml,0,0,0,0,0
sample_12177,generic_hex_token,T4.5,char_format,1,yaml,0,0,0,0,0
sample_12178,generic_hex_token,T4.5,char_format,1,yaml,0,0,0,0,0
sample_12179,generic_hex_token,T4.5,char_format,1,yaml,0,0,0,0,0
sample_12180,generic_hex_token,T4.5,char_format,1,yaml,0,0,0,0,0
sample_12181,generic_hex_token,T5.1,indirection,1,python,1,1,1,1,0
sample_12182,generic_hex_token,T5.1,indirection,1,python,1,1,1,1,0
sample_12183,generic_hex_token,T5.1,indirection,1,python,1,1,1,1,0
sample_12184,generic_hex_token,T5.1,indirection,1,python,1,1,1,1,0
sample_12185,generic_hex_token,T5.1,indirection,1,python,1,1,1,1,0
sample_12186,generic_hex_token,T5.1,indirection,1,python,1,1,1,1,0
sample_12187,generic_hex_token,T5.1,indirection,1,python,1,1,1,1,0
sample_12188,generic_hex_token,T5.1,indirection,1,python,1,1,1,1,0
sample_12189,generic_hex_token,T5.1,indirection,1,python,1,1,1,1,0
sample_12190,generic_hex_token,T5.1,indirection,1,python,1,1,1,1,0
sample_12191,generic_hex_token,T5.1,indirection,1,python,0,0,0,0,0
sample_12192,generic_hex_token,T5.1,indirection,1,python,1,1,1,1,0
sample_12193,generic_hex_token,T5.1,indirection,1,python,1,1,1,1,0
sample_12194,generic_hex_token,T5.1,indirection,1,python,1,1,1,1,0
sample_12195,generic_hex_token,T5.1,indirection,1,python,1,1,1,1,0
sample_12196,generic_hex_token,T5.1,indirection,1,python,1,1,1,1,0
sample_12197,generic_hex_token,T5.1,indirection,1,python,1,1,1,1,0
sample_12198,generic_hex_token,T5.1,indirection,1,python,1,1,1,1,0
sample_12199,generic_hex_token,T5.1,indirection,1,python,1,1,1,1,0
sample_12200,generic_hex_token,T5.1,indirection,1,python,1,1,1,1,0
sample_12201,generic_hex_token,T5.1,indirection,1,python,1,1,1,1,0
sample_12202,generic_hex_token,T5.1,indirection,1,python,1,1,1,1,0
sample_12203,generic_hex_token,T5.1,indirection,1,python,1,1,1,1,0
sample_12204,generic_hex_token,T5.1,indirection,1,python,1,1,1,1,0
sample_12205,generic_hex_token,T5.1,indirection,1,python,1,1,1,1,0
sample_12206,generic_hex_token,T5.1,indirection,1,python,1,1,1,1,0
sample_12207,generic_hex_token,T5.1,indirection,1,python,1,1,1,1,0
sample_12208,generic_hex_token,T5.1,indirection,1,python,0,0,0,0,0
sample_12209,generic_hex_token,T5.1,indirection,1,python,1,1,1,1,0
sample_12210,generic_hex_token,T5.1,indirection,1,python,1,1,1,1,0
sample_12211,generic_hex_token,T5.2,indirection,1,python,0,0,0,0,0
sample_12212,generic_hex_token,T5.2,indirection,1,python,0,0,0,0,0
sample_12213,generic_hex_token,T5.2,indirection,1,python,0,0,0,0,0
sample_12214,generic_hex_token,T5.2,indirection,1,python,0,0,0,0,0
sample_12215,generic_hex_token,T5.2,indirection,1,python,0,0,0,0,0
sample_12216,generic_hex_token,T5.2,indirection,1,python,0,0,0,0,0
sample_12217,generic_hex_token,T5.2,indirection,1,python,0,0,0,0,0
sample_12218,generic_hex_token,T5.2,indirection,1,python,0,0,0,0,0
sample_12219,generic_hex_token,T5.2,indirection,1,python,0,0,0,0,0
sample_12220,generic_hex_token,T5.2,indirection,1,python,0,0,0,0,0
sample_12221,generic_hex_token,T5.2,indirection,1,python,0,0,0,0,0
sample_12222,generic_hex_token,T5.2,indirection,1,python,0,0,0,0,0
sample_12223,generic_hex_token,T5.2,indirection,1,python,0,0,0,0,0
sample_12224,generic_hex_token,T5.2,indirection,1,python,0,0,0,0,0
sample_12225,generic_hex_token,T5.2,indirection,1,python,0,0,0,0,0
sample_12226,generic_hex_token,T5.2,indirection,1,python,0,0,0,0,0
sample_12227,generic_hex_token,T5.2,indirection,1,python,0,0,0,0,0
sample_12228,generic_hex_token,T5.2,indirection,1,python,0,0,0,0,0
sample_12229,generic_hex_token,T5.2,indirection,1,python,0,0,0,0,0
sample_12230,generic_hex_token,T5.2,indirection,1,python,0,0,0,0,0
sample_12231,generic_hex_token,T5.2,indirection,1,python,0,0,0,0,0
sample_12232,generic_hex_token,T5.2,indirection,1,python,0,0,0,0,0
sample_12233,generic_hex_token,T5.2,indirection,1,python,0,0,0,0,0
sample_12234,generic_hex_token,T5.2,indirection,1,python,0,0,0,0,0
sample_12235,generic_hex_token,T5.2,indirection,1,python,0,0,0,0,0
sample_12236,generic_hex_token,T5.2,indirection,1,python,0,0,0,0,0
sample_12237,generic_hex_token,T5.2,indirection,1,python,0,0,0,0,0
sample_12238,generic_hex_token,T5.2,indirection,1,python,0,0,0,0,0
sample_12239,generic_hex_token,T5.2,indirection,1,python,0,0,0,0,0
sample_12240,generic_hex_token,T5.2,indirection,1,python,0,0,0,0,0
sample_12241,generic_hex_token,T6.1,contextual,1,python,0,0,0,0,0
sample_12242,generic_hex_token,T6.1,contextual,1,python,0,0,0,0,0
sample_12243,generic_hex_token,T6.1,contextual,1,python,0,0,0,0,0
sample_12244,generic_hex_token,T6.1,contextual,1,python,0,0,0,0,0
sample_12245,generic_hex_token,T6.1,contextual,1,python,0,0,0,0,0
sample_12246,generic_hex_token,T6.1,contextual,1,python,0,0,0,0,0
sample_12247,generic_hex_token,T6.1,contextual,1,python,0,0,0,0,0
sample_12248,generic_hex_token,T6.1,contextual,1,python,0,0,0,0,0
sample_12249,generic_hex_token,T6.1,contextual,1,python,0,0,0,0,0
sample_12250,generic_hex_token,T6.1,contextual,1,python,0,0,0,0,0
sample_12251,generic_hex_token,T6.1,contextual,1,python,0,0,0,0,0
sample_12252,generic_hex_token,T6.1,contextual,1,python,0,0,0,0,0
sample_12253,generic_hex_token,T6.1,contextual,1,python,0,0,0,0,0
sample_12254,generic_hex_token,T6.1,contextual,1,python,0,0,0,0,0
sample_12255,generic_hex_token,T6.1,contextual,1,python,0,0,0,0,0
sample_12256,generic_hex_token,T6.1,contextual,1,python,0,0,0,0,0
sample_12257,generic_hex_token,T6.1,contextual,1,python,0,0,0,0,0
sample_12258,generic_hex_token,T6.1,contextual,1,python,0,0,0,0,0
sample_12259,generic_hex_token,T6.1,contextual,1,python,0,0,0,0,0
sample_12260,generic_hex_token,T6.1,contextual,1,python,0,0,0,0,0
sample_12261,generic_hex_token,T6.1,contextual,1,python,0,0,0,0,0
sample_12262,generic_hex_token,T6.1,contextual,1,python,0,0,0,0,0
sample_12263,generic_hex_token,T6.1,contextual,1,python,0,0,0,0,0
sample_12264,generic_hex_token,T6.1,contextual,1,python,0,0,0,0,0
sample_12265,generic_hex_token,T6.1,contextual,1,python,0,0,0,0,0
sample_12266,generic_hex_token,T6.1,contextual,1,python,0,0,0,0,0
sample_12267,generic_hex_token,T6.1,contextual,1,python,0,0,0,0,0
sample_12268,generic_hex_token,T6.1,contextual,1,python,0,0,0,0,0
sample_12269,generic_hex_token,T6.1,contextual,1,python,0,0,0,0,0
sample_12270,generic_hex_token,T6.1,contextual,1,python,0,0,0,0,0
sample_12271,generic_hex_token,T6.1,contextual,1,dotenv,0,0,0,0,0
sample_12272,generic_hex_token,T6.1,contextual,1,dotenv,0,0,0,0,0
sample_12273,generic_hex_token,T6.1,contextual,1,dotenv,0,0,0,0,0
sample_12274,generic_hex_token,T6.1,contextual,1,dotenv,0,0,0,0,0
sample_12275,generic_hex_token,T6.1,contextual,1,dotenv,0,0,0,0,0
sample_12276,generic_hex_token,T6.1,contextual,1,dotenv,0,0,0,0,0
sample_12277,generic_hex_token,T6.1,contextual,1,dotenv,0,0,0,0,0
sample_12278,generic_hex_token,T6.1,contextual,1,dotenv,0,0,0,0,0
sample_12279,generic_hex_token,T6.1,contextual,1,dotenv,0,0,0,0,0
sample_12280,generic_hex_token,T6.1,contextual,1,dotenv,0,0,0,0,0
sample_12281,generic_hex_token,T6.1,contextual,1,dotenv,0,0,0,0,0
sample_12282,generic_hex_token,T6.1,contextual,1,dotenv,0,0,0,0,0
sample_12283,generic_hex_token,T6.1,contextual,1,dotenv,0,0,0,0,0
sample_12284,generic_hex_token,T6.1,contextual,1,dotenv,0,0,0,0,0
sample_12285,generic_hex_token,T6.1,contextual,1,dotenv,0,0,0,0,0
sample_12286,generic_hex_token,T6.1,contextual,1,dotenv,0,0,0,0,0
sample_12287,generic_hex_token,T6.1,contextual,1,dotenv,0,0,0,0,0
sample_12288,generic_hex_token,T6.1,contextual,1,dotenv,0,0,0,0,0
sample_12289,generic_hex_token,T6.1,contextual,1,dotenv,0,0,0,0,0
sample_12290,generic_hex_token,T6.1,contextual,1,dotenv,0,0,0,0,0
sample_12291,generic_hex_token,T6.1,contextual,1,dotenv,0,0,0,0,0
sample_12292,generic_hex_token,T6.1,contextual,1,dotenv,0,0,0,0,0
sample_12293,generic_hex_token,T6.1,contextual,1,dotenv,0,0,0,0,0
sample_12294,generic_hex_token,T6.1,contextual,1,dotenv,0,0,0,0,0
sample_12295,generic_hex_token,T6.1,contextual,1,dotenv,0,0,0,0,0
sample_12296,generic_hex_token,T6.1,contextual,1,dotenv,0,0,0,0,0
sample_12297,generic_hex_token,T6.1,contextual,1,dotenv,0,0,0,0,0
sample_12298,generic_hex_token,T6.1,contextual,1,dotenv,0,0,0,0,0
sample_12299,generic_hex_token,T6.1,contextual,1,dotenv,0,0,0,0,0
sample_12300,generic_hex_token,T6.1,contextual,1,dotenv,0,0,0,0,0
sample_12301,generic_hex_token,T6.1,contextual,1,yaml,0,0,0,0,0
sample_12302,generic_hex_token,T6.1,contextual,1,yaml,0,0,0,0,0
sample_12303,generic_hex_token,T6.1,contextual,1,yaml,0,0,0,0,0
sample_12304,generic_hex_token,T6.1,contextual,1,yaml,0,0,0,0,0
sample_12305,generic_hex_token,T6.1,contextual,1,yaml,0,0,0,0,0
sample_12306,generic_hex_token,T6.1,contextual,1,yaml,0,0,0,0,0
sample_12307,generic_hex_token,T6.1,contextual,1,yaml,0,0,0,0,0
sample_12308,generic_hex_token,T6.1,contextual,1,yaml,0,0,0,0,0
sample_12309,generic_hex_token,T6.1,contextual,1,yaml,0,0,0,0,0
sample_12310,generic_hex_token,T6.1,contextual,1,yaml,0,0,0,0,0
sample_12311,generic_hex_token,T6.1,contextual,1,yaml,0,0,0,0,0
sample_12312,generic_hex_token,T6.1,contextual,1,yaml,0,0,0,0,0
sample_12313,generic_hex_token,T6.1,contextual,1,yaml,0,0,0,0,0
sample_12314,generic_hex_token,T6.1,contextual,1,yaml,0,0,0,0,0
sample_12315,generic_hex_token,T6.1,contextual,1,yaml,0,0,0,0,0
sample_12316,generic_hex_token,T6.1,contextual,1,yaml,0,0,0,0,0
sample_12317,generic_hex_token,T6.1,contextual,1,yaml,0,0,0,0,0
sample_12318,generic_hex_token,T6.1,contextual,1,yaml,0,0,0,0,0
sample_12319,generic_hex_token,T6.1,contextual,1,yaml,0,0,0,0,0
sample_12320,generic_hex_token,T6.1,contextual,1,yaml,0,0,0,0,0
sample_12321,generic_hex_token,T6.1,contextual,1,yaml,0,0,0,0,0
sample_12322,generic_hex_token,T6.1,contextual,1,yaml,0,0,0,0,0
sample_12323,generic_hex_token,T6.1,contextual,1,yaml,0,0,0,0,0
sample_12324,generic_hex_token,T6.1,contextual,1,yaml,0,0,0,0,0
sample_12325,generic_hex_token,T6.1,contextual,1,yaml,0,0,0,0,0
sample_12326,generic_hex_token,T6.1,contextual,1,yaml,0,0,0,0,0
sample_12327,generic_hex_token,T6.1,contextual,1,yaml,0,0,0,0,0
sample_12328,generic_hex_token,T6.1,contextual,1,yaml,0,0,0,0,0
sample_12329,generic_hex_token,T6.1,contextual,1,yaml,0,0,0,0,0
sample_12330,generic_hex_token,T6.1,contextual,1,yaml,0,0,0,0,0
sample_12331,generic_hex_token,T6.4,contextual,1,python,0,0,0,0,0
sample_12332,generic_hex_token,T6.4,contextual,1,python,0,0,0,0,0
sample_12333,generic_hex_token,T6.4,contextual,1,python,0,0,0,0,0
sample_12334,generic_hex_token,T6.4,contextual,1,python,0,0,0,0,0
sample_12335,generic_hex_token,T6.4,contextual,1,python,0,0,0,0,0
sample_12336,generic_hex_token,T6.4,contextual,1,python,0,0,0,0,0
sample_12337,generic_hex_token,T6.4,contextual,1,python,0,0,0,0,0
sample_12338,generic_hex_token,T6.4,contextual,1,python,0,0,0,0,0
sample_12339,generic_hex_token,T6.4,contextual,1,python,0,0,0,0,0
sample_12340,generic_hex_token,T6.4,contextual,1,python,0,0,0,0,0
sample_12341,generic_hex_token,T6.4,contextual,1,python,0,0,0,0,0
sample_12342,generic_hex_token,T6.4,contextual,1,python,0,0,0,0,0
sample_12343,generic_hex_token,T6.4,contextual,1,python,0,0,0,0,0
sample_12344,generic_hex_token,T6.4,contextual,1,python,0,0,0,0,0
sample_12345,generic_hex_token,T6.4,contextual,1,python,0,0,0,0,0
sample_12346,generic_hex_token,T6.4,contextual,1,python,0,0,0,0,0
sample_12347,generic_hex_token,T6.4,contextual,1,python,0,0,0,0,0
sample_12348,generic_hex_token,T6.4,contextual,1,python,0,0,0,0,0
sample_12349,generic_hex_token,T6.4,contextual,1,python,0,0,0,0,0
sample_12350,generic_hex_token,T6.4,contextual,1,python,0,0,0,0,0
sample_12351,generic_hex_token,T6.4,contextual,1,python,0,0,0,0,0
sample_12352,generic_hex_token,T6.4,contextual,1,python,0,0,0,0,0
sample_12353,generic_hex_token,T6.4,contextual,1,python,0,0,0,0,0
sample_12354,generic_hex_token,T6.4,contextual,1,python,0,0,0,0,0
sample_12355,generic_hex_token,T6.4,contextual,1,python,0,0,0,0,0
sample_12356,generic_hex_token,T6.4,contextual,1,python,0,0,0,0,0
sample_12357,generic_hex_token,T6.4,contextual,1,python,0,0,0,0,0
sample_12358,generic_hex_token,T6.4,contextual,1,python,0,0,0,0,0
sample_12359,generic_hex_token,T6.4,contextual,1,python,0,0,0,0,0
sample_12360,generic_hex_token,T6.4,contextual,1,python,0,0,0,0,0
sample_12361,generic_hex_token,T6.4,contextual,1,dotenv,0,0,0,0,0
sample_12362,generic_hex_token,T6.4,contextual,1,dotenv,0,0,0,0,0
sample_12363,generic_hex_token,T6.4,contextual,1,dotenv,0,0,0,0,0
sample_12364,generic_hex_token,T6.4,contextual,1,dotenv,0,0,0,0,0
sample_12365,generic_hex_token,T6.4,contextual,1,dotenv,0,0,0,0,0
sample_12366,generic_hex_token,T6.4,contextual,1,dotenv,0,0,0,0,0
sample_12367,generic_hex_token,T6.4,contextual,1,dotenv,0,0,0,0,0
sample_12368,generic_hex_token,T6.4,contextual,1,dotenv,0,0,0,0,0
sample_12369,generic_hex_token,T6.4,contextual,1,dotenv,0,0,0,0,0
sample_12370,generic_hex_token,T6.4,contextual,1,dotenv,0,0,0,0,0
sample_12371,generic_hex_token,T6.4,contextual,1,dotenv,0,0,0,0,0
sample_12372,generic_hex_token,T6.4,contextual,1,dotenv,0,0,0,0,0
sample_12373,generic_hex_token,T6.4,contextual,1,dotenv,0,0,0,0,0
sample_12374,generic_hex_token,T6.4,contextual,1,dotenv,0,0,0,0,0
sample_12375,generic_hex_token,T6.4,contextual,1,dotenv,0,0,0,0,0
sample_12376,generic_hex_token,T6.4,contextual,1,dotenv,0,0,0,0,0
sample_12377,generic_hex_token,T6.4,contextual,1,dotenv,0,0,0,0,0
sample_12378,generic_hex_token,T6.4,contextual,1,dotenv,0,0,0,0,0
sample_12379,generic_hex_token,T6.4,contextual,1,dotenv,0,0,0,0,0
sample_12380,generic_hex_token,T6.4,contextual,1,dotenv,0,0,0,0,0
sample_12381,generic_hex_token,T6.4,contextual,1,dotenv,0,0,0,0,0
sample_12382,generic_hex_token,T6.4,contextual,1,dotenv,0,0,0,0,0
sample_12383,generic_hex_token,T6.4,contextual,1,dotenv,0,0,0,0,0
sample_12384,generic_hex_token,T6.4,contextual,1,dotenv,0,0,0,0,0
sample_12385,generic_hex_token,T6.4,contextual,1,dotenv,0,0,0,0,0
sample_12386,generic_hex_token,T6.4,contextual,1,dotenv,0,0,0,0,0
sample_12387,generic_hex_token,T6.4,contextual,1,dotenv,0,0,0,0,0
sample_12388,generic_hex_token,T6.4,contextual,1,dotenv,0,0,0,0,0
sample_12389,generic_hex_token,T6.4,contextual,1,dotenv,0,0,0,0,0
sample_12390,generic_hex_token,T6.4,contextual,1,dotenv,0,0,0,0,0
sample_12391,generic_hex_token,T6.4,contextual,1,yaml,0,0,0,0,0
sample_12392,generic_hex_token,T6.4,contextual,1,yaml,0,0,0,0,0
sample_12393,generic_hex_token,T6.4,contextual,1,yaml,0,0,0,0,0
sample_12394,generic_hex_token,T6.4,contextual,1,yaml,0,0,0,0,0
sample_12395,generic_hex_token,T6.4,contextual,1,yaml,0,0,0,0,0
sample_12396,generic_hex_token,T6.4,contextual,1,yaml,0,0,0,0,0
sample_12397,generic_hex_token,T6.4,contextual,1,yaml,0,0,0,0,0
sample_12398,generic_hex_token,T6.4,contextual,1,yaml,0,0,0,0,0
sample_12399,generic_hex_token,T6.4,contextual,1,yaml,0,0,0,0,0
sample_12400,generic_hex_token,T6.4,contextual,1,yaml,0,0,0,0,0
sample_12401,generic_hex_token,T6.4,contextual,1,yaml,0,0,0,0,0
sample_12402,generic_hex_token,T6.4,contextual,1,yaml,0,0,0,0,0
sample_12403,generic_hex_token,T6.4,contextual,1,yaml,0,0,0,0,0
sample_12404,generic_hex_token,T6.4,contextual,1,yaml,0,0,0,0,0
sample_12405,generic_hex_token,T6.4,contextual,1,yaml,0,0,0,0,0
sample_12406,generic_hex_token,T6.4,contextual,1,yaml,0,0,0,0,0
sample_12407,generic_hex_token,T6.4,contextual,1,yaml,0,0,0,0,0
sample_12408,generic_hex_token,T6.4,contextual,1,yaml,0,0,0,0,0
sample_12409,generic_hex_token,T6.4,contextual,1,yaml,0,0,0,0,0
sample_12410,generic_hex_token,T6.4,contextual,1,yaml,0,0,0,0,0
sample_12411,generic_hex_token,T6.4,contextual,1,yaml,0,0,0,0,0
sample_12412,generic_hex_token,T6.4,contextual,1,yaml,0,0,0,0,0
sample_12413,generic_hex_token,T6.4,contextual,1,yaml,0,0,0,0,0
sample_12414,generic_hex_token,T6.4,contextual,1,yaml,0,0,0,0,0
sample_12415,generic_hex_token,T6.4,contextual,1,yaml,0,0,0,0,0
sample_12416,generic_hex_token,T6.4,contextual,1,yaml,0,0,0,0,0
sample_12417,generic_hex_token,T6.4,contextual,1,yaml,0,0,0,0,0
sample_12418,generic_hex_token,T6.4,contextual,1,yaml,0,0,0,0,0
sample_12419,generic_hex_token,T6.4,contextual,1,yaml,0,0,0,0,0
sample_12420,generic_hex_token,T6.4,contextual,1,yaml,0,0,0,0,0
sample_12421,generic_hex_token,T7.1,composition,2,python,0,0,0,0,0
sample_12422,generic_hex_token,T7.1,composition,2,python,0,0,0,0,0
sample_12423,generic_hex_token,T7.1,composition,2,python,0,0,0,0,0
sample_12424,generic_hex_token,T7.1,composition,2,python,0,0,0,0,0
sample_12425,generic_hex_token,T7.1,composition,2,python,0,0,0,0,0
sample_12426,generic_hex_token,T7.1,composition,2,python,0,0,0,0,0
sample_12427,generic_hex_token,T7.1,composition,2,python,0,0,0,0,0
sample_12428,generic_hex_token,T7.1,composition,2,python,0,0,0,0,0
sample_12429,generic_hex_token,T7.1,composition,2,python,0,0,0,0,0
sample_12430,generic_hex_token,T7.1,composition,2,python,0,0,0,0,0
sample_12431,generic_hex_token,T7.1,composition,2,python,0,0,0,0,0
sample_12432,generic_hex_token,T7.1,composition,2,python,0,0,0,0,0
sample_12433,generic_hex_token,T7.1,composition,2,python,0,0,0,0,0
sample_12434,generic_hex_token,T7.1,composition,2,python,0,0,0,0,0
sample_12435,generic_hex_token,T7.1,composition,2,python,0,0,0,0,0
sample_12436,generic_hex_token,T7.1,composition,2,python,0,0,0,0,0
sample_12437,generic_hex_token,T7.1,composition,2,python,0,0,0,0,0
sample_12438,generic_hex_token,T7.1,composition,2,python,0,0,0,0,0
sample_12439,generic_hex_token,T7.1,composition,2,python,0,0,0,0,0
sample_12440,generic_hex_token,T7.1,composition,2,python,0,0,0,0,0
sample_12441,generic_hex_token,T7.1,composition,2,python,0,0,0,0,0
sample_12442,generic_hex_token,T7.1,composition,2,python,0,0,0,0,0
sample_12443,generic_hex_token,T7.1,composition,2,python,0,0,0,0,0
sample_12444,generic_hex_token,T7.1,composition,2,python,0,0,0,0,0
sample_12445,generic_hex_token,T7.1,composition,2,python,0,0,0,0,0
sample_12446,generic_hex_token,T7.1,composition,2,python,0,0,0,0,0
sample_12447,generic_hex_token,T7.1,composition,2,python,0,0,0,0,0
sample_12448,generic_hex_token,T7.1,composition,2,python,0,0,0,0,0
sample_12449,generic_hex_token,T7.1,composition,2,python,0,0,0,0,0
sample_12450,generic_hex_token,T7.1,composition,2,python,0,0,0,0,0
sample_12451,generic_hex_token,T7.2,composition,2,python,0,0,0,0,0
sample_12452,generic_hex_token,T7.2,composition,2,python,0,0,0,0,0
sample_12453,generic_hex_token,T7.2,composition,2,python,0,0,0,0,0
sample_12454,generic_hex_token,T7.2,composition,2,python,0,0,0,0,0
sample_12455,generic_hex_token,T7.2,composition,2,python,0,0,0,0,0
sample_12456,generic_hex_token,T7.2,composition,2,python,0,0,0,0,0
sample_12457,generic_hex_token,T7.2,composition,2,python,0,0,0,0,0
sample_12458,generic_hex_token,T7.2,composition,2,python,0,0,0,0,0
sample_12459,generic_hex_token,T7.2,composition,2,python,0,0,0,0,0
sample_12460,generic_hex_token,T7.2,composition,2,python,0,0,0,0,0
sample_12461,generic_hex_token,T7.2,composition,2,python,0,0,0,0,0
sample_12462,generic_hex_token,T7.2,composition,2,python,0,0,0,0,0
sample_12463,generic_hex_token,T7.2,composition,2,python,0,0,0,0,0
sample_12464,generic_hex_token,T7.2,composition,2,python,0,0,0,0,0
sample_12465,generic_hex_token,T7.2,composition,2,python,0,0,0,0,0
sample_12466,generic_hex_token,T7.2,composition,2,python,0,0,0,0,0
sample_12467,generic_hex_token,T7.2,composition,2,python,0,0,0,0,0
sample_12468,generic_hex_token,T7.2,composition,2,python,0,0,0,0,0
sample_12469,generic_hex_token,T7.2,composition,2,python,0,0,0,0,0
sample_12470,generic_hex_token,T7.2,composition,2,python,0,0,0,0,0
sample_12471,generic_hex_token,T7.2,composition,2,python,0,0,0,0,0
sample_12472,generic_hex_token,T7.2,composition,2,python,0,0,0,0,0
sample_12473,generic_hex_token,T7.2,composition,2,python,0,0,0,0,0
sample_12474,generic_hex_token,T7.2,composition,2,python,0,0,0,0,0
sample_12475,generic_hex_token,T7.2,composition,2,python,0,0,0,0,0
sample_12476,generic_hex_token,T7.2,composition,2,python,0,0,0,0,0
sample_12477,generic_hex_token,T7.2,composition,2,python,0,0,0,0,0
sample_12478,generic_hex_token,T7.2,composition,2,python,0,0,0,0,0
sample_12479,generic_hex_token,T7.2,composition,2,python,0,0,0,0,0
sample_12480,generic_hex_token,T7.2,composition,2,python,0,0,0,0,0
sample_12481,aws_keypair,T0.0,control,1,python,1,1,1,1,1
sample_12482,aws_keypair,T0.0,control,1,python,1,1,1,1,1
sample_12483,aws_keypair,T0.0,control,1,python,1,1,1,1,1
sample_12484,aws_keypair,T0.0,control,1,python,1,1,1,1,1
sample_12485,aws_keypair,T0.0,control,1,python,1,1,1,1,1
sample_12486,aws_keypair,T0.0,control,1,python,1,1,1,1,1
sample_12487,aws_keypair,T0.0,control,1,python,1,1,1,1,1
sample_12488,aws_keypair,T0.0,control,1,python,0,0,0,0,1
sample_12489,aws_keypair,T0.0,control,1,python,1,1,1,1,1
sample_12490,aws_keypair,T0.0,control,1,python,1,1,1,1,1
sample_12491,aws_keypair,T0.0,control,1,python,1,1,1,1,1
sample_12492,aws_keypair,T0.0,control,1,python,1,1,1,1,1
sample_12493,aws_keypair,T0.0,control,1,python,1,1,1,1,1
sample_12494,aws_keypair,T0.0,control,1,python,1,1,1,1,1
sample_12495,aws_keypair,T0.0,control,1,python,1,1,1,1,1
sample_12496,aws_keypair,T0.0,control,1,python,1,1,1,1,1
sample_12497,aws_keypair,T0.0,control,1,python,1,1,1,1,1
sample_12498,aws_keypair,T0.0,control,1,python,1,1,1,1,1
sample_12499,aws_keypair,T0.0,control,1,python,1,1,1,1,1
sample_12500,aws_keypair,T0.0,control,1,python,1,1,1,1,1
sample_12501,aws_keypair,T0.0,control,1,python,1,1,1,1,1
sample_12502,aws_keypair,T0.0,control,1,python,1,1,1,1,1
sample_12503,aws_keypair,T0.0,control,1,python,1,1,1,1,1
sample_12504,aws_keypair,T0.0,control,1,python,1,1,1,1,1
sample_12505,aws_keypair,T0.0,control,1,python,1,1,1,1,1
sample_12506,aws_keypair,T0.0,control,1,python,1,1,1,1,1
sample_12507,aws_keypair,T0.0,control,1,python,1,1,1,1,1
sample_12508,aws_keypair,T0.0,control,1,python,1,1,1,1,1
sample_12509,aws_keypair,T0.0,control,1,python,1,1,1,1,1
sample_12510,aws_keypair,T0.0,control,1,python,1,1,1,1,1
sample_12511,aws_keypair,T0.0,control,1,dotenv,1,1,1,1,1
sample_12512,aws_keypair,T0.0,control,1,dotenv,1,1,1,1,1
sample_12513,aws_keypair,T0.0,control,1,dotenv,1,1,1,1,1
sample_12514,aws_keypair,T0.0,control,1,dotenv,1,1,1,1,1
sample_12515,aws_keypair,T0.0,control,1,dotenv,1,1,1,1,1
sample_12516,aws_keypair,T0.0,control,1,dotenv,1,1,1,1,1
sample_12517,aws_keypair,T0.0,control,1,dotenv,1,1,1,1,1
sample_12518,aws_keypair,T0.0,control,1,dotenv,1,1,1,1,1
sample_12519,aws_keypair,T0.0,control,1,dotenv,1,1,1,1,1
sample_12520,aws_keypair,T0.0,control,1,dotenv,1,1,1,1,1
sample_12521,aws_keypair,T0.0,control,1,dotenv,1,1,1,1,1
sample_12522,aws_keypair,T0.0,control,1,dotenv,1,1,1,1,1
sample_12523,aws_keypair,T0.0,control,1,dotenv,1,1,1,1,1
sample_12524,aws_keypair,T0.0,control,1,dotenv,1,1,1,1,1
sample_12525,aws_keypair,T0.0,control,1,dotenv,0,0,0,0,1
sample_12526,aws_keypair,T0.0,control,1,dotenv,1,1,1,1,1
sample_12527,aws_keypair,T0.0,control,1,dotenv,1,1,1,1,1
sample_12528,aws_keypair,T0.0,control,1,dotenv,1,1,1,1,1
sample_12529,aws_keypair,T0.0,control,1,dotenv,1,1,1,1,1
sample_12530,aws_keypair,T0.0,control,1,dotenv,1,1,1,1,1
sample_12531,aws_keypair,T0.0,control,1,dotenv,1,1,1,1,1
sample_12532,aws_keypair,T0.0,control,1,dotenv,1,1,1,1,1
sample_12533,aws_keypair,T0.0,control,1,dotenv,1,1,1,1,1
sample_12534,aws_keypair,T0.0,control,1,dotenv,1,1,1,1,1
sample_12535,aws_keypair,T0.0,control,1,dotenv,1,1,1,1,1
sample_12536,aws_keypair,T0.0,control,1,dotenv,1,1,1,1,1
sample_12537,aws_keypair,T0.0,control,1,dotenv,1,1,1,1,1
sample_12538,aws_keypair,T0.0,control,1,dotenv,1,1,1,1,1
sample_12539,aws_keypair,T0.0,control,1,dotenv,1,1,1,1,1
sample_12540,aws_keypair,T0.0,control,1,dotenv,1,1,1,1,1
sample_12541,aws_keypair,T0.0,control,1,yaml,1,1,1,1,1
sample_12542,aws_keypair,T0.0,control,1,yaml,1,1,1,1,1
sample_12543,aws_keypair,T0.0,control,1,yaml,1,1,1,1,1
sample_12544,aws_keypair,T0.0,control,1,yaml,1,1,1,1,1
sample_12545,aws_keypair,T0.0,control,1,yaml,1,1,1,1,1
sample_12546,aws_keypair,T0.0,control,1,yaml,1,1,1,1,1
sample_12547,aws_keypair,T0.0,control,1,yaml,1,1,1,1,1
sample_12548,aws_keypair,T0.0,control,1,yaml,1,1,1,1,1
sample_12549,aws_keypair,T0.0,control,1,yaml,1,1,1,1,1
sample_12550,aws_keypair,T0.0,control,1,yaml,1,1,1,1,1
sample_12551,aws_keypair,T0.0,control,1,yaml,1,1,1,1,1
sample_12552,aws_keypair,T0.0,control,1,yaml,1,1,1,1,1
sample_12553,aws_keypair,T0.0,control,1,yaml,0,0,0,0,1
sample_12554,aws_keypair,T0.0,control,1,yaml,1,1,1,1,1
sample_12555,aws_keypair,T0.0,control,1,yaml,1,1,1,1,1
sample_12556,aws_keypair,T0.0,control,1,yaml,1,1,1,1,1
sample_12557,aws_keypair,T0.0,control,1,yaml,1,1,1,1,1
sample_12558,aws_keypair,T0.0,control,1,yaml,1,1,1,1,1
sample_12559,aws_keypair,T0.0,control,1,yaml,1,1,1,1,1
sample_12560,aws_keypair,T0.0,control,1,yaml,1,1,1,1,1
sample_12561,aws_keypair,T0.0,control,1,yaml,1,1,1,1,1
sample_12562,aws_keypair,T0.0,control,1,yaml,1,1,1,1,1
sample_12563,aws_keypair,T0.0,control,1,yaml,1,1,1,1,1
sample_12564,aws_keypair,T0.0,control,1,yaml,1,1,1,1,1
sample_12565,aws_keypair,T0.0,control,1,yaml,1,1,1,1,1
sample_12566,aws_keypair,T0.0,control,1,yaml,1,1,1,1,1
sample_12567,aws_keypair,T0.0,control,1,yaml,1,1,1,1,1
sample_12568,aws_keypair,T0.0,control,1,yaml,1,1,1,1,1
sample_12569,aws_keypair,T0.0,control,1,yaml,1,1,1,1,1
sample_12570,aws_keypair,T0.0,control,1,yaml,1,1,1,1,1
sample_12571,aws_keypair,T1.1,encoding,1,python,1,1,1,1,1
sample_12572,aws_keypair,T1.1,encoding,1,python,1,1,1,1,1
sample_12573,aws_keypair,T1.1,encoding,1,python,1,1,1,1,1
sample_12574,aws_keypair,T1.1,encoding,1,python,1,1,1,1,1
sample_12575,aws_keypair,T1.1,encoding,1,python,1,1,1,1,1
sample_12576,aws_keypair,T1.1,encoding,1,python,1,1,1,1,1
sample_12577,aws_keypair,T1.1,encoding,1,python,1,1,1,1,1
sample_12578,aws_keypair,T1.1,encoding,1,python,1,1,1,1,1
sample_12579,aws_keypair,T1.1,encoding,1,python,1,1,1,1,1
sample_12580,aws_keypair,T1.1,encoding,1,python,1,1,1,1,1
sample_12581,aws_keypair,T1.1,encoding,1,python,1,1,1,1,1
sample_12582,aws_keypair,T1.1,encoding,1,python,1,1,1,1,1
sample_12583,aws_keypair,T1.1,encoding,1,python,1,1,1,1,1
sample_12584,aws_keypair,T1.1,encoding,1,python,1,1,1,1,1
sample_12585,aws_keypair,T1.1,encoding,1,python,1,1,1,1,1
sample_12586,aws_keypair,T1.1,encoding,1,python,1,1,1,1,1
sample_12587,aws_keypair,T1.1,encoding,1,python,1,1,1,1,1
sample_12588,aws_keypair,T1.1,encoding,1,python,1,1,1,1,1
sample_12589,aws_keypair,T1.1,encoding,1,python,1,1,1,1,1
sample_12590,aws_keypair,T1.1,encoding,1,python,1,1,1,1,1
sample_12591,aws_keypair,T1.1,encoding,1,python,1,1,1,1,1
sample_12592,aws_keypair,T1.1,encoding,1,python,1,1,1,1,1
sample_12593,aws_keypair,T1.1,encoding,1,python,1,1,1,1,1
sample_12594,aws_keypair,T1.1,encoding,1,python,1,1,1,1,1
sample_12595,aws_keypair,T1.1,encoding,1,python,1,1,1,1,1
sample_12596,aws_keypair,T1.1,encoding,1,python,1,1,1,1,1
sample_12597,aws_keypair,T1.1,encoding,1,python,1,1,1,1,1
sample_12598,aws_keypair,T1.1,encoding,1,python,1,1,1,1,1
sample_12599,aws_keypair,T1.1,encoding,1,python,1,1,1,1,1
sample_12600,aws_keypair,T1.1,encoding,1,python,1,1,1,1,1
sample_12601,aws_keypair,T1.1,encoding,1,dotenv,1,1,1,1,1
sample_12602,aws_keypair,T1.1,encoding,1,dotenv,1,1,1,1,1
sample_12603,aws_keypair,T1.1,encoding,1,dotenv,1,1,1,1,1
sample_12604,aws_keypair,T1.1,encoding,1,dotenv,1,1,1,1,1
sample_12605,aws_keypair,T1.1,encoding,1,dotenv,1,1,1,1,1
sample_12606,aws_keypair,T1.1,encoding,1,dotenv,1,1,1,1,1
sample_12607,aws_keypair,T1.1,encoding,1,dotenv,1,1,1,1,1
sample_12608,aws_keypair,T1.1,encoding,1,dotenv,1,1,1,1,1
sample_12609,aws_keypair,T1.1,encoding,1,dotenv,1,1,1,1,1
sample_12610,aws_keypair,T1.1,encoding,1,dotenv,1,1,1,1,1
sample_12611,aws_keypair,T1.1,encoding,1,dotenv,1,1,1,1,1
sample_12612,aws_keypair,T1.1,encoding,1,dotenv,1,1,1,1,1
sample_12613,aws_keypair,T1.1,encoding,1,dotenv,1,1,1,1,1
sample_12614,aws_keypair,T1.1,encoding,1,dotenv,1,1,1,1,1
sample_12615,aws_keypair,T1.1,encoding,1,dotenv,1,1,1,1,1
sample_12616,aws_keypair,T1.1,encoding,1,dotenv,1,1,1,1,1
sample_12617,aws_keypair,T1.1,encoding,1,dotenv,1,1,1,1,1
sample_12618,aws_keypair,T1.1,encoding,1,dotenv,1,1,1,1,1
sample_12619,aws_keypair,T1.1,encoding,1,dotenv,1,1,1,1,1
sample_12620,aws_keypair,T1.1,encoding,1,dotenv,1,1,1,1,1
sample_12621,aws_keypair,T1.1,encoding,1,dotenv,1,1,1,1,1
sample_12622,aws_keypair,T1.1,encoding,1,dotenv,1,1,1,1,1
sample_12623,aws_keypair,T1.1,encoding,1,dotenv,1,1,1,1,1
sample_12624,aws_keypair,T1.1,encoding,1,dotenv,1,1,1,1,1
sample_12625,aws_keypair,T1.1,encoding,1,dotenv,1,1,1,1,1
sample_12626,aws_keypair,T1.1,encoding,1,dotenv,1,1,1,1,1
sample_12627,aws_keypair,T1.1,encoding,1,dotenv,1,1,1,1,1
sample_12628,aws_keypair,T1.1,encoding,1,dotenv,1,1,1,1,1
sample_12629,aws_keypair,T1.1,encoding,1,dotenv,1,1,1,1,1
sample_12630,aws_keypair,T1.1,encoding,1,dotenv,1,1,1,1,1
sample_12631,aws_keypair,T1.1,encoding,1,yaml,1,1,1,1,1
sample_12632,aws_keypair,T1.1,encoding,1,yaml,1,1,1,1,1
sample_12633,aws_keypair,T1.1,encoding,1,yaml,1,1,1,1,1
sample_12634,aws_keypair,T1.1,encoding,1,yaml,1,1,1,1,1
sample_12635,aws_keypair,T1.1,encoding,1,yaml,1,1,1,1,1
sample_12636,aws_keypair,T1.1,encoding,1,yaml,1,1,1,1,1
sample_12637,aws_keypair,T1.1,encoding,1,yaml,0,1,0,1,1
sample_12638,aws_keypair,T1.1,encoding,1,yaml,1,1,1,1,1
sample_12639,aws_keypair,T1.1,encoding,1,yaml,1,1,1,1,1
sample_12640,aws_keypair,T1.1,encoding,1,yaml,1,1,1,1,1
sample_12641,aws_keypair,T1.1,encoding,1,yaml,1,1,1,1,1
sample_12642,aws_keypair,T1.1,encoding,1,yaml,1,1,1,1,1
sample_12643,aws_keypair,T1.1,encoding,1,yaml,1,1,1,1,1
sample_12644,aws_keypair,T1.1,encoding,1,yaml,1,1,1,1,1
sample_12645,aws_keypair,T1.1,encoding,1,yaml,1,1,1,1,1
sample_12646,aws_keypair,T1.1,encoding,1,yaml,1,1,1,1,1
sample_12647,aws_keypair,T1.1,encoding,1,yaml,1,1,1,1,1
sample_12648,aws_keypair,T1.1,encoding,1,yaml,1,1,1,1,1
sample_12649,aws_keypair,T1.1,encoding,1,yaml,1,1,1,1,1
sample_12650,aws_keypair,T1.1,encoding,1,yaml,1,1,1,1,1
sample_12651,aws_keypair,T1.1,encoding,1,yaml,1,1,1,1,1
sample_12652,aws_keypair,T1.1,encoding,1,yaml,1,1,1,1,1
sample_12653,aws_keypair,T1.1,encoding,1,yaml,1,1,1,1,1
sample_12654,aws_keypair,T1.1,encoding,1,yaml,1,1,1,1,1
sample_12655,aws_keypair,T1.1,encoding,1,yaml,1,1,1,1,1
sample_12656,aws_keypair,T1.1,encoding,1,yaml,1,1,1,1,1
sample_12657,aws_keypair,T1.1,encoding,1,yaml,1,1,1,1,1
sample_12658,aws_keypair,T1.1,encoding,1,yaml,1,1,1,1,1
sample_12659,aws_keypair,T1.1,encoding,1,yaml,1,1,1,1,1
sample_12660,aws_keypair,T1.1,encoding,1,yaml,1,1,1,1,1
sample_12661,aws_keypair,T1.2,encoding,1,python,1,1,1,1,0
sample_12662,aws_keypair,T1.2,encoding,1,python,1,1,1,1,0
sample_12663,aws_keypair,T1.2,encoding,1,python,1,1,1,1,0
sample_12664,aws_keypair,T1.2,encoding,1,python,1,1,1,1,0
sample_12665,aws_keypair,T1.2,encoding,1,python,1,1,1,1,0
sample_12666,aws_keypair,T1.2,encoding,1,python,1,1,1,1,0
sample_12667,aws_keypair,T1.2,encoding,1,python,1,1,1,1,0
sample_12668,aws_keypair,T1.2,encoding,1,python,1,1,1,1,0
sample_12669,aws_keypair,T1.2,encoding,1,python,1,1,1,1,0
sample_12670,aws_keypair,T1.2,encoding,1,python,1,1,1,1,0
sample_12671,aws_keypair,T1.2,encoding,1,python,1,1,1,1,0
sample_12672,aws_keypair,T1.2,encoding,1,python,1,1,1,1,0
sample_12673,aws_keypair,T1.2,encoding,1,python,1,1,1,1,0
sample_12674,aws_keypair,T1.2,encoding,1,python,0,0,0,0,0
sample_12675,aws_keypair,T1.2,encoding,1,python,1,1,1,1,0
sample_12676,aws_keypair,T1.2,encoding,1,python,1,1,1,1,0
sample_12677,aws_keypair,T1.2,encoding,1,python,1,1,1,1,0
sample_12678,aws_keypair,T1.2,encoding,1,python,1,1,1,1,0
sample_12679,aws_keypair,T1.2,encoding,1,python,1,1,1,1,0
sample_12680,aws_keypair,T1.2,encoding,1,python,1,1,1,1,0
sample_12681,aws_keypair,T1.2,encoding,1,python,1,1,1,1,0
sample_12682,aws_keypair,T1.2,encoding,1,python,1,1,1,1,0
sample_12683,aws_keypair,T1.2,encoding,1,python,1,1,1,1,0
sample_12684,aws_keypair,T1.2,encoding,1,python,1,1,1,1,0
sample_12685,aws_keypair,T1.2,encoding,1,python,1,1,1,1,0
sample_12686,aws_keypair,T1.2,encoding,1,python,1,1,1,1,0
sample_12687,aws_keypair,T1.2,encoding,1,python,1,1,1,1,0
sample_12688,aws_keypair,T1.2,encoding,1,python,1,1,1,1,0
sample_12689,aws_keypair,T1.2,encoding,1,python,1,1,1,1,0
sample_12690,aws_keypair,T1.2,encoding,1,python,1,1,1,1,0
sample_12691,aws_keypair,T1.2,encoding,1,dotenv,1,1,1,1,1
sample_12692,aws_keypair,T1.2,encoding,1,dotenv,1,1,1,1,1
sample_12693,aws_keypair,T1.2,encoding,1,dotenv,1,1,1,1,1
sample_12694,aws_keypair,T1.2,encoding,1,dotenv,1,1,1,1,1
sample_12695,aws_keypair,T1.2,encoding,1,dotenv,1,1,1,1,1
sample_12696,aws_keypair,T1.2,encoding,1,dotenv,1,1,1,1,1
sample_12697,aws_keypair,T1.2,encoding,1,dotenv,1,1,1,1,1
sample_12698,aws_keypair,T1.2,encoding,1,dotenv,1,1,1,1,1
sample_12699,aws_keypair,T1.2,encoding,1,dotenv,1,1,1,1,1
sample_12700,aws_keypair,T1.2,encoding,1,dotenv,1,1,1,1,1
sample_12701,aws_keypair,T1.2,encoding,1,dotenv,1,1,1,1,1
sample_12702,aws_keypair,T1.2,encoding,1,dotenv,1,1,1,1,1
sample_12703,aws_keypair,T1.2,encoding,1,dotenv,1,1,1,1,1
sample_12704,aws_keypair,T1.2,encoding,1,dotenv,1,1,1,1,1
sample_12705,aws_keypair,T1.2,encoding,1,dotenv,1,1,1,1,1
sample_12706,aws_keypair,T1.2,encoding,1,dotenv,1,1,1,1,1
sample_12707,aws_keypair,T1.2,encoding,1,dotenv,1,1,1,1,1
sample_12708,aws_keypair,T1.2,encoding,1,dotenv,1,1,1,1,1
sample_12709,aws_keypair,T1.2,encoding,1,dotenv,1,1,1,1,1
sample_12710,aws_keypair,T1.2,encoding,1,dotenv,1,1,1,1,1
sample_12711,aws_keypair,T1.2,encoding,1,dotenv,1,1,1,1,1
sample_12712,aws_keypair,T1.2,encoding,1,dotenv,1,1,1,1,1
sample_12713,aws_keypair,T1.2,encoding,1,dotenv,1,1,1,1,1
sample_12714,aws_keypair,T1.2,encoding,1,dotenv,1,1,1,1,1
sample_12715,aws_keypair,T1.2,encoding,1,dotenv,1,1,1,1,1
sample_12716,aws_keypair,T1.2,encoding,1,dotenv,1,1,1,1,1
sample_12717,aws_keypair,T1.2,encoding,1,dotenv,1,1,1,1,1
sample_12718,aws_keypair,T1.2,encoding,1,dotenv,1,1,1,1,0
sample_12719,aws_keypair,T1.2,encoding,1,dotenv,1,1,1,1,1
sample_12720,aws_keypair,T1.2,encoding,1,dotenv,1,1,1,1,1
sample_12721,aws_keypair,T1.2,encoding,1,yaml,1,1,1,1,1
sample_12722,aws_keypair,T1.2,encoding,1,yaml,1,1,1,1,1
sample_12723,aws_keypair,T1.2,encoding,1,yaml,1,1,1,1,1
sample_12724,aws_keypair,T1.2,encoding,1,yaml,1,1,1,1,1
sample_12725,aws_keypair,T1.2,encoding,1,yaml,1,1,1,1,1
sample_12726,aws_keypair,T1.2,encoding,1,yaml,1,1,1,1,1
sample_12727,aws_keypair,T1.2,encoding,1,yaml,1,1,1,1,1
sample_12728,aws_keypair,T1.2,encoding,1,yaml,1,1,1,1,0
sample_12729,aws_keypair,T1.2,encoding,1,yaml,1,1,1,1,1
sample_12730,aws_keypair,T1.2,encoding,1,yaml,1,1,1,1,1
sample_12731,aws_keypair,T1.2,encoding,1,yaml,1,1,1,1,1
sample_12732,aws_keypair,T1.2,encoding,1,yaml,1,1,1,1,1
sample_12733,aws_keypair,T1.2,encoding,1,yaml,1,1,1,1,1
sample_12734,aws_keypair,T1.2,encoding,1,yaml,1,1,1,1,1
sample_12735,aws_keypair,T1.2,encoding,1,yaml,1,1,1,1,1
sample_12736,aws_keypair,T1.2,encoding,1,yaml,1,1,1,1,1
sample_12737,aws_keypair,T1.2,encoding,1,yaml,0,0,0,0,1
sample_12738,aws_keypair,T1.2,encoding,1,yaml,1,1,1,1,1
sample_12739,aws_keypair,T1.2,encoding,1,yaml,1,1,1,1,1
sample_12740,aws_keypair,T1.2,encoding,1,yaml,1,1,1,1,1
sample_12741,aws_keypair,T1.2,encoding,1,yaml,1,1,1,1,1
sample_12742,aws_keypair,T1.2,encoding,1,yaml,1,1,1,1,1
sample_12743,aws_keypair,T1.2,encoding,1,yaml,1,1,1,1,1
sample_12744,aws_keypair,T1.2,encoding,1,yaml,1,1,1,1,1
sample_12745,aws_keypair,T1.2,encoding,1,yaml,1,1,1,1,1
sample_12746,aws_keypair,T1.2,encoding,1,yaml,1,1,1,1,1
sample_12747,aws_keypair,T1.2,encoding,1,yaml,1,1,1,1,1
sample_12748,aws_keypair,T1.2,encoding,1,yaml,1,1,1,1,1
sample_12749,aws_keypair,T1.2,encoding,1,yaml,1,1,1,1,1
sample_12750,aws_keypair,T1.2,encoding,1,yaml,1,1,1,1,1
sample_12751,aws_keypair,T1.3,encoding,1,python,0,0,0,0,0
sample_12752,aws_keypair,T1.3,encoding,1,python,0,0,0,0,0
sample_12753,aws_keypair,T1.3,encoding,1,python,0,0,0,0,0
sample_12754,aws_keypair,T1.3,encoding,1,python,0,0,0,0,0
sample_12755,aws_keypair,T1.3,encoding,1,python,0,0,0,0,0
sample_12756,aws_keypair,T1.3,encoding,1,python,0,0,0,0,0
sample_12757,aws_keypair,T1.3,encoding,1,python,0,0,0,0,0
sample_12758,aws_keypair,T1.3,encoding,1,python,0,0,0,0,0
sample_12759,aws_keypair,T1.3,encoding,1,python,0,0,0,0,0
sample_12760,aws_keypair,T1.3,encoding,1,python,0,0,0,0,0
sample_12761,aws_keypair,T1.3,encoding,1,python,0,0,0,0,0
sample_12762,aws_keypair,T1.3,encoding,1,python,0,0,0,0,0
sample_12763,aws_keypair,T1.3,encoding,1,python,0,0,0,0,0
sample_12764,aws_keypair,T1.3,encoding,1,python,0,0,0,0,0
sample_12765,aws_keypair,T1.3,encoding,1,python,0,0,0,0,0
sample_12766,aws_keypair,T1.3,encoding,1,python,0,0,0,0,0
sample_12767,aws_keypair,T1.3,encoding,1,python,0,0,0,0,0
sample_12768,aws_keypair,T1.3,encoding,1,python,0,0,0,0,0
sample_12769,aws_keypair,T1.3,encoding,1,python,0,0,0,0,0
sample_12770,aws_keypair,T1.3,encoding,1,python,0,0,0,0,0
sample_12771,aws_keypair,T1.3,encoding,1,python,0,0,0,0,0
sample_12772,aws_keypair,T1.3,encoding,1,python,0,0,0,0,0
sample_12773,aws_keypair,T1.3,encoding,1,python,0,0,0,0,0
sample_12774,aws_keypair,T1.3,encoding,1,python,0,0,0,0,0
sample_12775,aws_keypair,T1.3,encoding,1,python,0,0,0,0,0
sample_12776,aws_keypair,T1.3,encoding,1,python,0,0,0,0,0
sample_12777,aws_keypair,T1.3,encoding,1,python,0,0,0,0,0
sample_12778,aws_keypair,T1.3,encoding,1,python,0,0,0,0,0
sample_12779,aws_keypair,T1.3,encoding,1,python,0,0,0,0,0
sample_12780,aws_keypair,T1.3,encoding,1,python,0,0,0,0,0
sample_12781,aws_keypair,T1.3,encoding,1,dotenv,0,0,0,0,0
sample_12782,aws_keypair,T1.3,encoding,1,dotenv,0,0,0,0,0
sample_12783,aws_keypair,T1.3,encoding,1,dotenv,0,0,0,0,0
sample_12784,aws_keypair,T1.3,encoding,1,dotenv,0,0,0,0,0
sample_12785,aws_keypair,T1.3,encoding,1,dotenv,0,0,0,0,0
sample_12786,aws_keypair,T1.3,encoding,1,dotenv,0,0,0,0,0
sample_12787,aws_keypair,T1.3,encoding,1,dotenv,0,0,0,0,0
sample_12788,aws_keypair,T1.3,encoding,1,dotenv,0,0,0,0,0
sample_12789,aws_keypair,T1.3,encoding,1,dotenv,0,0,0,0,0
sample_12790,aws_keypair,T1.3,encoding,1,dotenv,0,0,0,0,0
sample_12791,aws_keypair,T1.3,encoding,1,dotenv,0,0,0,0,0
sample_12792,aws_keypair,T1.3,encoding,1,dotenv,0,0,0,0,0
sample_12793,aws_keypair,T1.3,encoding,1,dotenv,0,0,0,0,0
sample_12794,aws_keypair,T1.3,encoding,1,dotenv,0,0,0,0,0
sample_12795,aws_keypair,T1.3,encoding,1,dotenv,0,0,0,0,0
sample_12796,aws_keypair,T1.3,encoding,1,dotenv,0,0,0,0,0
sample_12797,aws_keypair,T1.3,encoding,1,dotenv,0,0,0,0,0
sample_12798,aws_keypair,T1.3,encoding,1,dotenv,0,0,0,0,0
sample_12799,aws_keypair,T1.3,encoding,1,dotenv,0,0,0,0,0
sample_12800,aws_keypair,T1.3,encoding,1,dotenv,0,0,0,0,0
sample_12801,aws_keypair,T1.3,encoding,1,dotenv,0,0,0,0,0
sample_12802,aws_keypair,T1.3,encoding,1,dotenv,0,0,0,0,0
sample_12803,aws_keypair,T1.3,encoding,1,dotenv,0,0,0,0,0
sample_12804,aws_keypair,T1.3,encoding,1,dotenv,0,0,0,0,0
sample_12805,aws_keypair,T1.3,encoding,1,dotenv,0,0,0,0,0
sample_12806,aws_keypair,T1.3,encoding,1,dotenv,1,1,1,1,0
sample_12807,aws_keypair,T1.3,encoding,1,dotenv,0,0,0,0,0
sample_12808,aws_keypair,T1.3,encoding,1,dotenv,0,0,0,0,0
sample_12809,aws_keypair,T1.3,encoding,1,dotenv,0,0,0,0,0
sample_12810,aws_keypair,T1.3,encoding,1,dotenv,0,0,0,0,0
sample_12811,aws_keypair,T1.3,encoding,1,yaml,0,0,0,0,0
sample_12812,aws_keypair,T1.3,encoding,1,yaml,0,0,0,0,0
sample_12813,aws_keypair,T1.3,encoding,1,yaml,0,0,0,0,0
sample_12814,aws_keypair,T1.3,encoding,1,yaml,0,0,0,0,0
sample_12815,aws_keypair,T1.3,encoding,1,yaml,0,0,0,0,0
sample_12816,aws_keypair,T1.3,encoding,1,yaml,0,0,0,0,0
sample_12817,aws_keypair,T1.3,encoding,1,yaml,0,0,0,0,0
sample_12818,aws_keypair,T1.3,encoding,1,yaml,0,0,0,0,0
sample_12819,aws_keypair,T1.3,encoding,1,yaml,0,0,0,0,0
sample_12820,aws_keypair,T1.3,encoding,1,yaml,0,0,0,0,0
sample_12821,aws_keypair,T1.3,encoding,1,yaml,0,0,0,0,0
sample_12822,aws_keypair,T1.3,encoding,1,yaml,0,0,0,0,0
sample_12823,aws_keypair,T1.3,encoding,1,yaml,0,0,0,0,0
sample_12824,aws_keypair,T1.3,encoding,1,yaml,0,0,0,0,0
sample_12825,aws_keypair,T1.3,encoding,1,yaml,0,0,0,0,0
sample_12826,aws_keypair,T1.3,encoding,1,yaml,0,0,0,0,0
sample_12827,aws_keypair,T1.3,encoding,1,yaml,0,0,0,0,0
sample_12828,aws_keypair,T1.3,encoding,1,yaml,0,0,0,0,0
sample_12829,aws_keypair,T1.3,encoding,1,yaml,0,0,0,0,0
sample_12830,aws_keypair,T1.3,encoding,1,yaml,0,0,0,0,0
sample_12831,aws_keypair,T1.3,encoding,1,yaml,0,0,0,0,0
sample_12832,aws_keypair,T1.3,encoding,1,yaml,0,0,0,0,0
sample_12833,aws_keypair,T1.3,encoding,1,yaml,0,0,0,0,0
sample_12834,aws_keypair,T1.3,encoding,1,yaml,0,0,0,0,0
sample_12835,aws_keypair,T1.3,encoding,1,yaml,0,0,0,0,0
sample_12836,aws_keypair,T1.3,encoding,1,yaml,0,0,0,0,0
sample_12837,aws_keypair,T1.3,encoding,1,yaml,0,0,0,0,0
sample_12838,aws_keypair,T1.3,encoding,1,yaml,0,0,0,0,0
sample_12839,aws_keypair,T1.3,encoding,1,yaml,0,0,0,0,0
sample_12840,aws_keypair,T1.3,encoding,1,yaml,1,1,1,1,0
sample_12841,aws_keypair,T1.4,encoding,1,python,0,1,0,1,0
sample_12842,aws_keypair,T1.4,encoding,1,python,0,1,0,1,0
sample_12843,aws_keypair,T1.4,encoding,1,python,0,1,0,1,0
sample_12844,aws_keypair,T1.4,encoding,1,python,0,1,0,1,0
sample_12845,aws_keypair,T1.4,encoding,1,python,0,1,0,1,0
sample_12846,aws_keypair,T1.4,encoding,1,python,1,1,1,1,0
sample_12847,aws_keypair,T1.4,encoding,1,python,0,1,0,1,0
sample_12848,aws_keypair,T1.4,encoding,1,python,0,1,0,1,0
sample_12849,aws_keypair,T1.4,encoding,1,python,1,1,1,1,0
sample_12850,aws_keypair,T1.4,encoding,1,python,1,1,1,1,0
sample_12851,aws_keypair,T1.4,encoding,1,python,1,1,1,1,0
sample_12852,aws_keypair,T1.4,encoding,1,python,0,1,0,1,0
sample_12853,aws_keypair,T1.4,encoding,1,python,0,1,0,1,0
sample_12854,aws_keypair,T1.4,encoding,1,python,1,1,1,1,0
sample_12855,aws_keypair,T1.4,encoding,1,python,0,1,0,1,0
sample_12856,aws_keypair,T1.4,encoding,1,python,0,1,0,1,0
sample_12857,aws_keypair,T1.4,encoding,1,python,0,1,0,1,0
sample_12858,aws_keypair,T1.4,encoding,1,python,0,1,0,1,0
sample_12859,aws_keypair,T1.4,encoding,1,python,0,1,0,1,0
sample_12860,aws_keypair,T1.4,encoding,1,python,0,1,0,1,0
sample_12861,aws_keypair,T1.4,encoding,1,python,0,1,0,1,0
sample_12862,aws_keypair,T1.4,encoding,1,python,0,1,0,1,0
sample_12863,aws_keypair,T1.4,encoding,1,python,0,1,0,1,0
sample_12864,aws_keypair,T1.4,encoding,1,python,0,1,0,1,0
sample_12865,aws_keypair,T1.4,encoding,1,python,1,1,1,1,0
sample_12866,aws_keypair,T1.4,encoding,1,python,0,1,0,1,0
sample_12867,aws_keypair,T1.4,encoding,1,python,0,1,0,1,0
sample_12868,aws_keypair,T1.4,encoding,1,python,1,1,1,1,0
sample_12869,aws_keypair,T1.4,encoding,1,python,0,1,0,1,0
sample_12870,aws_keypair,T1.4,encoding,1,python,0,1,0,1,0
sample_12871,aws_keypair,T1.4,encoding,1,dotenv,1,1,1,1,0
sample_12872,aws_keypair,T1.4,encoding,1,dotenv,0,1,0,1,0
sample_12873,aws_keypair,T1.4,encoding,1,dotenv,1,1,1,1,0
sample_12874,aws_keypair,T1.4,encoding,1,dotenv,1,1,1,1,0
sample_12875,aws_keypair,T1.4,encoding,1,dotenv,0,1,0,1,0
sample_12876,aws_keypair,T1.4,encoding,1,dotenv,1,1,1,1,0
sample_12877,aws_keypair,T1.4,encoding,1,dotenv,0,1,0,1,0
sample_12878,aws_keypair,T1.4,encoding,1,dotenv,0,1,0,1,0
sample_12879,aws_keypair,T1.4,encoding,1,dotenv,1,1,1,1,0
sample_12880,aws_keypair,T1.4,encoding,1,dotenv,0,1,0,1,0
sample_12881,aws_keypair,T1.4,encoding,1,dotenv,0,1,0,1,0
sample_12882,aws_keypair,T1.4,encoding,1,dotenv,0,1,0,1,0
sample_12883,aws_keypair,T1.4,encoding,1,dotenv,0,0,0,0,0
sample_12884,aws_keypair,T1.4,encoding,1,dotenv,0,1,0,1,0
sample_12885,aws_keypair,T1.4,encoding,1,dotenv,0,1,0,1,0
sample_12886,aws_keypair,T1.4,encoding,1,dotenv,0,1,0,1,0
sample_12887,aws_keypair,T1.4,encoding,1,dotenv,0,0,0,0,0
sample_12888,aws_keypair,T1.4,encoding,1,dotenv,0,1,0,1,0
sample_12889,aws_keypair,T1.4,encoding,1,dotenv,0,1,0,1,0
sample_12890,aws_keypair,T1.4,encoding,1,dotenv,0,1,0,1,0
sample_12891,aws_keypair,T1.4,encoding,1,dotenv,1,1,1,1,0
sample_12892,aws_keypair,T1.4,encoding,1,dotenv,0,1,0,1,0
sample_12893,aws_keypair,T1.4,encoding,1,dotenv,0,1,0,1,0
sample_12894,aws_keypair,T1.4,encoding,1,dotenv,1,1,1,1,0
sample_12895,aws_keypair,T1.4,encoding,1,dotenv,1,1,1,1,0
sample_12896,aws_keypair,T1.4,encoding,1,dotenv,0,1,0,1,0
sample_12897,aws_keypair,T1.4,encoding,1,dotenv,0,1,0,1,0
sample_12898,aws_keypair,T1.4,encoding,1,dotenv,0,1,0,1,0
sample_12899,aws_keypair,T1.4,encoding,1,dotenv,0,1,0,1,0
sample_12900,aws_keypair,T1.4,encoding,1,dotenv,0,1,0,1,0
sample_12901,aws_keypair,T1.4,encoding,1,yaml,0,1,0,1,0
sample_12902,aws_keypair,T1.4,encoding,1,yaml,0,1,0,1,0
sample_12903,aws_keypair,T1.4,encoding,1,yaml,1,1,1,1,0
sample_12904,aws_keypair,T1.4,encoding,1,yaml,0,1,0,1,0
sample_12905,aws_keypair,T1.4,encoding,1,yaml,0,0,0,0,0
sample_12906,aws_keypair,T1.4,encoding,1,yaml,0,1,0,1,0
sample_12907,aws_keypair,T1.4,encoding,1,yaml,0,1,0,1,0
sample_12908,aws_keypair,T1.4,encoding,1,yaml,0,1,0,1,0
sample_12909,aws_keypair,T1.4,encoding,1,yaml,0,1,0,1,0
sample_12910,aws_keypair,T1.4,encoding,1,yaml,0,1,0,1,0
sample_12911,aws_keypair,T1.4,encoding,1,yaml,0,1,0,1,0
sample_12912,aws_keypair,T1.4,encoding,1,yaml,0,1,0,1,0
sample_12913,aws_keypair,T1.4,encoding,1,yaml,1,1,1,1,0
sample_12914,aws_keypair,T1.4,encoding,1,yaml,0,1,0,1,0
sample_12915,aws_keypair,T1.4,encoding,1,yaml,0,1,0,1,0
sample_12916,aws_keypair,T1.4,encoding,1,yaml,0,1,0,1,0
sample_12917,aws_keypair,T1.4,encoding,1,yaml,0,1,0,1,0
sample_12918,aws_keypair,T1.4,encoding,1,yaml,0,1,0,1,0
sample_12919,aws_keypair,T1.4,encoding,1,yaml,1,1,1,1,0
sample_12920,aws_keypair,T1.4,encoding,1,yaml,0,1,0,1,0
sample_12921,aws_keypair,T1.4,encoding,1,yaml,0,1,0,1,0
sample_12922,aws_keypair,T1.4,encoding,1,yaml,0,1,0,1,0
sample_12923,aws_keypair,T1.4,encoding,1,yaml,1,1,1,1,0
sample_12924,aws_keypair,T1.4,encoding,1,yaml,0,1,0,1,0
sample_12925,aws_keypair,T1.4,encoding,1,yaml,0,1,0,1,0
sample_12926,aws_keypair,T1.4,encoding,1,yaml,0,1,0,1,0
sample_12927,aws_keypair,T1.4,encoding,1,yaml,0,1,0,1,0
sample_12928,aws_keypair,T1.4,encoding,1,yaml,0,1,0,1,0
sample_12929,aws_keypair,T1.4,encoding,1,yaml,0,0,0,0,0
sample_12930,aws_keypair,T1.4,encoding,1,yaml,1,1,1,1,0
sample_12931,aws_keypair,T1.5,encoding,1,python,1,1,1,1,1
sample_12932,aws_keypair,T1.5,encoding,1,python,0,1,0,1,1
sample_12933,aws_keypair,T1.5,encoding,1,python,1,1,1,1,1
sample_12934,aws_keypair,T1.5,encoding,1,python,0,1,0,1,1
sample_12935,aws_keypair,T1.5,encoding,1,python,0,1,0,1,1
sample_12936,aws_keypair,T1.5,encoding,1,python,0,1,0,1,1
sample_12937,aws_keypair,T1.5,encoding,1,python,0,1,0,1,1
sample_12938,aws_keypair,T1.5,encoding,1,python,0,1,0,1,1
sample_12939,aws_keypair,T1.5,encoding,1,python,1,1,1,1,1
sample_12940,aws_keypair,T1.5,encoding,1,python,1,1,1,1,1
sample_12941,aws_keypair,T1.5,encoding,1,python,1,1,1,1,1
sample_12942,aws_keypair,T1.5,encoding,1,python,0,1,0,1,1
sample_12943,aws_keypair,T1.5,encoding,1,python,1,1,1,1,1
sample_12944,aws_keypair,T1.5,encoding,1,python,1,1,1,1,1
sample_12945,aws_keypair,T1.5,encoding,1,python,1,1,1,1,1
sample_12946,aws_keypair,T1.5,encoding,1,python,1,1,1,1,1
sample_12947,aws_keypair,T1.5,encoding,1,python,1,1,1,1,1
sample_12948,aws_keypair,T1.5,encoding,1,python,0,1,0,1,1
sample_12949,aws_keypair,T1.5,encoding,1,python,1,1,1,1,1
sample_12950,aws_keypair,T1.5,encoding,1,python,1,1,1,1,1
sample_12951,aws_keypair,T1.5,encoding,1,python,1,1,1,1,1
sample_12952,aws_keypair,T1.5,encoding,1,python,0,1,0,1,1
sample_12953,aws_keypair,T1.5,encoding,1,python,0,1,0,1,1
sample_12954,aws_keypair,T1.5,encoding,1,python,0,1,0,1,1
sample_12955,aws_keypair,T1.5,encoding,1,python,1,1,1,1,1
sample_12956,aws_keypair,T1.5,encoding,1,python,1,1,1,1,1
sample_12957,aws_keypair,T1.5,encoding,1,python,0,1,0,1,1
sample_12958,aws_keypair,T1.5,encoding,1,python,0,1,0,1,1
sample_12959,aws_keypair,T1.5,encoding,1,python,0,1,0,1,1
sample_12960,aws_keypair,T1.5,encoding,1,python,1,1,1,1,1
sample_12961,aws_keypair,T1.5,encoding,1,dotenv,1,1,1,1,1
sample_12962,aws_keypair,T1.5,encoding,1,dotenv,0,1,0,1,1
sample_12963,aws_keypair,T1.5,encoding,1,dotenv,0,1,0,1,1
sample_12964,aws_keypair,T1.5,encoding,1,dotenv,0,1,0,1,1
sample_12965,aws_keypair,T1.5,encoding,1,dotenv,0,1,0,1,1
sample_12966,aws_keypair,T1.5,encoding,1,dotenv,1,1,1,1,1
sample_12967,aws_keypair,T1.5,encoding,1,dotenv,0,1,0,1,1
sample_12968,aws_keypair,T1.5,encoding,1,dotenv,1,1,1,1,1
sample_12969,aws_keypair,T1.5,encoding,1,dotenv,1,1,1,1,1
sample_12970,aws_keypair,T1.5,encoding,1,dotenv,1,1,1,1,1
sample_12971,aws_keypair,T1.5,encoding,1,dotenv,0,1,0,1,1
sample_12972,aws_keypair,T1.5,encoding,1,dotenv,0,1,0,1,1
sample_12973,aws_keypair,T1.5,encoding,1,dotenv,0,1,0,1,1
sample_12974,aws_keypair,T1.5,encoding,1,dotenv,0,1,0,1,1
sample_12975,aws_keypair,T1.5,encoding,1,dotenv,0,1,0,1,1
sample_12976,aws_keypair,T1.5,encoding,1,dotenv,1,1,1,1,1
sample_12977,aws_keypair,T1.5,encoding,1,dotenv,0,1,0,1,1
sample_12978,aws_keypair,T1.5,encoding,1,dotenv,0,1,0,1,1
sample_12979,aws_keypair,T1.5,encoding,1,dotenv,0,1,0,1,1
sample_12980,aws_keypair,T1.5,encoding,1,dotenv,0,1,0,1,1
sample_12981,aws_keypair,T1.5,encoding,1,dotenv,0,1,0,1,1
sample_12982,aws_keypair,T1.5,encoding,1,dotenv,0,1,0,1,1
sample_12983,aws_keypair,T1.5,encoding,1,dotenv,1,1,1,1,1
sample_12984,aws_keypair,T1.5,encoding,1,dotenv,0,1,0,1,1
sample_12985,aws_keypair,T1.5,encoding,1,dotenv,1,1,1,1,1
sample_12986,aws_keypair,T1.5,encoding,1,dotenv,0,1,0,1,1
sample_12987,aws_keypair,T1.5,encoding,1,dotenv,1,1,1,1,1
sample_12988,aws_keypair,T1.5,encoding,1,dotenv,1,1,1,1,1
sample_12989,aws_keypair,T1.5,encoding,1,dotenv,1,1,1,1,1
sample_12990,aws_keypair,T1.5,encoding,1,dotenv,1,1,1,1,1
sample_12991,aws_keypair,T1.5,encoding,1,yaml,1,1,1,1,1
sample_12992,aws_keypair,T1.5,encoding,1,yaml,0,1,0,1,1
sample_12993,aws_keypair,T1.5,encoding,1,yaml,0,1,0,1,1
sample_12994,aws_keypair,T1.5,encoding,1,yaml,0,1,0,1,1
sample_12995,aws_keypair,T1.5,encoding,1,yaml,0,1,0,1,1
sample_12996,aws_keypair,T1.5,encoding,1,yaml,1,1,1,1,1
sample_12997,aws_keypair,T1.5,encoding,1,yaml,0,1,0,1,1
sample_12998,aws_keypair,T1.5,encoding,1,yaml,1,1,1,1,1
sample_12999,aws_keypair,T1.5,encoding,1,yaml,0,1,0,1,1
sample_13000,aws_keypair,T1.5,encoding,1,yaml,0,1,0,1,1
sample_13001,aws_keypair,T1.5,encoding,1,yaml,1,1,1,1,1
sample_13002,aws_keypair,T1.5,encoding,1,yaml,1,1,1,1,1
sample_13003,aws_keypair,T1.5,encoding,1,yaml,1,1,1,1,1
sample_13004,aws_keypair,T1.5,encoding,1,yaml,0,1,0,1,1
sample_13005,aws_keypair,T1.5,encoding,1,yaml,1,1,1,1,1
sample_13006,aws_keypair,T1.5,encoding,1,yaml,0,1,0,1,1
sample_13007,aws_keypair,T1.5,encoding,1,yaml,0,1,0,1,1
sample_13008,aws_keypair,T1.5,encoding,1,yaml,0,1,0,1,1
sample_13009,aws_keypair,T1.5,encoding,1,yaml,0,0,0,0,1
sample_13010,aws_keypair,T1.5,encoding,1,yaml,0,1,0,1,1
sample_13011,aws_keypair,T1.5,encoding,1,yaml,1,1,1,1,1
sample_13012,aws_keypair,T1.5,encoding,1,yaml,0,1,0,1,1
sample_13013,aws_keypair,T1.5,encoding,1,yaml,0,1,0,1,1
sample_13014,aws_keypair,T1.5,encoding,1,yaml,0,1,0,1,1
sample_13015,aws_keypair,T1.5,encoding,1,yaml,1,1,1,1,1
sample_13016,aws_keypair,T1.5,encoding,1,yaml,0,1,0,1,1
sample_13017,aws_keypair,T1.5,encoding,1,yaml,0,1,0,1,1
sample_13018,aws_keypair,T1.5,encoding,1,yaml,0,1,0,1,1
sample_13019,aws_keypair,T1.5,encoding,1,yaml,0,1,0,1,1
sample_13020,aws_keypair,T1.5,encoding,1,yaml,0,1,0,1,1
sample_13021,aws_keypair,T1.6,encoding,1,python,1,1,1,1,0
sample_13022,aws_keypair,T1.6,encoding,1,python,1,1,1,1,0
sample_13023,aws_keypair,T1.6,encoding,1,python,1,1,1,1,0
sample_13024,aws_keypair,T1.6,encoding,1,python,1,1,1,1,0
sample_13025,aws_keypair,T1.6,encoding,1,python,1,1,1,1,0
sample_13026,aws_keypair,T1.6,encoding,1,python,1,1,1,1,0
sample_13027,aws_keypair,T1.6,encoding,1,python,1,1,1,1,0
sample_13028,aws_keypair,T1.6,encoding,1,python,1,1,1,1,0
sample_13029,aws_keypair,T1.6,encoding,1,python,1,1,1,1,0
sample_13030,aws_keypair,T1.6,encoding,1,python,1,1,1,1,0
sample_13031,aws_keypair,T1.6,encoding,1,python,1,1,1,1,0
sample_13032,aws_keypair,T1.6,encoding,1,python,1,1,1,1,0
sample_13033,aws_keypair,T1.6,encoding,1,python,1,1,1,1,0
sample_13034,aws_keypair,T1.6,encoding,1,python,1,1,1,1,0
sample_13035,aws_keypair,T1.6,encoding,1,python,1,1,1,1,0
sample_13036,aws_keypair,T1.6,encoding,1,python,1,1,1,1,0
sample_13037,aws_keypair,T1.6,encoding,1,python,1,1,1,1,0
sample_13038,aws_keypair,T1.6,encoding,1,python,1,1,1,1,0
sample_13039,aws_keypair,T1.6,encoding,1,python,1,1,1,1,0
sample_13040,aws_keypair,T1.6,encoding,1,python,1,1,1,1,0
sample_13041,aws_keypair,T1.6,encoding,1,python,1,1,1,1,0
sample_13042,aws_keypair,T1.6,encoding,1,python,1,1,1,1,0
sample_13043,aws_keypair,T1.6,encoding,1,python,1,1,1,1,0
sample_13044,aws_keypair,T1.6,encoding,1,python,0,0,0,0,0
sample_13045,aws_keypair,T1.6,encoding,1,python,1,1,1,1,0
sample_13046,aws_keypair,T1.6,encoding,1,python,1,1,1,1,0
sample_13047,aws_keypair,T1.6,encoding,1,python,1,1,1,1,0
sample_13048,aws_keypair,T1.6,encoding,1,python,1,1,1,1,0
sample_13049,aws_keypair,T1.6,encoding,1,python,1,1,1,1,0
sample_13050,aws_keypair,T1.6,encoding,1,python,1,1,1,1,0
sample_13051,aws_keypair,T1.6,encoding,1,dotenv,1,1,1,1,0
sample_13052,aws_keypair,T1.6,encoding,1,dotenv,1,1,1,1,0
sample_13053,aws_keypair,T1.6,encoding,1,dotenv,1,1,1,1,0
sample_13054,aws_keypair,T1.6,encoding,1,dotenv,1,1,1,1,0
sample_13055,aws_keypair,T1.6,encoding,1,dotenv,1,1,1,1,0
sample_13056,aws_keypair,T1.6,encoding,1,dotenv,1,1,1,1,0
sample_13057,aws_keypair,T1.6,encoding,1,dotenv,1,1,1,1,0
sample_13058,aws_keypair,T1.6,encoding,1,dotenv,1,1,1,1,0
sample_13059,aws_keypair,T1.6,encoding,1,dotenv,1,1,1,1,0
sample_13060,aws_keypair,T1.6,encoding,1,dotenv,1,1,1,1,0
sample_13061,aws_keypair,T1.6,encoding,1,dotenv,1,1,1,1,0
sample_13062,aws_keypair,T1.6,encoding,1,dotenv,1,1,1,1,0
sample_13063,aws_keypair,T1.6,encoding,1,dotenv,1,1,1,1,0
sample_13064,aws_keypair,T1.6,encoding,1,dotenv,1,1,1,1,0
sample_13065,aws_keypair,T1.6,encoding,1,dotenv,1,1,1,1,0
sample_13066,aws_keypair,T1.6,encoding,1,dotenv,1,1,1,1,0
sample_13067,aws_keypair,T1.6,encoding,1,dotenv,1,1,1,1,0
sample_13068,aws_keypair,T1.6,encoding,1,dotenv,0,0,0,0,0
sample_13069,aws_keypair,T1.6,encoding,1,dotenv,1,1,1,1,0
sample_13070,aws_keypair,T1.6,encoding,1,dotenv,1,1,1,1,0
sample_13071,aws_keypair,T1.6,encoding,1,dotenv,1,1,1,1,0
sample_13072,aws_keypair,T1.6,encoding,1,dotenv,1,1,1,1,0
sample_13073,aws_keypair,T1.6,encoding,1,dotenv,1,1,1,1,0
sample_13074,aws_keypair,T1.6,encoding,1,dotenv,1,1,1,1,0
sample_13075,aws_keypair,T1.6,encoding,1,dotenv,1,1,1,1,0
sample_13076,aws_keypair,T1.6,encoding,1,dotenv,1,1,1,1,0
sample_13077,aws_keypair,T1.6,encoding,1,dotenv,1,1,1,1,0
sample_13078,aws_keypair,T1.6,encoding,1,dotenv,1,1,1,1,0
sample_13079,aws_keypair,T1.6,encoding,1,dotenv,1,1,1,1,0
sample_13080,aws_keypair,T1.6,encoding,1,dotenv,1,1,1,1,0
sample_13081,aws_keypair,T1.6,encoding,1,yaml,1,1,1,1,0
sample_13082,aws_keypair,T1.6,encoding,1,yaml,1,1,1,1,0
sample_13083,aws_keypair,T1.6,encoding,1,yaml,1,1,1,1,0
sample_13084,aws_keypair,T1.6,encoding,1,yaml,1,1,1,1,0
sample_13085,aws_keypair,T1.6,encoding,1,yaml,1,1,1,1,0
sample_13086,aws_keypair,T1.6,encoding,1,yaml,1,1,1,1,0
sample_13087,aws_keypair,T1.6,encoding,1,yaml,1,1,1,1,0
sample_13088,aws_keypair,T1.6,encoding,1,yaml,1,1,1,1,0
sample_13089,aws_keypair,T1.6,encoding,1,yaml,1,1,1,1,0
sample_13090,aws_keypair,T1.6,encoding,1,yaml,1,1,1,1,0
sample_13091,aws_keypair,T1.6,encoding,1,yaml,1,1,1,1,0
sample_13092,aws_keypair,T1.6,encoding,1,yaml,1,1,1,1,0
sample_13093,aws_keypair,T1.6,encoding,1,yaml,0,0,0,0,0
sample_13094,aws_keypair,T1.6,encoding,1,yaml,1,1,1,1,0
sample_13095,aws_keypair,T1.6,encoding,1,yaml,1,1,1,1,0
sample_13096,aws_keypair,T1.6,encoding,1,yaml,1,1,1,1,0
sample_13097,aws_keypair,T1.6,encoding,1,yaml,0,0,0,0,0
sample_13098,aws_keypair,T1.6,encoding,1,yaml,1,1,1,1,0
sample_13099,aws_keypair,T1.6,encoding,1,yaml,1,1,1,1,0
sample_13100,aws_keypair,T1.6,encoding,1,yaml,1,1,1,1,0
sample_13101,aws_keypair,T1.6,encoding,1,yaml,1,1,1,1,0
sample_13102,aws_keypair,T1.6,encoding,1,yaml,1,1,1,1,0
sample_13103,aws_keypair,T1.6,encoding,1,yaml,1,1,1,1,0
sample_13104,aws_keypair,T1.6,encoding,1,yaml,1,1,1,1,0
sample_13105,aws_keypair,T1.6,encoding,1,yaml,1,1,1,1,0
sample_13106,aws_keypair,T1.6,encoding,1,yaml,1,1,1,1,0
sample_13107,aws_keypair,T1.6,encoding,1,yaml,1,1,1,1,0
sample_13108,aws_keypair,T1.6,encoding,1,yaml,1,1,1,1,0
sample_13109,aws_keypair,T1.6,encoding,1,yaml,1,1,1,1,0
sample_13110,aws_keypair,T1.6,encoding,1,yaml,1,1,1,1,0
sample_13111,aws_keypair,T1.7,encoding,1,python,0,0,0,0,0
sample_13112,aws_keypair,T1.7,encoding,1,python,1,1,1,1,0
sample_13113,aws_keypair,T1.7,encoding,1,python,1,1,1,1,0
sample_13114,aws_keypair,T1.7,encoding,1,python,1,1,1,1,0
sample_13115,aws_keypair,T1.7,encoding,1,python,1,1,1,1,0
sample_13116,aws_keypair,T1.7,encoding,1,python,1,1,1,1,0
sample_13117,aws_keypair,T1.7,encoding,1,python,1,1,1,1,0
sample_13118,aws_keypair,T1.7,encoding,1,python,1,1,1,1,0
sample_13119,aws_keypair,T1.7,encoding,1,python,1,1,1,1,0
sample_13120,aws_keypair,T1.7,encoding,1,python,1,1,1,1,0
sample_13121,aws_keypair,T1.7,encoding,1,python,1,1,1,1,0
sample_13122,aws_keypair,T1.7,encoding,1,python,1,1,1,1,0
sample_13123,aws_keypair,T1.7,encoding,1,python,1,1,1,1,0
sample_13124,aws_keypair,T1.7,encoding,1,python,1,1,0,0,0
sample_13125,aws_keypair,T1.7,encoding,1,python,1,1,1,1,0
sample_13126,aws_keypair,T1.7,encoding,1,python,1,1,1,1,0
sample_13127,aws_keypair,T1.7,encoding,1,python,1,1,1,1,0
sample_13128,aws_keypair,T1.7,encoding,1,python,1,1,1,1,0
sample_13129,aws_keypair,T1.7,encoding,1,python,1,1,1,1,0
sample_13130,aws_keypair,T1.7,encoding,1,python,1,1,1,1,0
sample_13131,aws_keypair,T1.7,encoding,1,python,0,0,0,0,0
sample_13132,aws_keypair,T1.7,encoding,1,python,1,1,1,1,0
sample_13133,aws_keypair,T1.7,encoding,1,python,1,1,1,1,0
sample_13134,aws_keypair,T1.7,encoding,1,python,1,1,1,1,0
sample_13135,aws_keypair,T1.7,encoding,1,python,1,1,1,1,0
sample_13136,aws_keypair,T1.7,encoding,1,python,1,1,1,1,0
sample_13137,aws_keypair,T1.7,encoding,1,python,1,1,1,1,0
sample_13138,aws_keypair,T1.7,encoding,1,python,1,1,1,1,0
sample_13139,aws_keypair,T1.7,encoding,1,python,1,1,1,1,0
sample_13140,aws_keypair,T1.7,encoding,1,python,1,1,1,1,0
sample_13141,aws_keypair,T1.7,encoding,1,dotenv,1,1,1,1,0
sample_13142,aws_keypair,T1.7,encoding,1,dotenv,1,1,1,1,0
sample_13143,aws_keypair,T1.7,encoding,1,dotenv,1,1,1,1,0
sample_13144,aws_keypair,T1.7,encoding,1,dotenv,1,1,1,1,0
sample_13145,aws_keypair,T1.7,encoding,1,dotenv,1,1,1,1,0
sample_13146,aws_keypair,T1.7,encoding,1,dotenv,1,1,1,1,0
sample_13147,aws_keypair,T1.7,encoding,1,dotenv,1,1,1,1,0
sample_13148,aws_keypair,T1.7,encoding,1,dotenv,1,1,1,1,0
sample_13149,aws_keypair,T1.7,encoding,1,dotenv,1,1,1,1,0
sample_13150,aws_keypair,T1.7,encoding,1,dotenv,1,1,1,1,0
sample_13151,aws_keypair,T1.7,encoding,1,dotenv,1,1,1,1,0
sample_13152,aws_keypair,T1.7,encoding,1,dotenv,1,1,1,1,0
sample_13153,aws_keypair,T1.7,encoding,1,dotenv,1,1,1,1,0
sample_13154,aws_keypair,T1.7,encoding,1,dotenv,1,1,1,1,0
sample_13155,aws_keypair,T1.7,encoding,1,dotenv,1,1,1,1,0
sample_13156,aws_keypair,T1.7,encoding,1,dotenv,1,1,1,1,0
sample_13157,aws_keypair,T1.7,encoding,1,dotenv,1,1,1,1,0
sample_13158,aws_keypair,T1.7,encoding,1,dotenv,1,1,1,1,0
sample_13159,aws_keypair,T1.7,encoding,1,dotenv,1,1,1,1,0
sample_13160,aws_keypair,T1.7,encoding,1,dotenv,1,1,1,1,0
sample_13161,aws_keypair,T1.7,encoding,1,dotenv,1,1,1,1,0
sample_13162,aws_keypair,T1.7,encoding,1,dotenv,1,1,1,1,0
sample_13163,aws_keypair,T1.7,encoding,1,dotenv,1,1,1,1,0
sample_13164,aws_keypair,T1.7,encoding,1,dotenv,1,1,1,1,0
sample_13165,aws_keypair,T1.7,encoding,1,dotenv,1,1,1,1,0
sample_13166,aws_keypair,T1.7,encoding,1,dotenv,1,1,1,1,0
sample_13167,aws_keypair,T1.7,encoding,1,dotenv,1,1,1,1,0
sample_13168,aws_keypair,T1.7,encoding,1,dotenv,1,1,1,1,0
sample_13169,aws_keypair,T1.7,encoding,1,dotenv,1,1,1,1,0
sample_13170,aws_keypair,T1.7,encoding,1,dotenv,1,1,1,1,0
sample_13171,aws_keypair,T1.7,encoding,1,yaml,1,1,1,1,0
sample_13172,aws_keypair,T1.7,encoding,1,yaml,1,1,1,1,0
sample_13173,aws_keypair,T1.7,encoding,1,yaml,1,1,1,1,0
sample_13174,aws_keypair,T1.7,encoding,1,yaml,0,0,0,0,0
sample_13175,aws_keypair,T1.7,encoding,1,yaml,1,1,1,1,0
sample_13176,aws_keypair,T1.7,encoding,1,yaml,1,1,1,1,0
sample_13177,aws_keypair,T1.7,encoding,1,yaml,1,1,1,1,0
sample_13178,aws_keypair,T1.7,encoding,1,yaml,1,1,1,1,0
sample_13179,aws_keypair,T1.7,encoding,1,yaml,1,1,1,1,0
sample_13180,aws_keypair,T1.7,encoding,1,yaml,1,1,1,1,0
sample_13181,aws_keypair,T1.7,encoding,1,yaml,1,1,1,1,0
sample_13182,aws_keypair,T1.7,encoding,1,yaml,1,1,1,1,0
sample_13183,aws_keypair,T1.7,encoding,1,yaml,1,1,1,1,0
sample_13184,aws_keypair,T1.7,encoding,1,yaml,1,1,1,1,0
sample_13185,aws_keypair,T1.7,encoding,1,yaml,1,1,1,1,0
sample_13186,aws_keypair,T1.7,encoding,1,yaml,1,1,1,1,0
sample_13187,aws_keypair,T1.7,encoding,1,yaml,1,1,1,1,0
sample_13188,aws_keypair,T1.7,encoding,1,yaml,1,1,1,1,0
sample_13189,aws_keypair,T1.7,encoding,1,yaml,1,1,1,1,0
sample_13190,aws_keypair,T1.7,encoding,1,yaml,1,1,1,1,0
sample_13191,aws_keypair,T1.7,encoding,1,yaml,1,1,1,1,0
sample_13192,aws_keypair,T1.7,encoding,1,yaml,1,1,1,1,0
sample_13193,aws_keypair,T1.7,encoding,1,yaml,1,1,1,1,0
sample_13194,aws_keypair,T1.7,encoding,1,yaml,1,1,1,1,0
sample_13195,aws_keypair,T1.7,encoding,1,yaml,1,1,1,1,0
sample_13196,aws_keypair,T1.7,encoding,1,yaml,1,1,1,1,0
sample_13197,aws_keypair,T1.7,encoding,1,yaml,1,1,1,1,0
sample_13198,aws_keypair,T1.7,encoding,1,yaml,1,1,1,1,0
sample_13199,aws_keypair,T1.7,encoding,1,yaml,1,1,1,1,0
sample_13200,aws_keypair,T1.7,encoding,1,yaml,1,1,1,1,0
sample_13201,aws_keypair,T2.1,multi_encoding,2,python,1,1,1,1,1
sample_13202,aws_keypair,T2.1,multi_encoding,2,python,1,1,1,1,1
sample_13203,aws_keypair,T2.1,multi_encoding,2,python,1,1,1,1,1
sample_13204,aws_keypair,T2.1,multi_encoding,2,python,1,1,1,1,1
sample_13205,aws_keypair,T2.1,multi_encoding,2,python,1,1,1,1,1
sample_13206,aws_keypair,T2.1,multi_encoding,2,python,1,1,1,1,1
sample_13207,aws_keypair,T2.1,multi_encoding,2,python,1,1,1,1,1
sample_13208,aws_keypair,T2.1,multi_encoding,2,python,1,1,1,1,1
sample_13209,aws_keypair,T2.1,multi_encoding,2,python,1,1,1,1,1
sample_13210,aws_keypair,T2.1,multi_encoding,2,python,1,1,1,1,1
sample_13211,aws_keypair,T2.1,multi_encoding,2,python,1,1,1,1,1
sample_13212,aws_keypair,T2.1,multi_encoding,2,python,1,1,1,1,1
sample_13213,aws_keypair,T2.1,multi_encoding,2,python,1,1,1,1,1
sample_13214,aws_keypair,T2.1,multi_encoding,2,python,1,1,1,1,1
sample_13215,aws_keypair,T2.1,multi_encoding,2,python,1,1,1,1,1
sample_13216,aws_keypair,T2.1,multi_encoding,2,python,1,1,1,1,1
sample_13217,aws_keypair,T2.1,multi_encoding,2,python,1,1,1,1,1
sample_13218,aws_keypair,T2.1,multi_encoding,2,python,1,1,1,1,1
sample_13219,aws_keypair,T2.1,multi_encoding,2,python,1,1,1,1,1
sample_13220,aws_keypair,T2.1,multi_encoding,2,python,1,1,1,1,1
sample_13221,aws_keypair,T2.1,multi_encoding,2,python,1,1,1,1,1
sample_13222,aws_keypair,T2.1,multi_encoding,2,python,1,1,1,1,1
sample_13223,aws_keypair,T2.1,multi_encoding,2,python,1,1,1,1,1
sample_13224,aws_keypair,T2.1,multi_encoding,2,python,1,1,1,1,1
sample_13225,aws_keypair,T2.1,multi_encoding,2,python,1,1,1,1,1
sample_13226,aws_keypair,T2.1,multi_encoding,2,python,1,1,1,1,1
sample_13227,aws_keypair,T2.1,multi_encoding,2,python,1,1,1,1,1
sample_13228,aws_keypair,T2.1,multi_encoding,2,python,0,1,0,1,1
sample_13229,aws_keypair,T2.1,multi_encoding,2,python,1,1,1,1,1
sample_13230,aws_keypair,T2.1,multi_encoding,2,python,1,1,1,1,1
sample_13231,aws_keypair,T2.1,multi_encoding,2,dotenv,1,1,1,1,1
sample_13232,aws_keypair,T2.1,multi_encoding,2,dotenv,1,1,1,1,1
sample_13233,aws_keypair,T2.1,multi_encoding,2,dotenv,1,1,1,1,1
sample_13234,aws_keypair,T2.1,multi_encoding,2,dotenv,1,1,1,1,1
sample_13235,aws_keypair,T2.1,multi_encoding,2,dotenv,1,1,1,1,1
sample_13236,aws_keypair,T2.1,multi_encoding,2,dotenv,1,1,1,1,1
sample_13237,aws_keypair,T2.1,multi_encoding,2,dotenv,1,1,1,1,1
sample_13238,aws_keypair,T2.1,multi_encoding,2,dotenv,1,1,1,1,1
sample_13239,aws_keypair,T2.1,multi_encoding,2,dotenv,1,1,1,1,1
sample_13240,aws_keypair,T2.1,multi_encoding,2,dotenv,1,1,1,1,1
sample_13241,aws_keypair,T2.1,multi_encoding,2,dotenv,1,1,1,1,1
sample_13242,aws_keypair,T2.1,multi_encoding,2,dotenv,0,1,0,1,1
sample_13243,aws_keypair,T2.1,multi_encoding,2,dotenv,1,1,1,1,1
sample_13244,aws_keypair,T2.1,multi_encoding,2,dotenv,1,1,1,1,1
sample_13245,aws_keypair,T2.1,multi_encoding,2,dotenv,1,1,1,1,1
sample_13246,aws_keypair,T2.1,multi_encoding,2,dotenv,1,1,1,1,1
sample_13247,aws_keypair,T2.1,multi_encoding,2,dotenv,1,1,1,1,1
sample_13248,aws_keypair,T2.1,multi_encoding,2,dotenv,0,1,0,1,1
sample_13249,aws_keypair,T2.1,multi_encoding,2,dotenv,1,1,1,1,1
sample_13250,aws_keypair,T2.1,multi_encoding,2,dotenv,1,1,1,1,1
sample_13251,aws_keypair,T2.1,multi_encoding,2,dotenv,1,1,1,1,1
sample_13252,aws_keypair,T2.1,multi_encoding,2,dotenv,1,1,1,1,1
sample_13253,aws_keypair,T2.1,multi_encoding,2,dotenv,1,1,1,1,1
sample_13254,aws_keypair,T2.1,multi_encoding,2,dotenv,1,1,1,1,1
sample_13255,aws_keypair,T2.1,multi_encoding,2,dotenv,1,1,1,1,1
sample_13256,aws_keypair,T2.1,multi_encoding,2,dotenv,1,1,1,1,1
sample_13257,aws_keypair,T2.1,multi_encoding,2,dotenv,1,1,1,1,1
sample_13258,aws_keypair,T2.1,multi_encoding,2,dotenv,1,1,1,1,1
sample_13259,aws_keypair,T2.1,multi_encoding,2,dotenv,1,1,1,1,1
sample_13260,aws_keypair,T2.1,multi_encoding,2,dotenv,1,1,1,1,1
sample_13261,aws_keypair,T2.1,multi_encoding,2,yaml,1,1,1,1,1
sample_13262,aws_keypair,T2.1,multi_encoding,2,yaml,1,1,1,1,1
sample_13263,aws_keypair,T2.1,multi_encoding,2,yaml,1,1,1,1,1
sample_13264,aws_keypair,T2.1,multi_encoding,2,yaml,1,1,1,1,1
sample_13265,aws_keypair,T2.1,multi_encoding,2,yaml,1,1,1,1,1
sample_13266,aws_keypair,T2.1,multi_encoding,2,yaml,1,1,1,1,1
sample_13267,aws_keypair,T2.1,multi_encoding,2,yaml,1,1,1,1,1
sample_13268,aws_keypair,T2.1,multi_encoding,2,yaml,1,1,1,1,1
sample_13269,aws_keypair,T2.1,multi_encoding,2,yaml,1,1,1,1,1
sample_13270,aws_keypair,T2.1,multi_encoding,2,yaml,1,1,1,1,1
sample_13271,aws_keypair,T2.1,multi_encoding,2,yaml,1,1,1,1,1
sample_13272,aws_keypair,T2.1,multi_encoding,2,yaml,0,1,0,1,1
sample_13273,aws_keypair,T2.1,multi_encoding,2,yaml,1,1,1,1,1
sample_13274,aws_keypair,T2.1,multi_encoding,2,yaml,1,1,1,1,1
sample_13275,aws_keypair,T2.1,multi_encoding,2,yaml,1,1,1,1,1
sample_13276,aws_keypair,T2.1,multi_encoding,2,yaml,1,1,1,1,1
sample_13277,aws_keypair,T2.1,multi_encoding,2,yaml,1,1,0,1,1
sample_13278,aws_keypair,T2.1,multi_encoding,2,yaml,1,1,1,1,1
sample_13279,aws_keypair,T2.1,multi_encoding,2,yaml,1,1,1,1,1
sample_13280,aws_keypair,T2.1,multi_encoding,2,yaml,1,1,1,1,1
sample_13281,aws_keypair,T2.1,multi_encoding,2,yaml,1,1,1,1,1
sample_13282,aws_keypair,T2.1,multi_encoding,2,yaml,1,1,1,1,1
sample_13283,aws_keypair,T2.1,multi_encoding,2,yaml,1,1,1,1,1
sample_13284,aws_keypair,T2.1,multi_encoding,2,yaml,1,1,1,1,1
sample_13285,aws_keypair,T2.1,multi_encoding,2,yaml,1,1,1,1,1
sample_13286,aws_keypair,T2.1,multi_encoding,2,yaml,1,1,1,1,1
sample_13287,aws_keypair,T2.1,multi_encoding,2,yaml,1,1,1,1,1
sample_13288,aws_keypair,T2.1,multi_encoding,2,yaml,1,1,1,1,1
sample_13289,aws_keypair,T2.1,multi_encoding,2,yaml,1,1,1,1,1
sample_13290,aws_keypair,T2.1,multi_encoding,2,yaml,1,1,1,1,1
sample_13291,aws_keypair,T2.2,multi_encoding,3,python,1,1,1,1,1
sample_13292,aws_keypair,T2.2,multi_encoding,3,python,1,1,1,1,1
sample_13293,aws_keypair,T2.2,multi_encoding,3,python,1,1,1,1,1
sample_13294,aws_keypair,T2.2,multi_encoding,3,python,1,1,1,1,1
sample_13295,aws_keypair,T2.2,multi_encoding,3,python,1,1,1,1,1
sample_13296,aws_keypair,T2.2,multi_encoding,3,python,1,1,1,1,1
sample_13297,aws_keypair,T2.2,multi_encoding,3,python,1,1,1,1,1
sample_13298,aws_keypair,T2.2,multi_encoding,3,python,1,1,1,1,1
sample_13299,aws_keypair,T2.2,multi_encoding,3,python,1,1,1,1,1
sample_13300,aws_keypair,T2.2,multi_encoding,3,python,1,1,1,1,1
sample_13301,aws_keypair,T2.2,multi_encoding,3,python,1,1,1,1,1
sample_13302,aws_keypair,T2.2,multi_encoding,3,python,1,1,1,1,1
sample_13303,aws_keypair,T2.2,multi_encoding,3,python,1,1,1,1,1
sample_13304,aws_keypair,T2.2,multi_encoding,3,python,1,1,1,1,1
sample_13305,aws_keypair,T2.2,multi_encoding,3,python,1,1,1,1,1
sample_13306,aws_keypair,T2.2,multi_encoding,3,python,0,1,0,1,1
sample_13307,aws_keypair,T2.2,multi_encoding,3,python,1,1,1,1,1
sample_13308,aws_keypair,T2.2,multi_encoding,3,python,1,1,1,1,1
sample_13309,aws_keypair,T2.2,multi_encoding,3,python,1,1,1,1,1
sample_13310,aws_keypair,T2.2,multi_encoding,3,python,1,1,1,1,1
sample_13311,aws_keypair,T2.2,multi_encoding,3,python,1,1,1,1,1
sample_13312,aws_keypair,T2.2,multi_encoding,3,python,1,1,1,1,1
sample_13313,aws_keypair,T2.2,multi_encoding,3,python,1,1,1,1,1
sample_13314,aws_keypair,T2.2,multi_encoding,3,python,1,1,1,1,1
sample_13315,aws_keypair,T2.2,multi_encoding,3,python,1,1,1,1,1
sample_13316,aws_keypair,T2.2,multi_encoding,3,python,1,1,1,1,1
sample_13317,aws_keypair,T2.2,multi_encoding,3,python,1,1,1,1,1
sample_13318,aws_keypair,T2.2,multi_encoding,3,python,1,1,1,1,1
sample_13319,aws_keypair,T2.2,multi_encoding,3,python,1,1,1,1,1
sample_13320,aws_keypair,T2.2,multi_encoding,3,python,1,1,1,1,1
sample_13321,aws_keypair,T2.2,multi_encoding,3,dotenv,0,1,0,1,1
sample_13322,aws_keypair,T2.2,multi_encoding,3,dotenv,1,1,1,1,1
sample_13323,aws_keypair,T2.2,multi_encoding,3,dotenv,1,1,1,1,1
sample_13324,aws_keypair,T2.2,multi_encoding,3,dotenv,1,1,1,1,1
sample_13325,aws_keypair,T2.2,multi_encoding,3,dotenv,1,1,1,1,1
sample_13326,aws_keypair,T2.2,multi_encoding,3,dotenv,1,1,1,1,1
sample_13327,aws_keypair,T2.2,multi_encoding,3,dotenv,1,1,1,1,1
sample_13328,aws_keypair,T2.2,multi_encoding,3,dotenv,1,1,1,1,1
sample_13329,aws_keypair,T2.2,multi_encoding,3,dotenv,1,1,1,1,1
sample_13330,aws_keypair,T2.2,multi_encoding,3,dotenv,1,1,1,1,1
sample_13331,aws_keypair,T2.2,multi_encoding,3,dotenv,1,1,1,1,1
sample_13332,aws_keypair,T2.2,multi_encoding,3,dotenv,1,1,1,1,1
sample_13333,aws_keypair,T2.2,multi_encoding,3,dotenv,1,1,1,1,1
sample_13334,aws_keypair,T2.2,multi_encoding,3,dotenv,1,1,1,1,1
sample_13335,aws_keypair,T2.2,multi_encoding,3,dotenv,1,1,1,1,1
sample_13336,aws_keypair,T2.2,multi_encoding,3,dotenv,1,1,1,1,1
sample_13337,aws_keypair,T2.2,multi_encoding,3,dotenv,1,1,1,1,1
sample_13338,aws_keypair,T2.2,multi_encoding,3,dotenv,1,1,1,1,1
sample_13339,aws_keypair,T2.2,multi_encoding,3,dotenv,1,1,1,1,1
sample_13340,aws_keypair,T2.2,multi_encoding,3,dotenv,1,1,1,1,1
sample_13341,aws_keypair,T2.2,multi_encoding,3,dotenv,1,1,1,1,1
sample_13342,aws_keypair,T2.2,multi_encoding,3,dotenv,1,1,1,1,1
sample_13343,aws_keypair,T2.2,multi_encoding,3,dotenv,1,1,1,1,1
sample_13344,aws_keypair,T2.2,multi_encoding,3,dotenv,1,1,1,1,1
sample_13345,aws_keypair,T2.2,multi_encoding,3,dotenv,1,1,1,1,1
sample_13346,aws_keypair,T2.2,multi_encoding,3,dotenv,1,1,1,1,1
sample_13347,aws_keypair,T2.2,multi_encoding,3,dotenv,1,1,1,1,1
sample_13348,aws_keypair,T2.2,multi_encoding,3,dotenv,1,1,1,1,1
sample_13349,aws_keypair,T2.2,multi_encoding,3,dotenv,1,1,1,1,1
sample_13350,aws_keypair,T2.2,multi_encoding,3,dotenv,1,1,1,1,1
sample_13351,aws_keypair,T2.2,multi_encoding,3,yaml,1,1,1,1,1
sample_13352,aws_keypair,T2.2,multi_encoding,3,yaml,1,1,1,1,1
sample_13353,aws_keypair,T2.2,multi_encoding,3,yaml,1,1,1,1,1
sample_13354,aws_keypair,T2.2,multi_encoding,3,yaml,1,1,1,1,1
sample_13355,aws_keypair,T2.2,multi_encoding,3,yaml,1,1,1,1,1
sample_13356,aws_keypair,T2.2,multi_encoding,3,yaml,1,1,1,1,1
sample_13357,aws_keypair,T2.2,multi_encoding,3,yaml,1,1,1,1,1
sample_13358,aws_keypair,T2.2,multi_encoding,3,yaml,1,1,1,1,1
sample_13359,aws_keypair,T2.2,multi_encoding,3,yaml,1,1,1,1,1
sample_13360,aws_keypair,T2.2,multi_encoding,3,yaml,1,1,1,1,1
sample_13361,aws_keypair,T2.2,multi_encoding,3,yaml,1,1,1,1,1
sample_13362,aws_keypair,T2.2,multi_encoding,3,yaml,1,1,1,1,1
sample_13363,aws_keypair,T2.2,multi_encoding,3,yaml,1,1,1,1,1
sample_13364,aws_keypair,T2.2,multi_encoding,3,yaml,1,1,1,1,1
sample_13365,aws_keypair,T2.2,multi_encoding,3,yaml,1,1,1,1,1
sample_13366,aws_keypair,T2.2,multi_encoding,3,yaml,1,1,1,1,1
sample_13367,aws_keypair,T2.2,multi_encoding,3,yaml,1,1,1,1,1
sample_13368,aws_keypair,T2.2,multi_encoding,3,yaml,1,1,1,1,1
sample_13369,aws_keypair,T2.2,multi_encoding,3,yaml,1,1,1,1,1
sample_13370,aws_keypair,T2.2,multi_encoding,3,yaml,1,1,1,1,1
sample_13371,aws_keypair,T2.2,multi_encoding,3,yaml,1,1,1,1,1
sample_13372,aws_keypair,T2.2,multi_encoding,3,yaml,1,1,1,1,1
sample_13373,aws_keypair,T2.2,multi_encoding,3,yaml,1,1,1,1,1
sample_13374,aws_keypair,T2.2,multi_encoding,3,yaml,1,1,1,1,1
sample_13375,aws_keypair,T2.2,multi_encoding,3,yaml,1,1,1,1,1
sample_13376,aws_keypair,T2.2,multi_encoding,3,yaml,1,1,1,1,1
sample_13377,aws_keypair,T2.2,multi_encoding,3,yaml,1,1,1,1,1
sample_13378,aws_keypair,T2.2,multi_encoding,3,yaml,1,1,1,1,1
sample_13379,aws_keypair,T2.2,multi_encoding,3,yaml,0,1,0,1,1
sample_13380,aws_keypair,T2.2,multi_encoding,3,yaml,1,1,1,1,1
sample_13381,aws_keypair,T2.3,multi_encoding,2,python,0,1,0,1,0
sample_13382,aws_keypair,T2.3,multi_encoding,2,python,0,1,0,1,0
sample_13383,aws_keypair,T2.3,multi_encoding,2,python,0,1,0,1,0
sample_13384,aws_keypair,T2.3,multi_encoding,2,python,0,1,0,1,0
sample_13385,aws_keypair,T2.3,multi_encoding,2,python,0,1,0,1,0
sample_13386,aws_keypair,T2.3,multi_encoding,2,python,0,1,0,1,0
sample_13387,aws_keypair,T2.3,multi_encoding,2,python,1,1,1,1,0
sample_13388,aws_keypair,T2.3,multi_encoding,2,python,0,1,0,1,0
sample_13389,aws_keypair,T2.3,multi_encoding,2,python,0,1,0,1,0
sample_13390,aws_keypair,T2.3,multi_encoding,2,python,0,1,0,1,0
sample_13391,aws_keypair,T2.3,multi_encoding,2,python,0,1,0,1,0
sample_13392,aws_keypair,T2.3,multi_encoding,2,python,0,1,0,1,0
sample_13393,aws_keypair,T2.3,multi_encoding,2,python,0,1,0,1,0
sample_13394,aws_keypair,T2.3,multi_encoding,2,python,0,1,0,1,0
sample_13395,aws_keypair,T2.3,multi_encoding,2,python,0,1,0,1,0
sample_13396,aws_keypair,T2.3,multi_encoding,2,python,0,1,0,1,0
sample_13397,aws_keypair,T2.3,multi_encoding,2,python,0,1,0,1,0
sample_13398,aws_keypair,T2.3,multi_encoding,2,python,0,1,0,1,0
sample_13399,aws_keypair,T2.3,multi_encoding,2,python,1,1,1,1,0
sample_13400,aws_keypair,T2.3,multi_encoding,2,python,0,1,0,1,0
sample_13401,aws_keypair,T2.3,multi_encoding,2,python,0,1,0,1,0
sample_13402,aws_keypair,T2.3,multi_encoding,2,python,0,1,0,1,0
sample_13403,aws_keypair,T2.3,multi_encoding,2,python,0,1,0,1,0
sample_13404,aws_keypair,T2.3,multi_encoding,2,python,0,1,0,1,0
sample_13405,aws_keypair,T2.3,multi_encoding,2,python,0,1,0,1,0
sample_13406,aws_keypair,T2.3,multi_encoding,2,python,0,1,0,1,0
sample_13407,aws_keypair,T2.3,multi_encoding,2,python,0,1,0,1,0
sample_13408,aws_keypair,T2.3,multi_encoding,2,python,0,1,0,1,0
sample_13409,aws_keypair,T2.3,multi_encoding,2,python,0,1,0,1,0
sample_13410,aws_keypair,T2.3,multi_encoding,2,python,0,1,0,1,0
sample_13411,aws_keypair,T2.3,multi_encoding,2,dotenv,1,1,1,1,0
sample_13412,aws_keypair,T2.3,multi_encoding,2,dotenv,0,1,0,1,0
sample_13413,aws_keypair,T2.3,multi_encoding,2,dotenv,0,1,0,1,0
sample_13414,aws_keypair,T2.3,multi_encoding,2,dotenv,0,1,0,1,0
sample_13415,aws_keypair,T2.3,multi_encoding,2,dotenv,1,1,1,1,0
sample_13416,aws_keypair,T2.3,multi_encoding,2,dotenv,0,1,0,1,0
sample_13417,aws_keypair,T2.3,multi_encoding,2,dotenv,1,1,1,1,0
sample_13418,aws_keypair,T2.3,multi_encoding,2,dotenv,0,1,0,0,0
sample_13419,aws_keypair,T2.3,multi_encoding,2,dotenv,0,1,0,1,0
sample_13420,aws_keypair,T2.3,multi_encoding,2,dotenv,0,1,0,1,0
sample_13421,aws_keypair,T2.3,multi_encoding,2,dotenv,0,1,0,1,0
sample_13422,aws_keypair,T2.3,multi_encoding,2,dotenv,0,1,0,1,0
sample_13423,aws_keypair,T2.3,multi_encoding,2,dotenv,0,1,0,1,0
sample_13424,aws_keypair,T2.3,multi_encoding,2,dotenv,0,1,0,1,0
sample_13425,aws_keypair,T2.3,multi_encoding,2,dotenv,0,1,0,1,0
sample_13426,aws_keypair,T2.3,multi_encoding,2,dotenv,0,1,0,1,0
sample_13427,aws_keypair,T2.3,multi_encoding,2,dotenv,0,1,0,1,0
sample_13428,aws_keypair,T2.3,multi_encoding,2,dotenv,0,1,0,1,0
sample_13429,aws_keypair,T2.3,multi_encoding,2,dotenv,0,1,0,1,0
sample_13430,aws_keypair,T2.3,multi_encoding,2,dotenv,0,1,0,1,0
sample_13431,aws_keypair,T2.3,multi_encoding,2,dotenv,1,1,1,1,0
sample_13432,aws_keypair,T2.3,multi_encoding,2,dotenv,0,1,0,1,0
sample_13433,aws_keypair,T2.3,multi_encoding,2,dotenv,0,1,0,1,0
sample_13434,aws_keypair,T2.3,multi_encoding,2,dotenv,0,1,0,1,0
sample_13435,aws_keypair,T2.3,multi_encoding,2,dotenv,0,1,0,1,0
sample_13436,aws_keypair,T2.3,multi_encoding,2,dotenv,0,1,0,1,0
sample_13437,aws_keypair,T2.3,multi_encoding,2,dotenv,0,1,0,1,0
sample_13438,aws_keypair,T2.3,multi_encoding,2,dotenv,0,1,0,1,0
sample_13439,aws_keypair,T2.3,multi_encoding,2,dotenv,0,1,0,1,0
sample_13440,aws_keypair,T2.3,multi_encoding,2,dotenv,1,1,1,1,0
sample_13441,aws_keypair,T2.3,multi_encoding,2,yaml,0,1,0,1,0
sample_13442,aws_keypair,T2.3,multi_encoding,2,yaml,0,1,0,1,0
sample_13443,aws_keypair,T2.3,multi_encoding,2,yaml,0,1,0,1,0
sample_13444,aws_keypair,T2.3,multi_encoding,2,yaml,0,1,0,1,0
sample_13445,aws_keypair,T2.3,multi_encoding,2,yaml,0,1,0,1,0
sample_13446,aws_keypair,T2.3,multi_encoding,2,yaml,0,1,0,1,0
sample_13447,aws_keypair,T2.3,multi_encoding,2,yaml,0,1,0,1,0
sample_13448,aws_keypair,T2.3,multi_encoding,2,yaml,0,1,0,1,0
sample_13449,aws_keypair,T2.3,multi_encoding,2,yaml,0,1,0,1,0
sample_13450,aws_keypair,T2.3,multi_encoding,2,yaml,0,1,0,1,0
sample_13451,aws_keypair,T2.3,multi_encoding,2,yaml,0,1,0,1,0
sample_13452,aws_keypair,T2.3,multi_encoding,2,yaml,0,1,0,1,0
sample_13453,aws_keypair,T2.3,multi_encoding,2,yaml,0,1,0,1,0
sample_13454,aws_keypair,T2.3,multi_encoding,2,yaml,0,1,0,1,0
sample_13455,aws_keypair,T2.3,multi_encoding,2,yaml,0,1,0,1,0
sample_13456,aws_keypair,T2.3,multi_encoding,2,yaml,1,1,1,1,0
sample_13457,aws_keypair,T2.3,multi_encoding,2,yaml,0,1,0,1,0
sample_13458,aws_keypair,T2.3,multi_encoding,2,yaml,0,1,0,1,0
sample_13459,aws_keypair,T2.3,multi_encoding,2,yaml,1,1,1,1,0
sample_13460,aws_keypair,T2.3,multi_encoding,2,yaml,0,1,0,1,0
sample_13461,aws_keypair,T2.3,multi_encoding,2,yaml,0,1,0,1,0
sample_13462,aws_keypair,T2.3,multi_encoding,2,yaml,0,1,0,1,0
sample_13463,aws_keypair,T2.3,multi_encoding,2,yaml,0,1,0,1,0
sample_13464,aws_keypair,T2.3,multi_encoding,2,yaml,0,1,0,1,0
sample_13465,aws_keypair,T2.3,multi_encoding,2,yaml,0,1,0,1,0
sample_13466,aws_keypair,T2.3,multi_encoding,2,yaml,0,1,0,1,0
sample_13467,aws_keypair,T2.3,multi_encoding,2,yaml,0,1,0,1,0
sample_13468,aws_keypair,T2.3,multi_encoding,2,yaml,1,1,1,1,0
sample_13469,aws_keypair,T2.3,multi_encoding,2,yaml,0,1,0,1,0
sample_13470,aws_keypair,T2.3,multi_encoding,2,yaml,0,1,0,1,0
sample_13471,aws_keypair,T3.1,splitting,1,python,0,0,0,0,0
sample_13472,aws_keypair,T3.1,splitting,1,python,0,0,0,0,0
sample_13473,aws_keypair,T3.1,splitting,1,python,0,0,0,0,0
sample_13474,aws_keypair,T3.1,splitting,1,python,0,0,0,0,0
sample_13475,aws_keypair,T3.1,splitting,1,python,0,0,0,0,0
sample_13476,aws_keypair,T3.1,splitting,1,python,0,0,0,0,0
sample_13477,aws_keypair,T3.1,splitting,1,python,0,0,0,0,0
sample_13478,aws_keypair,T3.1,splitting,1,python,0,0,0,0,0
sample_13479,aws_keypair,T3.1,splitting,1,python,0,0,0,0,0
sample_13480,aws_keypair,T3.1,splitting,1,python,0,0,0,0,0
sample_13481,aws_keypair,T3.1,splitting,1,python,0,0,0,0,0
sample_13482,aws_keypair,T3.1,splitting,1,python,1,1,1,1,0
sample_13483,aws_keypair,T3.1,splitting,1,python,0,0,0,0,0
sample_13484,aws_keypair,T3.1,splitting,1,python,0,0,0,0,0
sample_13485,aws_keypair,T3.1,splitting,1,python,1,1,1,1,0
sample_13486,aws_keypair,T3.1,splitting,1,python,0,0,0,0,0
sample_13487,aws_keypair,T3.1,splitting,1,python,0,0,0,0,0
sample_13488,aws_keypair,T3.1,splitting,1,python,0,0,0,0,0
sample_13489,aws_keypair,T3.1,splitting,1,python,0,0,0,0,0
sample_13490,aws_keypair,T3.1,splitting,1,python,0,0,0,0,0
sample_13491,aws_keypair,T3.1,splitting,1,python,0,0,0,0,0
sample_13492,aws_keypair,T3.1,splitting,1,python,0,0,0,0,0
sample_13493,aws_keypair,T3.1,splitting,1,python,0,0,0,0,0
sample_13494,aws_keypair,T3.1,splitting,1,python,1,1,1,1,0
sample_13495,aws_keypair,T3.1,splitting,1,python,0,0,0,0,0
sample_13496,aws_keypair,T3.1,splitting,1,python,0,0,0,0,0
sample_13497,aws_keypair,T3.1,splitting,1,python,0,0,0,0,0
sample_13498,aws_keypair,T3.1,splitting,1,python,0,0,0,0,0
sample_13499,aws_keypair,T3.1,splitting,1,python,0,0,0,0,0
sample_13500,aws_keypair,T3.1,splitting,1,python,0,0,0,0,0
sample_13501,aws_keypair,T3.2,splitting,1,python,0,0,0,0,0
sample_13502,aws_keypair,T3.2,splitting,1,python,0,0,0,0,0
sample_13503,aws_keypair,T3.2,splitting,1,python,0,0,0,0,0
sample_13504,aws_keypair,T3.2,splitting,1,python,0,0,0,0,0
sample_13505,aws_keypair,T3.2,splitting,1,python,0,0,0,0,0
sample_13506,aws_keypair,T3.2,splitting,1,python,0,0,0,0,0
sample_13507,aws_keypair,T3.2,splitting,1,python,0,0,0,0,0
sample_13508,aws_keypair,T3.2,splitting,1,python,0,0,0,0,0
sample_13509,aws_keypair,T3.2,splitting,1,python,0,0,0,0,0
sample_13510,aws_keypair,T3.2,splitting,1,python,0,0,0,0,0
sample_13511,aws_keypair,T3.2,splitting,1,python,0,0,0,0,0
sample_13512,aws_keypair,T3.2,splitting,1,python,0,0,0,0,0
sample_13513,aws_keypair,T3.2,splitting,1,python,0,0,0,0,0
sample_13514,aws_keypair,T3.2,splitting,1,python,0,0,0,0,0
sample_13515,aws_keypair,T3.2,splitting,1,python,0,0,0,0,0
sample_13516,aws_keypair,T3.2,splitting,1,python,0,0,0,0,0
sample_13517,aws_keypair,T3.2,splitting,1,python,0,0,0,0,0
sample_13518,aws_keypair,T3.2,splitting,1,python,0,0,0,0,0
sample_13519,aws_keypair,T3.2,splitting,1,python,0,0,0,0,0
sample_13520,aws_keypair,T3.2,splitting,1,python,0,0,0,0,0
sample_13521,aws_keypair,T3.2,splitting,1,python,0,0,0,0,0
sample_13522,aws_keypair,T3.2,splitting,1,python,0,0,0,0,0
sample_13523,aws_keypair,T3.2,splitting,1,python,0,0,0,0,0
sample_13524,aws_keypair,T3.2,splitting,1,python,0,0,0,0,0
sample_13525,aws_keypair,T3.2,splitting,1,python,0,0,0,0,0
sample_13526,aws_keypair,T3.2,splitting,1,python,0,0,0,0,0
sample_13527,aws_keypair,T3.2,splitting,1,python,0,0,0,0,0
sample_13528,aws_keypair,T3.2,splitting,1,python,0,0,0,0,0
sample_13529,aws_keypair,T3.2,splitting,1,python,0,0,0,0,0
sample_13530,aws_keypair,T3.2,splitting,1,python,0,0,0,0,0
sample_13531,aws_keypair,T3.3,splitting,1,python,0,0,0,0,0
sample_13532,aws_keypair,T3.3,splitting,1,python,0,0,0,0,0
sample_13533,aws_keypair,T3.3,splitting,1,python,0,0,0,0,0
sample_13534,aws_keypair,T3.3,splitting,1,python,0,0,0,0,0
sample_13535,aws_keypair,T3.3,splitting,1,python,0,0,0,0,0
sample_13536,aws_keypair,T3.3,splitting,1,python,0,0,0,0,0
sample_13537,aws_keypair,T3.3,splitting,1,python,0,0,0,0,0
sample_13538,aws_keypair,T3.3,splitting,1,python,0,0,0,0,0
sample_13539,aws_keypair,T3.3,splitting,1,python,0,0,0,0,0
sample_13540,aws_keypair,T3.3,splitting,1,python,0,0,0,0,0
sample_13541,aws_keypair,T3.3,splitting,1,python,0,0,0,0,0
sample_13542,aws_keypair,T3.3,splitting,1,python,0,0,0,0,0
sample_13543,aws_keypair,T3.3,splitting,1,python,0,0,0,0,0
sample_13544,aws_keypair,T3.3,splitting,1,python,0,0,0,0,0
sample_13545,aws_keypair,T3.3,splitting,1,python,0,0,0,0,0
sample_13546,aws_keypair,T3.3,splitting,1,python,0,0,0,0,0
sample_13547,aws_keypair,T3.3,splitting,1,python,0,0,0,0,0
sample_13548,aws_keypair,T3.3,splitting,1,python,0,0,0,0,0
sample_13549,aws_keypair,T3.3,splitting,1,python,0,0,0,0,0
sample_13550,aws_keypair,T3.3,splitting,1,python,0,0,0,0,0
sample_13551,aws_keypair,T3.3,splitting,1,python,0,0,0,0,0
sample_13552,aws_keypair,T3.3,splitting,1,python,0,0,0,0,0
sample_13553,aws_keypair,T3.3,splitting,1,python,0,0,0,0,0
sample_13554,aws_keypair,T3.3,splitting,1,python,0,0,0,0,0
sample_13555,aws_keypair,T3.3,splitting,1,python,0,0,0,0,0
sample_13556,aws_keypair,T3.3,splitting,1,python,0,0,0,0,0
sample_13557,aws_keypair,T3.3,splitting,1,python,0,0,0,0,0
sample_13558,aws_keypair,T3.3,splitting,1,python,0,0,0,0,0
sample_13559,aws_keypair,T3.3,splitting,1,python,0,0,0,0,0
sample_13560,aws_keypair,T3.3,splitting,1,python,0,0,0,0,0
sample_13561,aws_keypair,T3.4,splitting,1,python,0,0,0,0,0
sample_13562,aws_keypair,T3.4,splitting,1,python,0,0,0,0,0
sample_13563,aws_keypair,T3.4,splitting,1,python,0,0,0,0,0
sample_13564,aws_keypair,T3.4,splitting,1,python,0,0,0,0,0
sample_13565,aws_keypair,T3.4,splitting,1,python,0,0,0,0,0
sample_13566,aws_keypair,T3.4,splitting,1,python,0,0,0,0,0
sample_13567,aws_keypair,T3.4,splitting,1,python,0,0,0,0,0
sample_13568,aws_keypair,T3.4,splitting,1,python,0,0,0,0,0
sample_13569,aws_keypair,T3.4,splitting,1,python,0,0,0,0,0
sample_13570,aws_keypair,T3.4,splitting,1,python,0,0,0,0,0
sample_13571,aws_keypair,T3.4,splitting,1,python,0,0,0,0,0
sample_13572,aws_keypair,T3.4,splitting,1,python,0,0,0,0,0
sample_13573,aws_keypair,T3.4,splitting,1,python,0,0,0,0,0
sample_13574,aws_keypair,T3.4,splitting,1,python,0,0,0,0,0
sample_13575,aws_keypair,T3.4,splitting,1,python,0,0,0,0,0
sample_13576,aws_keypair,T3.4,splitting,1,python,0,0,0,0,0
sample_13577,aws_keypair,T3.4,splitting,1,python,0,0,0,0,0
sample_13578,aws_keypair,T3.4,splitting,1,python,0,0,0,0,0
sample_13579,aws_keypair,T3.4,splitting,1,python,0,0,0,0,0
sample_13580,aws_keypair,T3.4,splitting,1,python,0,0,0,0,0
sample_13581,aws_keypair,T3.4,splitting,1,python,0,0,0,0,0
sample_13582,aws_keypair,T3.4,splitting,1,python,0,0,0,0,0
sample_13583,aws_keypair,T3.4,splitting,1,python,0,0,0,0,0
sample_13584,aws_keypair,T3.4,splitting,1,python,0,0,0,0,0
sample_13585,aws_keypair,T3.4,splitting,1,python,0,0,0,0,0
sample_13586,aws_keypair,T3.4,splitting,1,python,0,0,0,0,0
sample_13587,aws_keypair,T3.4,splitting,1,python,0,0,0,0,0
sample_13588,aws_keypair,T3.4,splitting,1,python,0,0,0,0,0
sample_13589,aws_keypair,T3.4,splitting,1,python,0,0,0,0,0
sample_13590,aws_keypair,T3.4,splitting,1,python,0,0,0,0,0
sample_13591,aws_keypair,T3.5,splitting,1,python,0,0,0,0,0
sample_13592,aws_keypair,T3.5,splitting,1,python,0,0,0,0,0
sample_13593,aws_keypair,T3.5,splitting,1,python,0,0,0,0,0
sample_13594,aws_keypair,T3.5,splitting,1,python,0,0,0,0,0
sample_13595,aws_keypair,T3.5,splitting,1,python,0,0,0,0,0
sample_13596,aws_keypair,T3.5,splitting,1,python,0,0,0,0,0
sample_13597,aws_keypair,T3.5,splitting,1,python,0,0,0,0,0
sample_13598,aws_keypair,T3.5,splitting,1,python,0,0,0,0,0
sample_13599,aws_keypair,T3.5,splitting,1,python,0,0,0,0,0
sample_13600,aws_keypair,T3.5,splitting,1,python,0,0,0,0,0
sample_13601,aws_keypair,T3.5,splitting,1,python,0,0,0,0,0
sample_13602,aws_keypair,T3.5,splitting,1,python,0,0,0,0,0
sample_13603,aws_keypair,T3.5,splitting,1,python,0,0,0,0,0
sample_13604,aws_keypair,T3.5,splitting,1,python,0,0,0,0,0
sample_13605,aws_keypair,T3.5,splitting,1,python,0,0,0,0,0
sample_13606,aws_keypair,T3.5,splitting,1,python,0,0,0,0,0
sample_13607,aws_keypair,T3.5,splitting,1,python,0,0,0,0,0
sample_13608,aws_keypair,T3.5,splitting,1,python,0,0,0,0,0
sample_13609,aws_keypair,T3.5,splitting,1,python,0,0,0,0,0
sample_13610,aws_keypair,T3.5,splitting,1,python,0,0,0,0,0
sample_13611,aws_keypair,T3.5,splitting,1,python,0,0,0,0,0
sample_13612,aws_keypair,T3.5,splitting,1,python,0,0,0,0,0
sample_13613,aws_keypair,T3.5,splitting,1,python,0,0,0,0,0
sample_13614,aws_keypair,T3.5,splitting,1,python,0,0,0,0,0
sample_13615,aws_keypair,T3.5,splitting,1,python,0,0,0,0,0
sample_13616,aws_keypair,T3.5,splitting,1,python,0,0,0,0,0
sample_13617,aws_keypair,T3.5,splitting,1,python,0,0,0,0,0
sample_13618,aws_keypair,T3.5,splitting,1,python,0,0,0,0,0
sample_13619,aws_keypair,T3.5,splitting,1,python,0,0,0,0,0
sample_13620,aws_keypair,T3.5,splitting,1,python,0,0,0,0,0
sample_13621,aws_keypair,T4.3,char_format,1,python,0,0,0,0,0
sample_13622,aws_keypair,T4.3,char_format,1,python,0,0,0,0,0
sample_13623,aws_keypair,T4.3,char_format,1,python,0,0,0,0,0
sample_13624,aws_keypair,T4.3,char_format,1,python,0,0,0,0,0
sample_13625,aws_keypair,T4.3,char_format,1,python,0,0,0,0,0
sample_13626,aws_keypair,T4.3,char_format,1,python,0,0,0,0,0
sample_13627,aws_keypair,T4.3,char_format,1,python,0,0,0,0,0
sample_13628,aws_keypair,T4.3,char_format,1,python,0,0,0,0,0
sample_13629,aws_keypair,T4.3,char_format,1,python,0,0,0,0,0
sample_13630,aws_keypair,T4.3,char_format,1,python,0,0,0,0,0
sample_13631,aws_keypair,T4.3,char_format,1,python,0,0,0,0,0
sample_13632,aws_keypair,T4.3,char_format,1,python,0,0,0,0,0
sample_13633,aws_keypair,T4.3,char_format,1,python,0,0,0,0,0
sample_13634,aws_keypair,T4.3,char_format,1,python,0,0,0,0,0
sample_13635,aws_keypair,T4.3,char_format,1,python,0,0,0,0,0
sample_13636,aws_keypair,T4.3,char_format,1,python,0,0,0,0,0
sample_13637,aws_keypair,T4.3,char_format,1,python,0,0,0,0,0
sample_13638,aws_keypair,T4.3,char_format,1,python,0,0,0,0,0
sample_13639,aws_keypair,T4.3,char_format,1,python,0,0,0,0,0
sample_13640,aws_keypair,T4.3,char_format,1,python,0,0,0,0,0
sample_13641,aws_keypair,T4.3,char_format,1,python,0,0,0,0,0
sample_13642,aws_keypair,T4.3,char_format,1,python,0,0,0,0,0
sample_13643,aws_keypair,T4.3,char_format,1,python,0,0,0,0,0
sample_13644,aws_keypair,T4.3,char_format,1,python,0,0,0,0,0
sample_13645,aws_keypair,T4.3,char_format,1,python,0,0,0,0,0
sample_13646,aws_keypair,T4.3,char_format,1,python,0,0,0,0,0
sample_13647,aws_keypair,T4.3,char_format,1,python,0,0,0,0,0
sample_13648,aws_keypair,T4.3,char_format,1,python,0,0,0,0,0
sample_13649,aws_keypair,T4.3,char_format,1,python,0,0,0,0,0
sample_13650,aws_keypair,T4.3,char_format,1,python,0,0,0,0,0
sample_13651,aws_keypair,T4.5,char_format,1,python,0,0,0,0,0
sample_13652,aws_keypair,T4.5,char_format,1,python,0,0,0,0,0
sample_13653,aws_keypair,T4.5,char_format,1,python,0,0,0,0,0
sample_13654,aws_keypair,T4.5,char_format,1,python,0,0,0,0,0
sample_13655,aws_keypair,T4.5,char_format,1,python,0,0,0,0,0
sample_13656,aws_keypair,T4.5,char_format,1,python,0,0,0,0,0
sample_13657,aws_keypair,T4.5,char_format,1,python,0,0,0,0,0
sample_13658,aws_keypair,T4.5,char_format,1,python,0,0,0,0,0
sample_13659,aws_keypair,T4.5,char_format,1,python,0,0,0,0,0
sample_13660,aws_keypair,T4.5,char_format,1,python,0,0,0,0,0
sample_13661,aws_keypair,T4.5,char_format,1,python,0,0,0,0,0
sample_13662,aws_keypair,T4.5,char_format,1,python,0,0,0,0,0
sample_13663,aws_keypair,T4.5,char_format,1,python,0,0,0,0,0
sample_13664,aws_keypair,T4.5,char_format,1,python,0,0,0,0,0
sample_13665,aws_keypair,T4.5,char_format,1,python,0,0,0,0,0
sample_13666,aws_keypair,T4.5,char_format,1,python,0,0,0,0,0
sample_13667,aws_keypair,T4.5,char_format,1,python,0,0,0,0,0
sample_13668,aws_keypair,T4.5,char_format,1,python,0,0,0,0,0
sample_13669,aws_keypair,T4.5,char_format,1,python,0,0,0,0,0
sample_13670,aws_keypair,T4.5,char_format,1,python,0,0,0,0,0
sample_13671,aws_keypair,T4.5,char_format,1,python,0,0,0,0,0
sample_13672,aws_keypair,T4.5,char_format,1,python,0,0,0,0,0
sample_13673,aws_keypair,T4.5,char_format,1,python,0,0,0,0,0
sample_13674,aws_keypair,T4.5,char_format,1,python,0,0,0,0,0
sample_13675,aws_keypair,T4.5,char_format,1,python,0,0,0,0,0
sample_13676,aws_keypair,T4.5,char_format,1,python,0,0,0,0,0
sample_13677,aws_keypair,T4.5,char_format,1,python,0,0,0,0,0
sample_13678,aws_keypair,T4.5,char_format,1,python,0,0,0,0,0
sample_13679,aws_keypair,T4.5,char_format,1,python,0,0,0,0,0
sample_13680,aws_keypair,T4.5,char_format,1,python,0,0,0,0,0
sample_13681,aws_keypair,T4.5,char_format,1,dotenv,0,0,0,0,0
sample_13682,aws_keypair,T4.5,char_format,1,dotenv,0,0,0,0,0
sample_13683,aws_keypair,T4.5,char_format,1,dotenv,0,0,0,0,0
sample_13684,aws_keypair,T4.5,char_format,1,dotenv,0,0,0,0,0
sample_13685,aws_keypair,T4.5,char_format,1,dotenv,0,0,0,0,0
sample_13686,aws_keypair,T4.5,char_format,1,dotenv,0,0,0,0,0
sample_13687,aws_keypair,T4.5,char_format,1,dotenv,0,0,0,0,0
sample_13688,aws_keypair,T4.5,char_format,1,dotenv,0,0,0,0,0
sample_13689,aws_keypair,T4.5,char_format,1,dotenv,0,0,0,0,0
sample_13690,aws_keypair,T4.5,char_format,1,dotenv,0,0,0,0,0
sample_13691,aws_keypair,T4.5,char_format,1,dotenv,0,0,0,0,0
sample_13692,aws_keypair,T4.5,char_format,1,dotenv,0,0,0,0,0
sample_13693,aws_keypair,T4.5,char_format,1,dotenv,0,0,0,0,0
sample_13694,aws_keypair,T4.5,char_format,1,dotenv,0,0,0,0,0
sample_13695,aws_keypair,T4.5,char_format,1,dotenv,0,0,0,0,0
sample_13696,aws_keypair,T4.5,char_format,1,dotenv,0,0,0,0,0
sample_13697,aws_keypair,T4.5,char_format,1,dotenv,0,0,0,0,0
sample_13698,aws_keypair,T4.5,char_format,1,dotenv,0,0,0,0,0
sample_13699,aws_keypair,T4.5,char_format,1,dotenv,0,0,0,0,0
sample_13700,aws_keypair,T4.5,char_format,1,dotenv,0,0,0,0,0
sample_13701,aws_keypair,T4.5,char_format,1,dotenv,0,0,0,0,0
sample_13702,aws_keypair,T4.5,char_format,1,dotenv,0,0,0,0,0
sample_13703,aws_keypair,T4.5,char_format,1,dotenv,0,0,0,0,0
sample_13704,aws_keypair,T4.5,char_format,1,dotenv,0,0,0,0,0
sample_13705,aws_keypair,T4.5,char_format,1,dotenv,0,0,0,0,0
sample_13706,aws_keypair,T4.5,char_format,1,dotenv,0,0,0,0,0
sample_13707,aws_keypair,T4.5,char_format,1,dotenv,0,0,0,0,0
sample_13708,aws_keypair,T4.5,char_format,1,dotenv,0,0,0,0,0
sample_13709,aws_keypair,T4.5,char_format,1,dotenv,0,0,0,0,0
sample_13710,aws_keypair,T4.5,char_format,1,dotenv,0,0,0,0,0
sample_13711,aws_keypair,T4.5,char_format,1,yaml,0,0,0,0,0
sample_13712,aws_keypair,T4.5,char_format,1,yaml,0,0,0,0,0
sample_13713,aws_keypair,T4.5,char_format,1,yaml,0,0,0,0,0
sample_13714,aws_keypair,T4.5,char_format,1,yaml,0,0,0,0,0
sample_13715,aws_keypair,T4.5,char_format,1,yaml,0,0,0,0,0
sample_13716,aws_keypair,T4.5,char_format,1,yaml,0,0,0,0,0
sample_13717,aws_keypair,T4.5,char_format,1,yaml,0,0,0,0,0
sample_13718,aws_keypair,T4.5,char_format,1,yaml,0,0,0,0,0
sample_13719,aws_keypair,T4.5,char_format,1,yaml,0,0,0,0,0
sample_13720,aws_keypair,T4.5,char_format,1,yaml,0,0,0,0,0
sample_13721,aws_keypair,T4.5,char_format,1,yaml,0,0,0,0,0
sample_13722,aws_keypair,T4.5,char_format,1,yaml,0,0,0,0,0
sample_13723,aws_keypair,T4.5,char_format,1,yaml,0,0,0,0,0
sample_13724,aws_keypair,T4.5,char_format,1,yaml,0,0,0,0,0
sample_13725,aws_keypair,T4.5,char_format,1,yaml,0,0,0,0,0
sample_13726,aws_keypair,T4.5,char_format,1,yaml,0,0,0,0,0
sample_13727,aws_keypair,T4.5,char_format,1,yaml,0,0,0,0,0
sample_13728,aws_keypair,T4.5,char_format,1,yaml,0,0,0,0,0
sample_13729,aws_keypair,T4.5,char_format,1,yaml,0,0,0,0,0
sample_13730,aws_keypair,T4.5,char_format,1,yaml,0,0,0,0,0
sample_13731,aws_keypair,T4.5,char_format,1,yaml,0,0,0,0,0
sample_13732,aws_keypair,T4.5,char_format,1,yaml,0,0,0,0,0
sample_13733,aws_keypair,T4.5,char_format,1,yaml,0,0,0,0,0
sample_13734,aws_keypair,T4.5,char_format,1,yaml,0,0,0,0,0
sample_13735,aws_keypair,T4.5,char_format,1,yaml,0,0,0,0,0
sample_13736,aws_keypair,T4.5,char_format,1,yaml,0,0,0,0,0
sample_13737,aws_keypair,T4.5,char_format,1,yaml,0,0,0,0,0
sample_13738,aws_keypair,T4.5,char_format,1,yaml,0,0,0,0,0
sample_13739,aws_keypair,T4.5,char_format,1,yaml,0,0,0,0,0
sample_13740,aws_keypair,T4.5,char_format,1,yaml,0,0,0,0,0
sample_13741,aws_keypair,T5.1,indirection,1,python,1,1,1,1,0
sample_13742,aws_keypair,T5.1,indirection,1,python,1,1,1,1,0
sample_13743,aws_keypair,T5.1,indirection,1,python,1,1,1,1,0
sample_13744,aws_keypair,T5.1,indirection,1,python,1,1,1,1,0
sample_13745,aws_keypair,T5.1,indirection,1,python,1,1,1,1,0
sample_13746,aws_keypair,T5.1,indirection,1,python,1,1,1,1,0
sample_13747,aws_keypair,T5.1,indirection,1,python,1,1,1,1,0
sample_13748,aws_keypair,T5.1,indirection,1,python,1,1,1,1,0
sample_13749,aws_keypair,T5.1,indirection,1,python,1,1,1,1,0
sample_13750,aws_keypair,T5.1,indirection,1,python,1,1,1,1,0
sample_13751,aws_keypair,T5.1,indirection,1,python,1,1,1,1,0
sample_13752,aws_keypair,T5.1,indirection,1,python,1,1,1,1,0
sample_13753,aws_keypair,T5.1,indirection,1,python,1,1,1,1,0
sample_13754,aws_keypair,T5.1,indirection,1,python,1,1,1,1,0
sample_13755,aws_keypair,T5.1,indirection,1,python,1,1,1,1,0
sample_13756,aws_keypair,T5.1,indirection,1,python,1,1,1,1,0
sample_13757,aws_keypair,T5.1,indirection,1,python,1,1,1,1,0
sample_13758,aws_keypair,T5.1,indirection,1,python,1,1,1,1,0
sample_13759,aws_keypair,T5.1,indirection,1,python,1,1,1,1,0
sample_13760,aws_keypair,T5.1,indirection,1,python,1,1,1,1,0
sample_13761,aws_keypair,T5.1,indirection,1,python,1,1,1,1,0
sample_13762,aws_keypair,T5.1,indirection,1,python,0,0,0,0,0
sample_13763,aws_keypair,T5.1,indirection,1,python,1,1,1,1,0
sample_13764,aws_keypair,T5.1,indirection,1,python,1,1,1,1,0
sample_13765,aws_keypair,T5.1,indirection,1,python,1,1,1,1,0
sample_13766,aws_keypair,T5.1,indirection,1,python,1,1,1,1,0
sample_13767,aws_keypair,T5.1,indirection,1,python,1,1,1,1,0
sample_13768,aws_keypair,T5.1,indirection,1,python,1,1,1,1,0
sample_13769,aws_keypair,T5.1,indirection,1,python,1,1,1,1,0
sample_13770,aws_keypair,T5.1,indirection,1,python,1,1,1,1,0
sample_13771,aws_keypair,T5.2,indirection,1,python,0,0,0,0,0
sample_13772,aws_keypair,T5.2,indirection,1,python,0,0,0,0,0
sample_13773,aws_keypair,T5.2,indirection,1,python,0,0,0,0,0
sample_13774,aws_keypair,T5.2,indirection,1,python,0,0,0,0,0
sample_13775,aws_keypair,T5.2,indirection,1,python,0,0,0,0,0
sample_13776,aws_keypair,T5.2,indirection,1,python,0,0,0,0,0
sample_13777,aws_keypair,T5.2,indirection,1,python,0,0,0,0,0
sample_13778,aws_keypair,T5.2,indirection,1,python,0,0,0,0,0
sample_13779,aws_keypair,T5.2,indirection,1,python,0,0,0,0,0
sample_13780,aws_keypair,T5.2,indirection,1,python,0,0,0,0,0
sample_13781,aws_keypair,T5.2,indirection,1,python,0,0,0,0,0
sample_13782,aws_keypair,T5.2,indirection,1,python,0,0,0,0,0
sample_13783,aws_keypair,T5.2,indirection,1,python,0,0,0,0,0
sample_13784,aws_keypair,T5.2,indirection,1,python,0,0,0,0,0
sample_13785,aws_keypair,T5.2,indirection,1,python,0,0,0,0,0
sample_13786,aws_keypair,T5.2,indirection,1,python,0,0,0,0,0
sample_13787,aws_keypair,T5.2,indirection,1,python,0,0,0,0,0
sample_13788,aws_keypair,T5.2,indirection,1,python,0,0,0,0,0
sample_13789,aws_keypair,T5.2,indirection,1,python,0,0,0,0,0
sample_13790,aws_keypair,T5.2,indirection,1,python,0,0,0,0,0
sample_13791,aws_keypair,T5.2,indirection,1,python,0,0,0,0,0
sample_13792,aws_keypair,T5.2,indirection,1,python,0,0,0,0,0
sample_13793,aws_keypair,T5.2,indirection,1,python,0,0,0,0,0
sample_13794,aws_keypair,T5.2,indirection,1,python,0,0,0,0,0
sample_13795,aws_keypair,T5.2,indirection,1,python,0,0,0,0,0
sample_13796,aws_keypair,T5.2,indirection,1,python,0,0,0,0,0
sample_13797,aws_keypair,T5.2,indirection,1,python,0,0,0,0,0
sample_13798,aws_keypair,T5.2,indirection,1,python,0,0,0,0,0
sample_13799,aws_keypair,T5.2,indirection,1,python,0,0,0,0,0
sample_13800,aws_keypair,T5.2,indirection,1,python,0,0,0,0,0
sample_13801,aws_keypair,T6.1,contextual,1,python,0,0,0,0,1
sample_13802,aws_keypair,T6.1,contextual,1,python,0,0,0,0,1
sample_13803,aws_keypair,T6.1,contextual,1,python,0,0,0,0,1
sample_13804,aws_keypair,T6.1,contextual,1,python,0,0,0,0,1
sample_13805,aws_keypair,T6.1,contextual,1,python,0,0,0,0,1
sample_13806,aws_keypair,T6.1,contextual,1,python,0,0,0,0,1
sample_13807,aws_keypair,T6.1,contextual,1,python,0,0,0,0,1
sample_13808,aws_keypair,T6.1,contextual,1,python,0,0,0,0,1
sample_13809,aws_keypair,T6.1,contextual,1,python,0,0,0,0,1
sample_13810,aws_keypair,T6.1,contextual,1,python,1,1,1,1,1
sample_13811,aws_keypair,T6.1,contextual,1,python,1,1,1,1,1
sample_13812,aws_keypair,T6.1,contextual,1,python,0,0,0,0,1
sample_13813,aws_keypair,T6.1,contextual,1,python,0,0,0,0,1
sample_13814,aws_keypair,T6.1,contextual,1,python,1,1,1,1,1
sample_13815,aws_keypair,T6.1,contextual,1,python,0,0,0,0,1
sample_13816,aws_keypair,T6.1,contextual,1,python,0,0,0,0,1
sample_13817,aws_keypair,T6.1,contextual,1,python,1,1,1,1,1
sample_13818,aws_keypair,T6.1,contextual,1,python,0,0,0,0,1
sample_13819,aws_keypair,T6.1,contextual,1,python,0,0,0,0,1
sample_13820,aws_keypair,T6.1,contextual,1,python,0,0,0,0,1
sample_13821,aws_keypair,T6.1,contextual,1,python,0,0,0,0,1
sample_13822,aws_keypair,T6.1,contextual,1,python,1,1,1,1,1
sample_13823,aws_keypair,T6.1,contextual,1,python,0,0,0,0,1
sample_13824,aws_keypair,T6.1,contextual,1,python,0,0,0,0,1
sample_13825,aws_keypair,T6.1,contextual,1,python,0,0,0,0,1
sample_13826,aws_keypair,T6.1,contextual,1,python,0,0,0,0,1
sample_13827,aws_keypair,T6.1,contextual,1,python,0,0,0,0,1
sample_13828,aws_keypair,T6.1,contextual,1,python,0,0,0,0,1
sample_13829,aws_keypair,T6.1,contextual,1,python,0,0,0,0,1
sample_13830,aws_keypair,T6.1,contextual,1,python,0,0,0,0,1
sample_13831,aws_keypair,T6.1,contextual,1,dotenv,1,1,1,1,1
sample_13832,aws_keypair,T6.1,contextual,1,dotenv,0,0,0,0,1
sample_13833,aws_keypair,T6.1,contextual,1,dotenv,0,0,0,0,1
sample_13834,aws_keypair,T6.1,contextual,1,dotenv,0,0,0,0,1
sample_13835,aws_keypair,T6.1,contextual,1,dotenv,1,1,1,1,1
sample_13836,aws_keypair,T6.1,contextual,1,dotenv,0,0,0,0,1
sample_13837,aws_keypair,T6.1,contextual,1,dotenv,0,0,0,0,1
sample_13838,aws_keypair,T6.1,contextual,1,dotenv,0,0,0,0,1
sample_13839,aws_keypair,T6.1,contextual,1,dotenv,1,1,1,1,1
sample_13840,aws_keypair,T6.1,contextual,1,dotenv,0,0,0,0,1
sample_13841,aws_keypair,T6.1,contextual,1,dotenv,0,0,0,0,1
sample_13842,aws_keypair,T6.1,contextual,1,dotenv,0,0,0,0,1
sample_13843,aws_keypair,T6.1,contextual,1,dotenv,0,0,0,0,1
sample_13844,aws_keypair,T6.1,contextual,1,dotenv,0,0,0,0,1
sample_13845,aws_keypair,T6.1,contextual,1,dotenv,1,1,1,1,1
sample_13846,aws_keypair,T6.1,contextual,1,dotenv,0,0,0,0,1
sample_13847,aws_keypair,T6.1,contextual,1,dotenv,0,0,0,0,1
sample_13848,aws_keypair,T6.1,contextual,1,dotenv,0,0,0,0,1
sample_13849,aws_keypair,T6.1,contextual,1,dotenv,0,0,0,0,1
sample_13850,aws_keypair,T6.1,contextual,1,dotenv,0,0,0,0,1
sample_13851,aws_keypair,T6.1,contextual,1,dotenv,0,0,0,0,1
sample_13852,aws_keypair,T6.1,contextual,1,dotenv,0,0,0,0,1
sample_13853,aws_keypair,T6.1,contextual,1,dotenv,0,0,0,0,1
sample_13854,aws_keypair,T6.1,contextual,1,dotenv,0,0,0,0,1
sample_13855,aws_keypair,T6.1,contextual,1,dotenv,1,1,1,1,1
sample_13856,aws_keypair,T6.1,contextual,1,dotenv,1,1,1,1,1
sample_13857,aws_keypair,T6.1,contextual,1,dotenv,0,0,0,0,1
sample_13858,aws_keypair,T6.1,contextual,1,dotenv,0,0,0,0,1
sample_13859,aws_keypair,T6.1,contextual,1,dotenv,0,0,0,0,1
sample_13860,aws_keypair,T6.1,contextual,1,dotenv,0,0,0,0,1
sample_13861,aws_keypair,T6.1,contextual,1,yaml,0,0,0,0,1
sample_13862,aws_keypair,T6.1,contextual,1,yaml,0,0,0,0,1
sample_13863,aws_keypair,T6.1,contextual,1,yaml,0,0,0,0,1
sample_13864,aws_keypair,T6.1,contextual,1,yaml,1,1,1,1,1
sample_13865,aws_keypair,T6.1,contextual,1,yaml,1,1,1,1,1
sample_13866,aws_keypair,T6.1,contextual,1,yaml,0,0,0,0,1
sample_13867,aws_keypair,T6.1,contextual,1,yaml,0,0,0,0,1
sample_13868,aws_keypair,T6.1,contextual,1,yaml,0,0,0,0,1
sample_13869,aws_keypair,T6.1,contextual,1,yaml,0,0,0,0,1
sample_13870,aws_keypair,T6.1,contextual,1,yaml,0,0,0,0,1
sample_13871,aws_keypair,T6.1,contextual,1,yaml,0,0,0,0,1
sample_13872,aws_keypair,T6.1,contextual,1,yaml,1,1,1,1,1
sample_13873,aws_keypair,T6.1,contextual,1,yaml,0,0,0,0,1
sample_13874,aws_keypair,T6.1,contextual,1,yaml,1,1,1,1,1
sample_13875,aws_keypair,T6.1,contextual,1,yaml,0,0,0,0,1
sample_13876,aws_keypair,T6.1,contextual,1,yaml,0,0,0,0,1
sample_13877,aws_keypair,T6.1,contextual,1,yaml,0,0,0,0,1
sample_13878,aws_keypair,T6.1,contextual,1,yaml,0,0,0,0,1
sample_13879,aws_keypair,T6.1,contextual,1,yaml,0,0,0,0,1
sample_13880,aws_keypair,T6.1,contextual,1,yaml,0,0,0,0,1
sample_13881,aws_keypair,T6.1,contextual,1,yaml,0,0,0,0,1
sample_13882,aws_keypair,T6.1,contextual,1,yaml,1,1,1,1,1
sample_13883,aws_keypair,T6.1,contextual,1,yaml,0,0,0,0,1
sample_13884,aws_keypair,T6.1,contextual,1,yaml,0,0,0,0,1
sample_13885,aws_keypair,T6.1,contextual,1,yaml,0,0,0,0,1
sample_13886,aws_keypair,T6.1,contextual,1,yaml,0,0,0,0,1
sample_13887,aws_keypair,T6.1,contextual,1,yaml,0,0,0,0,1
sample_13888,aws_keypair,T6.1,contextual,1,yaml,0,0,0,0,1
sample_13889,aws_keypair,T6.1,contextual,1,yaml,0,0,0,0,1
sample_13890,aws_keypair,T6.1,contextual,1,yaml,0,0,0,0,1
sample_13891,aws_keypair,T6.4,contextual,1,python,0,0,0,0,1
sample_13892,aws_keypair,T6.4,contextual,1,python,0,0,0,0,1
sample_13893,aws_keypair,T6.4,contextual,1,python,0,0,0,0,1
sample_13894,aws_keypair,T6.4,contextual,1,python,0,0,0,0,1
sample_13895,aws_keypair,T6.4,contextual,1,python,0,0,0,0,1
sample_13896,aws_keypair,T6.4,contextual,1,python,1,1,1,1,1
sample_13897,aws_keypair,T6.4,contextual,1,python,1,1,1,1,1
sample_13898,aws_keypair,T6.4,contextual,1,python,1,1,1,1,1
sample_13899,aws_keypair,T6.4,contextual,1,python,0,0,0,0,1
sample_13900,aws_keypair,T6.4,contextual,1,python,0,0,0,0,1
sample_13901,aws_keypair,T6.4,contextual,1,python,0,0,0,0,1
sample_13902,aws_keypair,T6.4,contextual,1,python,0,0,0,0,1
sample_13903,aws_keypair,T6.4,contextual,1,python,0,0,0,0,1
sample_13904,aws_keypair,T6.4,contextual,1,python,0,0,0,0,1
sample_13905,aws_keypair,T6.4,contextual,1,python,1,1,1,1,1
sample_13906,aws_keypair,T6.4,contextual,1,python,1,1,1,1,1
sample_13907,aws_keypair,T6.4,contextual,1,python,0,0,0,0,1
sample_13908,aws_keypair,T6.4,contextual,1,python,0,0,0,0,1
sample_13909,aws_keypair,T6.4,contextual,1,python,1,1,1,1,1
sample_13910,aws_keypair,T6.4,contextual,1,python,1,1,1,1,1
sample_13911,aws_keypair,T6.4,contextual,1,python,0,0,0,0,1
sample_13912,aws_keypair,T6.4,contextual,1,python,0,0,0,0,1
sample_13913,aws_keypair,T6.4,contextual,1,python,0,0,0,0,1
sample_13914,aws_keypair,T6.4,contextual,1,python,0,0,0,0,1
sample_13915,aws_keypair,T6.4,contextual,1,python,0,0,0,0,1
sample_13916,aws_keypair,T6.4,contextual,1,python,0,0,0,0,1
sample_13917,aws_keypair,T6.4,contextual,1,python,1,1,1,1,1
sample_13918,aws_keypair,T6.4,contextual,1,python,0,0,0,0,1
sample_13919,aws_keypair,T6.4,contextual,1,python,0,0,0,0,1
sample_13920,aws_keypair,T6.4,contextual,1,python,0,0,0,0,1
sample_13921,aws_keypair,T6.4,contextual,1,dotenv,0,0,0,0,1
sample_13922,aws_keypair,T6.4,contextual,1,dotenv,0,0,0,0,1
sample_13923,aws_keypair,T6.4,contextual,1,dotenv,0,0,0,0,1
sample_13924,aws_keypair,T6.4,contextual,1,dotenv,0,0,0,0,1
sample_13925,aws_keypair,T6.4,contextual,1,dotenv,0,0,0,0,1
sample_13926,aws_keypair,T6.4,contextual,1,dotenv,0,0,0,0,1
sample_13927,aws_keypair,T6.4,contextual,1,dotenv,0,0,0,0,1
sample_13928,aws_keypair,T6.4,contextual,1,dotenv,0,0,0,0,1
sample_13929,aws_keypair,T6.4,contextual,1,dotenv,1,1,1,1,1
sample_13930,aws_keypair,T6.4,contextual,1,dotenv,1,1,1,1,1
sample_13931,aws_keypair,T6.4,contextual,1,dotenv,1,1,1,1,1
sample_13932,aws_keypair,T6.4,contextual,1,dotenv,0,0,0,0,1
sample_13933,aws_keypair,T6.4,contextual,1,dotenv,0,0,0,0,1
sample_13934,aws_keypair,T6.4,contextual,1,dotenv,0,0,0,0,1
sample_13935,aws_keypair,T6.4,contextual,1,dotenv,0,0,0,0,1
sample_13936,aws_keypair,T6.4,contextual,1,dotenv,0,0,0,0,1
sample_13937,aws_keypair,T6.4,contextual,1,dotenv,0,0,0,0,1
sample_13938,aws_keypair,T6.4,contextual,1,dotenv,0,0,0,0,1
sample_13939,aws_keypair,T6.4,contextual,1,dotenv,0,0,0,0,1
sample_13940,aws_keypair,T6.4,contextual,1,dotenv,0,0,0,0,1
sample_13941,aws_keypair,T6.4,contextual,1,dotenv,0,0,0,0,1
sample_13942,aws_keypair,T6.4,contextual,1,dotenv,0,0,0,0,1
sample_13943,aws_keypair,T6.4,contextual,1,dotenv,0,0,0,0,1
sample_13944,aws_keypair,T6.4,contextual,1,dotenv,0,0,0,0,1
sample_13945,aws_keypair,T6.4,contextual,1,dotenv,0,0,0,0,1
sample_13946,aws_keypair,T6.4,contextual,1,dotenv,0,0,0,0,1
sample_13947,aws_keypair,T6.4,contextual,1,dotenv,0,0,0,0,1
sample_13948,aws_keypair,T6.4,contextual,1,dotenv,1,1,1,1,1
sample_13949,aws_keypair,T6.4,contextual,1,dotenv,0,0,0,0,1
sample_13950,aws_keypair,T6.4,contextual,1,dotenv,0,0,0,0,1
sample_13951,aws_keypair,T6.4,contextual,1,yaml,1,1,1,1,1
sample_13952,aws_keypair,T6.4,contextual,1,yaml,1,1,1,1,1
sample_13953,aws_keypair,T6.4,contextual,1,yaml,0,0,0,0,1
sample_13954,aws_keypair,T6.4,contextual,1,yaml,0,0,0,0,1
sample_13955,aws_keypair,T6.4,contextual,1,yaml,1,1,1,1,1
sample_13956,aws_keypair,T6.4,contextual,1,yaml,0,0,0,0,1
sample_13957,aws_keypair,T6.4,contextual,1,yaml,0,0,0,0,1
sample_13958,aws_keypair,T6.4,contextual,1,yaml,0,0,0,0,1
sample_13959,aws_keypair,T6.4,contextual,1,yaml,0,0,0,0,1
sample_13960,aws_keypair,T6.4,contextual,1,yaml,1,1,1,1,1
sample_13961,aws_keypair,T6.4,contextual,1,yaml,1,1,1,1,1
sample_13962,aws_keypair,T6.4,contextual,1,yaml,0,0,0,0,1
sample_13963,aws_keypair,T6.4,contextual,1,yaml,0,0,0,0,1
sample_13964,aws_keypair,T6.4,contextual,1,yaml,0,0,0,0,1
sample_13965,aws_keypair,T6.4,contextual,1,yaml,1,1,1,1,1
sample_13966,aws_keypair,T6.4,contextual,1,yaml,0,0,0,0,1
sample_13967,aws_keypair,T6.4,contextual,1,yaml,0,0,0,0,1
sample_13968,aws_keypair,T6.4,contextual,1,yaml,0,0,0,0,1
sample_13969,aws_keypair,T6.4,contextual,1,yaml,0,0,0,0,1
sample_13970,aws_keypair,T6.4,contextual,1,yaml,0,0,0,0,1
sample_13971,aws_keypair,T6.4,contextual,1,yaml,0,0,0,0,1
sample_13972,aws_keypair,T6.4,contextual,1,yaml,0,0,0,0,1
sample_13973,aws_keypair,T6.4,contextual,1,yaml,0,0,0,0,1
sample_13974,aws_keypair,T6.4,contextual,1,yaml,0,0,0,0,1
sample_13975,aws_keypair,T6.4,contextual,1,yaml,0,0,0,0,1
sample_13976,aws_keypair,T6.4,contextual,1,yaml,0,0,0,0,1
sample_13977,aws_keypair,T6.4,contextual,1,yaml,0,0,0,0,1
sample_13978,aws_keypair,T6.4,contextual,1,yaml,0,0,0,0,1
sample_13979,aws_keypair,T6.4,contextual,1,yaml,0,0,0,0,1
sample_13980,aws_keypair,T6.4,contextual,1,yaml,0,0,0,0,1
sample_13981,aws_keypair,T7.1,composition,2,python,0,0,0,0,0
sample_13982,aws_keypair,T7.1,composition,2,python,0,0,0,0,0
sample_13983,aws_keypair,T7.1,composition,2,python,0,0,0,0,0
sample_13984,aws_keypair,T7.1,composition,2,python,0,0,0,0,0
sample_13985,aws_keypair,T7.1,composition,2,python,0,0,0,0,0
sample_13986,aws_keypair,T7.1,composition,2,python,0,0,0,0,0
sample_13987,aws_keypair,T7.1,composition,2,python,0,0,0,0,0
sample_13988,aws_keypair,T7.1,composition,2,python,0,0,0,0,0
sample_13989,aws_keypair,T7.1,composition,2,python,0,0,0,0,0
sample_13990,aws_keypair,T7.1,composition,2,python,0,0,0,0,0
sample_13991,aws_keypair,T7.1,composition,2,python,0,0,0,0,0
sample_13992,aws_keypair,T7.1,composition,2,python,0,0,0,0,0
sample_13993,aws_keypair,T7.1,composition,2,python,0,0,0,0,0
sample_13994,aws_keypair,T7.1,composition,2,python,0,0,0,0,0
sample_13995,aws_keypair,T7.1,composition,2,python,0,0,0,0,0
sample_13996,aws_keypair,T7.1,composition,2,python,0,0,0,0,0
sample_13997,aws_keypair,T7.1,composition,2,python,0,0,0,0,0
sample_13998,aws_keypair,T7.1,composition,2,python,0,0,0,0,0
sample_13999,aws_keypair,T7.1,composition,2,python,0,0,0,0,0
sample_14000,aws_keypair,T7.1,composition,2,python,0,0,0,0,0
sample_14001,aws_keypair,T7.1,composition,2,python,0,0,0,0,0
sample_14002,aws_keypair,T7.1,composition,2,python,0,0,0,0,0
sample_14003,aws_keypair,T7.1,composition,2,python,0,0,0,0,0
sample_14004,aws_keypair,T7.1,composition,2,python,0,0,0,0,0
sample_14005,aws_keypair,T7.1,composition,2,python,0,0,0,0,0
sample_14006,aws_keypair,T7.1,composition,2,python,0,0,0,0,0
sample_14007,aws_keypair,T7.1,composition,2,python,0,0,0,0,0
sample_14008,aws_keypair,T7.1,composition,2,python,0,0,0,0,0
sample_14009,aws_keypair,T7.1,composition,2,python,0,0,0,0,0
sample_14010,aws_keypair,T7.1,composition,2,python,0,0,0,0,0
sample_14011,aws_keypair,T7.2,composition,2,python,0,0,0,0,0
sample_14012,aws_keypair,T7.2,composition,2,python,0,0,0,0,0
sample_14013,aws_keypair,T7.2,composition,2,python,0,0,0,0,0
sample_14014,aws_keypair,T7.2,composition,2,python,0,0,0,0,0
sample_14015,aws_keypair,T7.2,composition,2,python,0,0,0,0,0
sample_14016,aws_keypair,T7.2,composition,2,python,0,0,0,0,0
sample_14017,aws_keypair,T7.2,composition,2,python,0,0,0,0,0
sample_14018,aws_keypair,T7.2,composition,2,python,0,0,0,0,0
sample_14019,aws_keypair,T7.2,composition,2,python,0,0,0,0,0
sample_14020,aws_keypair,T7.2,composition,2,python,0,0,0,0,0
sample_14021,aws_keypair,T7.2,composition,2,python,0,0,0,0,0
sample_14022,aws_keypair,T7.2,composition,2,python,0,0,0,0,0
sample_14023,aws_keypair,T7.2,composition,2,python,0,0,0,0,0
sample_14024,aws_keypair,T7.2,composition,2,python,0,0,0,0,0
sample_14025,aws_keypair,T7.2,composition,2,python,0,0,0,0,0
sample_14026,aws_keypair,T7.2,composition,2,python,0,0,0,0,0
sample_14027,aws_keypair,T7.2,composition,2,python,0,0,0,0,0
sample_14028,aws_keypair,T7.2,composition,2,python,0,0,0,0,0
sample_14029,aws_keypair,T7.2,composition,2,python,0,0,0,0,0
sample_14030,aws_keypair,T7.2,composition,2,python,0,0,0,0,0
sample_14031,aws_keypair,T7.2,composition,2,python,0,0,0,0,0
sample_14032,aws_keypair,T7.2,composition,2,python,0,0,0,0,0
sample_14033,aws_keypair,T7.2,composition,2,python,0,0,0,0,0
sample_14034,aws_keypair,T7.2,composition,2,python,0,0,0,0,0
sample_14035,aws_keypair,T7.2,composition,2,python,0,0,0,0,0
sample_14036,aws_keypair,T7.2,composition,2,python,0,0,0,0,0
sample_14037,aws_keypair,T7.2,composition,2,python,0,0,0,0,0
sample_14038,aws_keypair,T7.2,composition,2,python,0,0,0,0,0
sample_14039,aws_keypair,T7.2,composition,2,python,0,0,0,0,0
sample_14040,aws_keypair,T7.2,composition,2,python,0,0,0,0,0
